2025-07-14 17:06:39.629 [main] INFO  M.a.AuthServiceApplication - Starting AuthServiceApplication using Java 17.0.15 with PID 4598 (/home/user/Desktop/MIOSM/auth-service/build/classes/java/main started by user in /home/user/Desktop/MIOSM/auth-service)
2025-07-14 17:06:39.635 [main] INFO  M.a.AuthServiceApplication - No active profile set, falling back to 1 default profile: "default"
2025-07-14 17:06:41.836 [main] INFO  o.s.b.w.e.tomcat.TomcatWebServer - Tomcat initialized with port 8081 (http)
2025-07-14 17:06:41.851 [main] INFO  o.a.coyote.http11.Http11NioProtocol - Initializing ProtocolHandler ["http-nio-8081"]
2025-07-14 17:06:41.853 [main] INFO  o.a.catalina.core.StandardService - Starting service [Tomcat]
2025-07-14 17:06:41.855 [main] INFO  o.a.catalina.core.StandardEngine - Starting Servlet engine: [Apache Tomcat/10.1.42]
2025-07-14 17:06:41.922 [main] INFO  o.a.c.c.C.[Tomcat].[localhost].[/] - Initializing Spring embedded WebApplicationContext
2025-07-14 17:06:41.922 [main] INFO  o.s.b.w.s.c.ServletWebServerApplicationContext - Root WebApplicationContext: initialization completed in 2162 ms
2025-07-14 17:06:43.000 [main] INFO  o.a.coyote.http11.Http11NioProtocol - Starting ProtocolHandler ["http-nio-8081"]
2025-07-14 17:06:43.029 [main] INFO  o.s.b.w.e.tomcat.TomcatWebServer - Tomcat started on port 8081 (http) with context path '/'
2025-07-14 17:06:43.050 [main] INFO  M.a.AuthServiceApplication - Started AuthServiceApplication in 5.194 seconds (process running for 6.76)
2025-07-14 17:09:59.247 [http-nio-8081-exec-3] INFO  o.a.c.c.C.[Tomcat].[localhost].[/] - Initializing Spring DispatcherServlet 'dispatcherServlet'
2025-07-14 17:09:59.248 [http-nio-8081-exec-3] INFO  o.s.web.servlet.DispatcherServlet - Initializing Servlet 'dispatcherServlet'
2025-07-14 17:09:59.249 [http-nio-8081-exec-3] INFO  o.s.web.servlet.DispatcherServlet - Completed initialization in 1 ms
2025-07-14 17:16:17.810 [SpringApplicationShutdownHook] INFO  o.s.b.w.e.tomcat.GracefulShutdown - Commencing graceful shutdown. Waiting for active requests to complete
2025-07-14 17:16:17.822 [tomcat-shutdown] INFO  o.s.b.w.e.tomcat.GracefulShutdown - Graceful shutdown complete
2025-07-14 17:16:21.904 [main] INFO  M.a.AuthServiceApplication - Starting AuthServiceApplication using Java 17.0.15 with PID 5503 (/home/user/Desktop/MIOSM/auth-service/build/classes/java/main started by user in /home/user/Desktop/MIOSM/auth-service)
2025-07-14 17:16:21.907 [main] INFO  M.a.AuthServiceApplication - No active profile set, falling back to 1 default profile: "default"
2025-07-14 17:16:23.025 [main] INFO  o.s.b.w.e.tomcat.TomcatWebServer - Tomcat initialized with port 8081 (http)
2025-07-14 17:16:23.037 [main] INFO  o.a.coyote.http11.Http11NioProtocol - Initializing ProtocolHandler ["http-nio-8081"]
2025-07-14 17:16:23.038 [main] INFO  o.a.catalina.core.StandardService - Starting service [Tomcat]
2025-07-14 17:16:23.039 [main] INFO  o.a.catalina.core.StandardEngine - Starting Servlet engine: [Apache Tomcat/10.1.42]
2025-07-14 17:16:23.086 [main] INFO  o.a.c.c.C.[Tomcat].[localhost].[/] - Initializing Spring embedded WebApplicationContext
2025-07-14 17:16:23.087 [main] INFO  o.s.b.w.s.c.ServletWebServerApplicationContext - Root WebApplicationContext: initialization completed in 1137 ms
2025-07-14 17:16:24.064 [main] INFO  o.a.coyote.http11.Http11NioProtocol - Starting ProtocolHandler ["http-nio-8081"]
2025-07-14 17:16:24.082 [main] INFO  o.s.b.w.e.tomcat.TomcatWebServer - Tomcat started on port 8081 (http) with context path '/'
2025-07-14 17:16:24.092 [main] INFO  M.a.AuthServiceApplication - Started AuthServiceApplication in 2.837 seconds (process running for 3.823)
2025-07-14 17:17:47.893 [SpringApplicationShutdownHook] INFO  o.s.b.w.e.tomcat.GracefulShutdown - Commencing graceful shutdown. Waiting for active requests to complete
2025-07-14 17:17:47.912 [tomcat-shutdown] INFO  o.s.b.w.e.tomcat.GracefulShutdown - Graceful shutdown complete
2025-07-14 17:17:51.998 [main] INFO  M.a.AuthServiceApplication - Starting AuthServiceApplication using Java 17.0.15 with PID 5701 (/home/user/Desktop/MIOSM/auth-service/build/classes/java/main started by user in /home/user/Desktop/MIOSM/auth-service)
2025-07-14 17:17:52.001 [main] INFO  M.a.AuthServiceApplication - No active profile set, falling back to 1 default profile: "default"
2025-07-14 17:17:53.087 [main] INFO  o.s.b.w.e.tomcat.TomcatWebServer - Tomcat initialized with port 8081 (http)
2025-07-14 17:17:53.098 [main] INFO  o.a.coyote.http11.Http11NioProtocol - Initializing ProtocolHandler ["http-nio-8081"]
2025-07-14 17:17:53.100 [main] INFO  o.a.catalina.core.StandardService - Starting service [Tomcat]
2025-07-14 17:17:53.100 [main] INFO  o.a.catalina.core.StandardEngine - Starting Servlet engine: [Apache Tomcat/10.1.42]
2025-07-14 17:17:53.154 [main] INFO  o.a.c.c.C.[Tomcat].[localhost].[/] - Initializing Spring embedded WebApplicationContext
2025-07-14 17:17:53.154 [main] INFO  o.s.b.w.s.c.ServletWebServerApplicationContext - Root WebApplicationContext: initialization completed in 1111 ms
2025-07-14 17:17:53.983 [main] INFO  o.a.coyote.http11.Http11NioProtocol - Starting ProtocolHandler ["http-nio-8081"]
2025-07-14 17:17:54.000 [main] INFO  o.s.b.w.e.tomcat.TomcatWebServer - Tomcat started on port 8081 (http) with context path '/'
2025-07-14 17:17:54.010 [main] INFO  M.a.AuthServiceApplication - Started AuthServiceApplication in 2.659 seconds (process running for 3.639)
2025-07-14 17:18:54.338 [SpringApplicationShutdownHook] INFO  o.s.b.w.e.tomcat.GracefulShutdown - Commencing graceful shutdown. Waiting for active requests to complete
2025-07-14 17:18:54.348 [tomcat-shutdown] INFO  o.s.b.w.e.tomcat.GracefulShutdown - Graceful shutdown complete
2025-07-14 17:21:03.046 [main] INFO  M.a.AuthServiceApplication - Starting AuthServiceApplication using Java 17.0.15 with PID 6195 (/home/user/Desktop/MIOSM/auth-service/build/classes/java/main started by user in /home/user/Desktop/MIOSM/auth-service)
2025-07-14 17:21:03.233 [main] INFO  M.a.AuthServiceApplication - No active profile set, falling back to 1 default profile: "default"
2025-07-14 18:30:02.503 [main] INFO  M.a.AuthServiceApplication - Starting AuthServiceApplication using Java 17.0.15 with PID 7064 (E:\miosm\auth-service\build\classes\java\main started by admin in E:\miosm\auth-service)
2025-07-14 18:30:02.530 [main] INFO  M.a.AuthServiceApplication - No active profile set, falling back to 1 default profile: "default"
2025-07-14 18:30:04.396 [main] INFO  o.s.cloud.context.scope.GenericScope - BeanFactory id=e5286480-b8ce-3133-9e45-f9e2836384c8
2025-07-14 18:30:04.471 [main] WARN  o.s.c.s.PostProcessorRegistrationDelegate$BeanPostProcessorChecker - Bean 'org.springframework.cloud.client.loadbalancer.reactive.LoadBalancerBeanPostProcessorAutoConfiguration' of type [org.springframework.cloud.client.loadbalancer.reactive.LoadBalancerBeanPostProcessorAutoConfiguration] is not eligible for getting processed by all BeanPostProcessors (for example: not eligible for auto-proxying). The currently created BeanPostProcessor [loadBalancerWebClientBuilderBeanPostProcessor] is declared through a non-static factory method on that class; consider declaring it as static instead.
2025-07-14 18:30:04.475 [main] WARN  o.s.c.s.PostProcessorRegistrationDelegate$BeanPostProcessorChecker - Bean 'org.springframework.cloud.client.loadbalancer.reactive.LoadBalancerBeanPostProcessorAutoConfiguration$ReactorDeferringLoadBalancerFilterConfig' of type [org.springframework.cloud.client.loadbalancer.reactive.LoadBalancerBeanPostProcessorAutoConfiguration$ReactorDeferringLoadBalancerFilterConfig] is not eligible for getting processed by all BeanPostProcessors (for example: not eligible for auto-proxying). Is this bean getting eagerly injected/applied to a currently created BeanPostProcessor [loadBalancerWebClientBuilderBeanPostProcessor]? Check the corresponding BeanPostProcessor declaration and its dependencies/advisors. If this bean does not have to be post-processed, declare it with ROLE_INFRASTRUCTURE.
2025-07-14 18:30:04.478 [main] WARN  o.s.c.s.PostProcessorRegistrationDelegate$BeanPostProcessorChecker - Bean 'reactorDeferringLoadBalancerExchangeFilterFunction' of type [org.springframework.cloud.client.loadbalancer.reactive.DeferringLoadBalancerExchangeFilterFunction] is not eligible for getting processed by all BeanPostProcessors (for example: not eligible for auto-proxying). Is this bean getting eagerly injected/applied to a currently created BeanPostProcessor [loadBalancerWebClientBuilderBeanPostProcessor]? Check the corresponding BeanPostProcessor declaration and its dependencies/advisors. If this bean does not have to be post-processed, declare it with ROLE_INFRASTRUCTURE.
2025-07-14 18:30:04.931 [main] INFO  o.s.b.w.e.tomcat.TomcatWebServer - Tomcat initialized with port 8081 (http)
2025-07-14 18:30:04.949 [main] INFO  o.a.coyote.http11.Http11NioProtocol - Initializing ProtocolHandler ["http-nio-8081"]
2025-07-14 18:30:04.953 [main] INFO  o.a.catalina.core.StandardService - Starting service [Tomcat]
2025-07-14 18:30:04.954 [main] INFO  o.a.catalina.core.StandardEngine - Starting Servlet engine: [Apache Tomcat/10.1.42]
2025-07-14 18:30:05.081 [main] INFO  o.a.c.c.C.[Tomcat].[localhost].[/] - Initializing Spring embedded WebApplicationContext
2025-07-14 18:30:05.082 [main] INFO  o.s.b.w.s.c.ServletWebServerApplicationContext - Root WebApplicationContext: initialization completed in 2462 ms
2025-07-14 18:30:06.735 [main] INFO  o.s.c.n.e.c.DiscoveryClientOptionalArgsConfiguration - Eureka HTTP Client uses RestTemplate.
2025-07-14 18:30:07.041 [main] WARN  o.s.b.w.s.c.AnnotationConfigServletWebServerApplicationContext - Exception encountered during context initialization - cancelling refresh attempt: org.springframework.beans.factory.BeanCreationException: Error creating bean with name 'compositeCompatibilityVerifier' defined in class path resource [org/springframework/cloud/configuration/CompatibilityVerifierAutoConfiguration.class]: Failed to instantiate [org.springframework.cloud.configuration.CompositeCompatibilityVerifier]: Factory method 'compositeCompatibilityVerifier' threw exception with message: Spring Cloud/ Spring Boot version compatibility checks have failed: [[VerificationResult@ac417a2 description = 'Spring Boot [3.5.3] is not compatible with this Spring Cloud release train', action = 'Change Spring Boot version to one of the following versions [3.0.x, 3.1.x] .
You can find the latest Spring Boot versions here [https://spring.io/projects/spring-boot#learn]. 
If you want to learn more about the Spring Cloud Release train compatibility, you can visit this page [https://spring.io/projects/spring-cloud#overview] and check the [Release Trains] section.
If you want to disable this check, just set the property [spring.cloud.compatibility-verifier.enabled=false]']]
2025-07-14 18:30:07.051 [main] INFO  o.a.catalina.core.StandardService - Stopping service [Tomcat]
2025-07-14 18:30:07.092 [main] INFO  o.s.b.a.l.ConditionEvaluationReportLogger - 

Error starting ApplicationContext. To display the condition evaluation report re-run your application with 'debug' enabled.
2025-07-14 18:30:07.133 [main] ERROR o.s.b.d.LoggingFailureAnalysisReporter - 

***************************
APPLICATION FAILED TO START
***************************

Description:

Your project setup is incompatible with our requirements due to following reasons:

- Spring Boot [3.5.3] is not compatible with this Spring Cloud release train


Action:

Consider applying the following actions:

- Change Spring Boot version to one of the following versions [3.0.x, 3.1.x] .
You can find the latest Spring Boot versions here [https://spring.io/projects/spring-boot#learn]. 
If you want to learn more about the Spring Cloud Release train compatibility, you can visit this page [https://spring.io/projects/spring-cloud#overview] and check the [Release Trains] section.
If you want to disable this check, just set the property [spring.cloud.compatibility-verifier.enabled=false]


2025-07-14 18:34:16.357 [main] INFO  M.a.AuthServiceApplication - Starting AuthServiceApplication using Java 17.0.15 with PID 4088 (E:\miosm\auth-service\build\classes\java\main started by admin in E:\miosm\auth-service)
2025-07-14 18:34:16.360 [main] INFO  M.a.AuthServiceApplication - No active profile set, falling back to 1 default profile: "default"
2025-07-14 18:34:17.428 [main] INFO  o.s.cloud.context.scope.GenericScope - BeanFactory id=e5286480-b8ce-3133-9e45-f9e2836384c8
2025-07-14 18:34:17.487 [main] WARN  o.s.c.s.PostProcessorRegistrationDelegate$BeanPostProcessorChecker - Bean 'org.springframework.cloud.client.loadbalancer.reactive.LoadBalancerBeanPostProcessorAutoConfiguration' of type [org.springframework.cloud.client.loadbalancer.reactive.LoadBalancerBeanPostProcessorAutoConfiguration] is not eligible for getting processed by all BeanPostProcessors (for example: not eligible for auto-proxying). The currently created BeanPostProcessor [loadBalancerWebClientBuilderBeanPostProcessor] is declared through a non-static factory method on that class; consider declaring it as static instead.
2025-07-14 18:34:17.491 [main] WARN  o.s.c.s.PostProcessorRegistrationDelegate$BeanPostProcessorChecker - Bean 'org.springframework.cloud.client.loadbalancer.reactive.LoadBalancerBeanPostProcessorAutoConfiguration$ReactorDeferringLoadBalancerFilterConfig' of type [org.springframework.cloud.client.loadbalancer.reactive.LoadBalancerBeanPostProcessorAutoConfiguration$ReactorDeferringLoadBalancerFilterConfig] is not eligible for getting processed by all BeanPostProcessors (for example: not eligible for auto-proxying). Is this bean getting eagerly injected/applied to a currently created BeanPostProcessor [loadBalancerWebClientBuilderBeanPostProcessor]? Check the corresponding BeanPostProcessor declaration and its dependencies/advisors. If this bean does not have to be post-processed, declare it with ROLE_INFRASTRUCTURE.
2025-07-14 18:34:17.495 [main] WARN  o.s.c.s.PostProcessorRegistrationDelegate$BeanPostProcessorChecker - Bean 'reactorDeferringLoadBalancerExchangeFilterFunction' of type [org.springframework.cloud.client.loadbalancer.reactive.DeferringLoadBalancerExchangeFilterFunction] is not eligible for getting processed by all BeanPostProcessors (for example: not eligible for auto-proxying). Is this bean getting eagerly injected/applied to a currently created BeanPostProcessor [loadBalancerWebClientBuilderBeanPostProcessor]? Check the corresponding BeanPostProcessor declaration and its dependencies/advisors. If this bean does not have to be post-processed, declare it with ROLE_INFRASTRUCTURE.
2025-07-14 18:34:17.825 [main] INFO  o.s.b.w.e.tomcat.TomcatWebServer - Tomcat initialized with port 8081 (http)
2025-07-14 18:34:17.838 [main] INFO  o.a.coyote.http11.Http11NioProtocol - Initializing ProtocolHandler ["http-nio-8081"]
2025-07-14 18:34:17.841 [main] INFO  o.a.catalina.core.StandardService - Starting service [Tomcat]
2025-07-14 18:34:17.841 [main] INFO  o.a.catalina.core.StandardEngine - Starting Servlet engine: [Apache Tomcat/10.1.42]
2025-07-14 18:34:17.934 [main] INFO  o.a.c.c.C.[Tomcat].[localhost].[/] - Initializing Spring embedded WebApplicationContext
2025-07-14 18:34:17.936 [main] INFO  o.s.b.w.s.c.ServletWebServerApplicationContext - Root WebApplicationContext: initialization completed in 1521 ms
2025-07-14 18:34:19.252 [main] INFO  o.s.c.n.e.c.DiscoveryClientOptionalArgsConfiguration - Eureka HTTP Client uses RestTemplate.
2025-07-14 18:34:19.469 [main] WARN  o.s.b.w.s.c.AnnotationConfigServletWebServerApplicationContext - Exception encountered during context initialization - cancelling refresh attempt: org.springframework.beans.factory.BeanCreationException: Error creating bean with name 'compositeCompatibilityVerifier' defined in class path resource [org/springframework/cloud/configuration/CompatibilityVerifierAutoConfiguration.class]: Failed to instantiate [org.springframework.cloud.configuration.CompositeCompatibilityVerifier]: Factory method 'compositeCompatibilityVerifier' threw exception with message: Spring Cloud/ Spring Boot version compatibility checks have failed: [[VerificationResult@1de08775 description = 'Spring Boot [3.5.3] is not compatible with this Spring Cloud release train', action = 'Change Spring Boot version to one of the following versions [3.0.x, 3.1.x] .
You can find the latest Spring Boot versions here [https://spring.io/projects/spring-boot#learn]. 
If you want to learn more about the Spring Cloud Release train compatibility, you can visit this page [https://spring.io/projects/spring-cloud#overview] and check the [Release Trains] section.
If you want to disable this check, just set the property [spring.cloud.compatibility-verifier.enabled=false]']]
2025-07-14 18:34:19.475 [main] INFO  o.a.catalina.core.StandardService - Stopping service [Tomcat]
2025-07-14 18:34:19.498 [main] INFO  o.s.b.a.l.ConditionEvaluationReportLogger - 

Error starting ApplicationContext. To display the condition evaluation report re-run your application with 'debug' enabled.
2025-07-14 18:34:19.519 [main] ERROR o.s.b.d.LoggingFailureAnalysisReporter - 

***************************
APPLICATION FAILED TO START
***************************

Description:

Your project setup is incompatible with our requirements due to following reasons:

- Spring Boot [3.5.3] is not compatible with this Spring Cloud release train


Action:

Consider applying the following actions:

- Change Spring Boot version to one of the following versions [3.0.x, 3.1.x] .
You can find the latest Spring Boot versions here [https://spring.io/projects/spring-boot#learn]. 
If you want to learn more about the Spring Cloud Release train compatibility, you can visit this page [https://spring.io/projects/spring-cloud#overview] and check the [Release Trains] section.
If you want to disable this check, just set the property [spring.cloud.compatibility-verifier.enabled=false]


2025-07-14 18:36:48.213 [main] INFO  M.a.AuthServiceApplication - Starting AuthServiceApplication using Java 17.0.15 with PID 3888 (E:\miosm\auth-service\build\classes\java\main started by admin in E:\miosm\auth-service)
2025-07-14 18:36:48.227 [main] INFO  M.a.AuthServiceApplication - No active profile set, falling back to 1 default profile: "default"
2025-07-14 18:36:50.077 [main] INFO  o.s.cloud.context.scope.GenericScope - BeanFactory id=e5286480-b8ce-3133-9e45-f9e2836384c8
2025-07-14 18:36:50.165 [main] WARN  o.s.c.s.PostProcessorRegistrationDelegate$BeanPostProcessorChecker - Bean 'org.springframework.cloud.client.loadbalancer.reactive.LoadBalancerBeanPostProcessorAutoConfiguration' of type [org.springframework.cloud.client.loadbalancer.reactive.LoadBalancerBeanPostProcessorAutoConfiguration] is not eligible for getting processed by all BeanPostProcessors (for example: not eligible for auto-proxying). The currently created BeanPostProcessor [loadBalancerWebClientBuilderBeanPostProcessor] is declared through a non-static factory method on that class; consider declaring it as static instead.
2025-07-14 18:36:50.170 [main] WARN  o.s.c.s.PostProcessorRegistrationDelegate$BeanPostProcessorChecker - Bean 'org.springframework.cloud.client.loadbalancer.reactive.LoadBalancerBeanPostProcessorAutoConfiguration$ReactorDeferringLoadBalancerFilterConfig' of type [org.springframework.cloud.client.loadbalancer.reactive.LoadBalancerBeanPostProcessorAutoConfiguration$ReactorDeferringLoadBalancerFilterConfig] is not eligible for getting processed by all BeanPostProcessors (for example: not eligible for auto-proxying). Is this bean getting eagerly injected/applied to a currently created BeanPostProcessor [loadBalancerWebClientBuilderBeanPostProcessor]? Check the corresponding BeanPostProcessor declaration and its dependencies/advisors. If this bean does not have to be post-processed, declare it with ROLE_INFRASTRUCTURE.
2025-07-14 18:36:50.174 [main] WARN  o.s.c.s.PostProcessorRegistrationDelegate$BeanPostProcessorChecker - Bean 'reactorDeferringLoadBalancerExchangeFilterFunction' of type [org.springframework.cloud.client.loadbalancer.reactive.DeferringLoadBalancerExchangeFilterFunction] is not eligible for getting processed by all BeanPostProcessors (for example: not eligible for auto-proxying). Is this bean getting eagerly injected/applied to a currently created BeanPostProcessor [loadBalancerWebClientBuilderBeanPostProcessor]? Check the corresponding BeanPostProcessor declaration and its dependencies/advisors. If this bean does not have to be post-processed, declare it with ROLE_INFRASTRUCTURE.
2025-07-14 18:36:50.589 [main] INFO  o.s.b.w.e.tomcat.TomcatWebServer - Tomcat initialized with port 8081 (http)
2025-07-14 18:36:50.602 [main] INFO  o.a.coyote.http11.Http11NioProtocol - Initializing ProtocolHandler ["http-nio-8081"]
2025-07-14 18:36:50.605 [main] INFO  o.a.catalina.core.StandardService - Starting service [Tomcat]
2025-07-14 18:36:50.606 [main] INFO  o.a.catalina.core.StandardEngine - Starting Servlet engine: [Apache Tomcat/10.1.42]
2025-07-14 18:36:50.730 [main] INFO  o.a.c.c.C.[Tomcat].[localhost].[/] - Initializing Spring embedded WebApplicationContext
2025-07-14 18:36:50.732 [main] INFO  o.s.b.w.s.c.ServletWebServerApplicationContext - Root WebApplicationContext: initialization completed in 2342 ms
2025-07-14 18:36:53.119 [main] INFO  o.s.c.n.e.c.DiscoveryClientOptionalArgsConfiguration - Eureka HTTP Client uses RestTemplate.
2025-07-14 18:36:53.432 [main] WARN  o.s.b.w.s.c.AnnotationConfigServletWebServerApplicationContext - Exception encountered during context initialization - cancelling refresh attempt: org.springframework.beans.factory.BeanCreationException: Error creating bean with name 'compositeCompatibilityVerifier' defined in class path resource [org/springframework/cloud/configuration/CompatibilityVerifierAutoConfiguration.class]: Failed to instantiate [org.springframework.cloud.configuration.CompositeCompatibilityVerifier]: Factory method 'compositeCompatibilityVerifier' threw exception with message: Spring Cloud/ Spring Boot version compatibility checks have failed: [[VerificationResult@64c95480 description = 'Spring Boot [3.5.3] is not compatible with this Spring Cloud release train', action = 'Change Spring Boot version to one of the following versions [3.0.x, 3.1.x] .
You can find the latest Spring Boot versions here [https://spring.io/projects/spring-boot#learn]. 
If you want to learn more about the Spring Cloud Release train compatibility, you can visit this page [https://spring.io/projects/spring-cloud#overview] and check the [Release Trains] section.
If you want to disable this check, just set the property [spring.cloud.compatibility-verifier.enabled=false]']]
2025-07-14 18:36:53.445 [main] INFO  o.a.catalina.core.StandardService - Stopping service [Tomcat]
2025-07-14 18:36:53.479 [main] INFO  o.s.b.a.l.ConditionEvaluationReportLogger - 

Error starting ApplicationContext. To display the condition evaluation report re-run your application with 'debug' enabled.
2025-07-14 18:36:53.510 [main] ERROR o.s.b.d.LoggingFailureAnalysisReporter - 

***************************
APPLICATION FAILED TO START
***************************

Description:

Your project setup is incompatible with our requirements due to following reasons:

- Spring Boot [3.5.3] is not compatible with this Spring Cloud release train


Action:

Consider applying the following actions:

- Change Spring Boot version to one of the following versions [3.0.x, 3.1.x] .
You can find the latest Spring Boot versions here [https://spring.io/projects/spring-boot#learn]. 
If you want to learn more about the Spring Cloud Release train compatibility, you can visit this page [https://spring.io/projects/spring-cloud#overview] and check the [Release Trains] section.
If you want to disable this check, just set the property [spring.cloud.compatibility-verifier.enabled=false]


2025-07-14 18:38:25.814 [main] INFO  M.a.AuthServiceApplication - Starting AuthServiceApplication using Java 17.0.15 with PID 17804 (E:\miosm\auth-service\build\classes\java\main started by admin in E:\miosm\auth-service)
2025-07-14 18:38:25.817 [main] INFO  M.a.AuthServiceApplication - No active profile set, falling back to 1 default profile: "default"
2025-07-14 18:38:26.857 [main] INFO  o.s.cloud.context.scope.GenericScope - BeanFactory id=e5286480-b8ce-3133-9e45-f9e2836384c8
2025-07-14 18:38:26.916 [main] WARN  o.s.c.s.PostProcessorRegistrationDelegate$BeanPostProcessorChecker - Bean 'org.springframework.cloud.client.loadbalancer.reactive.LoadBalancerBeanPostProcessorAutoConfiguration' of type [org.springframework.cloud.client.loadbalancer.reactive.LoadBalancerBeanPostProcessorAutoConfiguration] is not eligible for getting processed by all BeanPostProcessors (for example: not eligible for auto-proxying). The currently created BeanPostProcessor [loadBalancerWebClientBuilderBeanPostProcessor] is declared through a non-static factory method on that class; consider declaring it as static instead.
2025-07-14 18:38:26.920 [main] WARN  o.s.c.s.PostProcessorRegistrationDelegate$BeanPostProcessorChecker - Bean 'org.springframework.cloud.client.loadbalancer.reactive.LoadBalancerBeanPostProcessorAutoConfiguration$ReactorDeferringLoadBalancerFilterConfig' of type [org.springframework.cloud.client.loadbalancer.reactive.LoadBalancerBeanPostProcessorAutoConfiguration$ReactorDeferringLoadBalancerFilterConfig] is not eligible for getting processed by all BeanPostProcessors (for example: not eligible for auto-proxying). Is this bean getting eagerly injected/applied to a currently created BeanPostProcessor [loadBalancerWebClientBuilderBeanPostProcessor]? Check the corresponding BeanPostProcessor declaration and its dependencies/advisors. If this bean does not have to be post-processed, declare it with ROLE_INFRASTRUCTURE.
2025-07-14 18:38:26.923 [main] WARN  o.s.c.s.PostProcessorRegistrationDelegate$BeanPostProcessorChecker - Bean 'reactorDeferringLoadBalancerExchangeFilterFunction' of type [org.springframework.cloud.client.loadbalancer.reactive.DeferringLoadBalancerExchangeFilterFunction] is not eligible for getting processed by all BeanPostProcessors (for example: not eligible for auto-proxying). Is this bean getting eagerly injected/applied to a currently created BeanPostProcessor [loadBalancerWebClientBuilderBeanPostProcessor]? Check the corresponding BeanPostProcessor declaration and its dependencies/advisors. If this bean does not have to be post-processed, declare it with ROLE_INFRASTRUCTURE.
2025-07-14 18:38:27.224 [main] INFO  o.s.b.w.e.tomcat.TomcatWebServer - Tomcat initialized with port 8081 (http)
2025-07-14 18:38:27.237 [main] INFO  o.a.coyote.http11.Http11NioProtocol - Initializing ProtocolHandler ["http-nio-8081"]
2025-07-14 18:38:27.240 [main] INFO  o.a.catalina.core.StandardService - Starting service [Tomcat]
2025-07-14 18:38:27.240 [main] INFO  o.a.catalina.core.StandardEngine - Starting Servlet engine: [Apache Tomcat/10.1.42]
2025-07-14 18:38:27.331 [main] INFO  o.a.c.c.C.[Tomcat].[localhost].[/] - Initializing Spring embedded WebApplicationContext
2025-07-14 18:38:27.333 [main] INFO  o.s.b.w.s.c.ServletWebServerApplicationContext - Root WebApplicationContext: initialization completed in 1465 ms
2025-07-14 18:38:28.558 [main] INFO  o.s.c.n.e.c.DiscoveryClientOptionalArgsConfiguration - Eureka HTTP Client uses RestTemplate.
2025-07-14 18:38:28.773 [main] WARN  o.s.b.w.s.c.AnnotationConfigServletWebServerApplicationContext - Exception encountered during context initialization - cancelling refresh attempt: org.springframework.beans.factory.BeanCreationException: Error creating bean with name 'compositeCompatibilityVerifier' defined in class path resource [org/springframework/cloud/configuration/CompatibilityVerifierAutoConfiguration.class]: Failed to instantiate [org.springframework.cloud.configuration.CompositeCompatibilityVerifier]: Factory method 'compositeCompatibilityVerifier' threw exception with message: Spring Cloud/ Spring Boot version compatibility checks have failed: [[VerificationResult@2dbf2da description = 'Spring Boot [3.5.3] is not compatible with this Spring Cloud release train', action = 'Change Spring Boot version to one of the following versions [3.0.x, 3.1.x] .
You can find the latest Spring Boot versions here [https://spring.io/projects/spring-boot#learn]. 
If you want to learn more about the Spring Cloud Release train compatibility, you can visit this page [https://spring.io/projects/spring-cloud#overview] and check the [Release Trains] section.
If you want to disable this check, just set the property [spring.cloud.compatibility-verifier.enabled=false]']]
2025-07-14 18:38:28.795 [main] INFO  o.a.catalina.core.StandardService - Stopping service [Tomcat]
2025-07-14 18:38:28.819 [main] INFO  o.s.b.a.l.ConditionEvaluationReportLogger - 

Error starting ApplicationContext. To display the condition evaluation report re-run your application with 'debug' enabled.
2025-07-14 18:38:28.842 [main] ERROR o.s.b.d.LoggingFailureAnalysisReporter - 

***************************
APPLICATION FAILED TO START
***************************

Description:

Your project setup is incompatible with our requirements due to following reasons:

- Spring Boot [3.5.3] is not compatible with this Spring Cloud release train


Action:

Consider applying the following actions:

- Change Spring Boot version to one of the following versions [3.0.x, 3.1.x] .
You can find the latest Spring Boot versions here [https://spring.io/projects/spring-boot#learn]. 
If you want to learn more about the Spring Cloud Release train compatibility, you can visit this page [https://spring.io/projects/spring-cloud#overview] and check the [Release Trains] section.
If you want to disable this check, just set the property [spring.cloud.compatibility-verifier.enabled=false]


2025-07-14 18:41:05.986 [main] INFO  M.a.AuthServiceApplication - Starting AuthServiceApplication using Java 17.0.15 with PID 18792 (E:\miosm\auth-service\build\classes\java\main started by admin in E:\miosm\auth-service)
2025-07-14 18:41:05.994 [main] INFO  M.a.AuthServiceApplication - No active profile set, falling back to 1 default profile: "default"
2025-07-14 18:41:07.518 [main] INFO  o.s.cloud.context.scope.GenericScope - BeanFactory id=d3d6f0d7-ece8-31d6-8fb7-9e2f1616e566
2025-07-14 18:41:07.604 [main] INFO  o.s.c.s.PostProcessorRegistrationDelegate$BeanPostProcessorChecker - Bean 'org.springframework.cloud.client.loadbalancer.reactive.LoadBalancerBeanPostProcessorAutoConfiguration' of type [org.springframework.cloud.client.loadbalancer.reactive.LoadBalancerBeanPostProcessorAutoConfiguration] is not eligible for getting processed by all BeanPostProcessors (for example: not eligible for auto-proxying)
2025-07-14 18:41:07.608 [main] INFO  o.s.c.s.PostProcessorRegistrationDelegate$BeanPostProcessorChecker - Bean 'org.springframework.cloud.client.loadbalancer.reactive.LoadBalancerBeanPostProcessorAutoConfiguration$ReactorDeferringLoadBalancerFilterConfig' of type [org.springframework.cloud.client.loadbalancer.reactive.LoadBalancerBeanPostProcessorAutoConfiguration$ReactorDeferringLoadBalancerFilterConfig] is not eligible for getting processed by all BeanPostProcessors (for example: not eligible for auto-proxying)
2025-07-14 18:41:07.612 [main] INFO  o.s.c.s.PostProcessorRegistrationDelegate$BeanPostProcessorChecker - Bean 'reactorDeferringLoadBalancerExchangeFilterFunction' of type [org.springframework.cloud.client.loadbalancer.reactive.DeferringLoadBalancerExchangeFilterFunction] is not eligible for getting processed by all BeanPostProcessors (for example: not eligible for auto-proxying)
2025-07-14 18:41:08.043 [main] INFO  o.s.b.w.e.tomcat.TomcatWebServer - Tomcat initialized with port(s): 8081 (http)
2025-07-14 18:41:08.055 [main] INFO  o.a.coyote.http11.Http11NioProtocol - Initializing ProtocolHandler ["http-nio-8081"]
2025-07-14 18:41:08.058 [main] INFO  o.a.catalina.core.StandardService - Starting service [Tomcat]
2025-07-14 18:41:08.059 [main] INFO  o.a.catalina.core.StandardEngine - Starting Servlet engine: [Apache Tomcat/10.1.19]
2025-07-14 18:41:08.241 [main] INFO  o.a.c.c.C.[Tomcat].[localhost].[/] - Initializing Spring embedded WebApplicationContext
2025-07-14 18:41:08.243 [main] INFO  o.s.b.w.s.c.ServletWebServerApplicationContext - Root WebApplicationContext: initialization completed in 2168 ms
2025-07-14 18:41:09.376 [main] WARN  o.s.b.a.s.s.UserDetailsServiceAutoConfiguration - 

Using generated security password: 7d464b88-7645-4217-9011-96dbf6722407

This generated password is for development use only. Your security configuration must be updated before running your application in production.

2025-07-14 18:41:09.581 [main] INFO  o.s.s.web.DefaultSecurityFilterChain - Will secure any request with [org.springframework.security.web.session.DisableEncodeUrlFilter@674184d, org.springframework.security.web.context.request.async.WebAsyncManagerIntegrationFilter@3611153f, org.springframework.security.web.context.SecurityContextHolderFilter@5f935d49, org.springframework.security.web.header.HeaderWriterFilter@7d522180, org.springframework.security.web.csrf.CsrfFilter@4ced17f3, org.springframework.security.web.authentication.logout.LogoutFilter@6e321d9d, org.springframework.security.web.authentication.UsernamePasswordAuthenticationFilter@2c0798bd, org.springframework.security.web.authentication.ui.DefaultLoginPageGeneratingFilter@1da745a2, org.springframework.security.web.authentication.ui.DefaultLogoutPageGeneratingFilter@5835e24a, org.springframework.security.web.authentication.www.BasicAuthenticationFilter@2712e8f4, org.springframework.security.web.savedrequest.RequestCacheAwareFilter@3dc46f24, org.springframework.security.web.servletapi.SecurityContextHolderAwareRequestFilter@176333ee, org.springframework.security.web.authentication.AnonymousAuthenticationFilter@5238896f, org.springframework.security.web.access.ExceptionTranslationFilter@7e31062c, org.springframework.security.web.access.intercept.AuthorizationFilter@47eaf55c]
2025-07-14 18:41:09.838 [main] INFO  o.s.c.n.e.c.DiscoveryClientOptionalArgsConfiguration - Eureka HTTP Client uses RestTemplate.
2025-07-14 18:41:10.103 [main] WARN  o.s.c.l.c.LoadBalancerCacheAutoConfiguration$LoadBalancerCaffeineWarnLogger - Spring Cloud LoadBalancer is currently working with the default cache. While this cache implementation is useful for development and tests, it's recommended to use Caffeine cache in production.You can switch to using Caffeine cache, by adding it and org.springframework.cache.caffeine.CaffeineCacheManager to the classpath.
2025-07-14 18:41:10.142 [main] INFO  o.s.c.n.eureka.InstanceInfoFactory - Setting initial instance status as: STARTING
2025-07-14 18:41:10.273 [main] INFO  c.netflix.discovery.DiscoveryClient - Initializing Eureka in region us-east-1
2025-07-14 18:41:10.281 [main] INFO  c.n.d.s.r.aws.ConfigClusterResolver - Resolving eureka endpoints via configuration
2025-07-14 18:41:10.317 [main] INFO  c.netflix.discovery.DiscoveryClient - Disable delta property : false
2025-07-14 18:41:10.317 [main] INFO  c.netflix.discovery.DiscoveryClient - Single vip registry refresh property : null
2025-07-14 18:41:10.317 [main] INFO  c.netflix.discovery.DiscoveryClient - Force full registry fetch : false
2025-07-14 18:41:10.317 [main] INFO  c.netflix.discovery.DiscoveryClient - Application is null : false
2025-07-14 18:41:10.317 [main] INFO  c.netflix.discovery.DiscoveryClient - Registered Applications size is zero : true
2025-07-14 18:41:10.317 [main] INFO  c.netflix.discovery.DiscoveryClient - Application version is -1: true
2025-07-14 18:41:10.317 [main] INFO  c.netflix.discovery.DiscoveryClient - Getting all instance registry info from the eureka server
2025-07-14 18:41:10.990 [main] INFO  c.netflix.discovery.DiscoveryClient - The response status is 200
2025-07-14 18:41:10.994 [main] INFO  c.netflix.discovery.DiscoveryClient - Starting heartbeat executor: renew interval is: 30
2025-07-14 18:41:10.997 [main] INFO  c.n.discovery.InstanceInfoReplicator - InstanceInfoReplicator onDemand update allowed rate per min is 4
2025-07-14 18:41:11.006 [main] INFO  c.netflix.discovery.DiscoveryClient - Discovery Client initialized at timestamp 1752511271004 with initial instances count: 1
2025-07-14 18:41:11.009 [main] INFO  o.s.c.n.e.s.EurekaServiceRegistry - Registering application UNKNOWN with eureka with status UP
2025-07-14 18:41:11.010 [main] INFO  c.netflix.discovery.DiscoveryClient - Saw local status change event StatusChangeEvent [timestamp=1752511271010, current=UP, previous=STARTING]
2025-07-14 18:41:11.014 [DiscoveryClient-InstanceInfoReplicator-0] INFO  c.netflix.discovery.DiscoveryClient - DiscoveryClient_UNKNOWN/192.168.137.1:8081: registering service...
2025-07-14 18:41:11.016 [main] INFO  o.a.coyote.http11.Http11NioProtocol - Starting ProtocolHandler ["http-nio-8081"]
2025-07-14 18:41:11.052 [main] INFO  o.s.b.w.e.tomcat.TomcatWebServer - Tomcat started on port(s): 8081 (http) with context path ''
2025-07-14 18:41:11.053 [main] INFO  o.s.c.n.e.s.EurekaAutoServiceRegistration - Updating port to 8081
2025-07-14 18:41:11.078 [DiscoveryClient-InstanceInfoReplicator-0] INFO  c.netflix.discovery.DiscoveryClient - DiscoveryClient_UNKNOWN/192.168.137.1:8081 - registration status: 204
2025-07-14 18:41:11.217 [main] INFO  M.a.AuthServiceApplication - Started AuthServiceApplication in 6.17 seconds (process running for 6.863)
2025-07-14 18:44:38.584 [main] INFO  M.a.AuthServiceApplication - Starting AuthServiceApplication using Java 17.0.15 with PID 5384 (E:\miosm\auth-service\build\classes\java\main started by admin in E:\miosm\auth-service)
2025-07-14 18:44:38.591 [main] INFO  M.a.AuthServiceApplication - No active profile set, falling back to 1 default profile: "default"
2025-07-14 18:44:40.268 [main] INFO  o.s.cloud.context.scope.GenericScope - BeanFactory id=d3d6f0d7-ece8-31d6-8fb7-9e2f1616e566
2025-07-14 18:44:40.378 [main] INFO  o.s.c.s.PostProcessorRegistrationDelegate$BeanPostProcessorChecker - Bean 'org.springframework.cloud.client.loadbalancer.reactive.LoadBalancerBeanPostProcessorAutoConfiguration' of type [org.springframework.cloud.client.loadbalancer.reactive.LoadBalancerBeanPostProcessorAutoConfiguration] is not eligible for getting processed by all BeanPostProcessors (for example: not eligible for auto-proxying)
2025-07-14 18:44:40.386 [main] INFO  o.s.c.s.PostProcessorRegistrationDelegate$BeanPostProcessorChecker - Bean 'org.springframework.cloud.client.loadbalancer.reactive.LoadBalancerBeanPostProcessorAutoConfiguration$ReactorDeferringLoadBalancerFilterConfig' of type [org.springframework.cloud.client.loadbalancer.reactive.LoadBalancerBeanPostProcessorAutoConfiguration$ReactorDeferringLoadBalancerFilterConfig] is not eligible for getting processed by all BeanPostProcessors (for example: not eligible for auto-proxying)
2025-07-14 18:44:40.391 [main] INFO  o.s.c.s.PostProcessorRegistrationDelegate$BeanPostProcessorChecker - Bean 'reactorDeferringLoadBalancerExchangeFilterFunction' of type [org.springframework.cloud.client.loadbalancer.reactive.DeferringLoadBalancerExchangeFilterFunction] is not eligible for getting processed by all BeanPostProcessors (for example: not eligible for auto-proxying)
2025-07-14 18:44:41.037 [main] INFO  o.s.b.w.e.tomcat.TomcatWebServer - Tomcat initialized with port(s): 8081 (http)
2025-07-14 18:44:41.062 [main] INFO  o.a.coyote.http11.Http11NioProtocol - Initializing ProtocolHandler ["http-nio-8081"]
2025-07-14 18:44:41.067 [main] INFO  o.a.catalina.core.StandardService - Starting service [Tomcat]
2025-07-14 18:44:41.068 [main] INFO  o.a.catalina.core.StandardEngine - Starting Servlet engine: [Apache Tomcat/10.1.19]
2025-07-14 18:44:41.279 [main] INFO  o.a.c.c.C.[Tomcat].[localhost].[/] - Initializing Spring embedded WebApplicationContext
2025-07-14 18:44:41.282 [main] INFO  o.s.b.w.s.c.ServletWebServerApplicationContext - Root WebApplicationContext: initialization completed in 2601 ms
2025-07-14 18:44:42.567 [main] WARN  o.s.b.a.s.s.UserDetailsServiceAutoConfiguration - 

Using generated security password: 95964b5f-df94-47e7-abdf-36b5da210a0d

This generated password is for development use only. Your security configuration must be updated before running your application in production.

2025-07-14 18:44:42.735 [main] INFO  o.s.s.web.DefaultSecurityFilterChain - Will secure any request with [org.springframework.security.web.session.DisableEncodeUrlFilter@d49e8c6, org.springframework.security.web.context.request.async.WebAsyncManagerIntegrationFilter@2712e8f4, org.springframework.security.web.context.SecurityContextHolderFilter@595fed99, org.springframework.security.web.header.HeaderWriterFilter@5c5f0edc, org.springframework.security.web.csrf.CsrfFilter@6bd7439d, org.springframework.security.web.authentication.logout.LogoutFilter@2a2b7a35, org.springframework.security.web.authentication.UsernamePasswordAuthenticationFilter@27d98bef, org.springframework.security.web.authentication.ui.DefaultLoginPageGeneratingFilter@18e6b72b, org.springframework.security.web.authentication.ui.DefaultLogoutPageGeneratingFilter@5896cb9c, org.springframework.security.web.authentication.www.BasicAuthenticationFilter@1fb6b8fb, org.springframework.security.web.savedrequest.RequestCacheAwareFilter@ff03361, org.springframework.security.web.servletapi.SecurityContextHolderAwareRequestFilter@3dc46f24, org.springframework.security.web.authentication.AnonymousAuthenticationFilter@44b9c7c4, org.springframework.security.web.access.ExceptionTranslationFilter@1b1e1f02, org.springframework.security.web.access.intercept.AuthorizationFilter@3cd46491]
2025-07-14 18:44:42.954 [main] INFO  o.s.c.n.e.c.DiscoveryClientOptionalArgsConfiguration - Eureka HTTP Client uses RestTemplate.
2025-07-14 18:44:43.195 [main] WARN  o.s.c.l.c.LoadBalancerCacheAutoConfiguration$LoadBalancerCaffeineWarnLogger - Spring Cloud LoadBalancer is currently working with the default cache. While this cache implementation is useful for development and tests, it's recommended to use Caffeine cache in production.You can switch to using Caffeine cache, by adding it and org.springframework.cache.caffeine.CaffeineCacheManager to the classpath.
2025-07-14 18:44:43.231 [main] INFO  o.s.c.n.eureka.InstanceInfoFactory - Setting initial instance status as: STARTING
2025-07-14 18:44:43.380 [main] INFO  c.netflix.discovery.DiscoveryClient - Initializing Eureka in region us-east-1
2025-07-14 18:44:43.390 [main] INFO  c.n.d.s.r.aws.ConfigClusterResolver - Resolving eureka endpoints via configuration
2025-07-14 18:44:43.427 [main] INFO  c.netflix.discovery.DiscoveryClient - Disable delta property : false
2025-07-14 18:44:43.428 [main] INFO  c.netflix.discovery.DiscoveryClient - Single vip registry refresh property : null
2025-07-14 18:44:43.428 [main] INFO  c.netflix.discovery.DiscoveryClient - Force full registry fetch : false
2025-07-14 18:44:43.428 [main] INFO  c.netflix.discovery.DiscoveryClient - Application is null : false
2025-07-14 18:44:43.428 [main] INFO  c.netflix.discovery.DiscoveryClient - Registered Applications size is zero : true
2025-07-14 18:44:43.428 [main] INFO  c.netflix.discovery.DiscoveryClient - Application version is -1: true
2025-07-14 18:44:43.428 [main] INFO  c.netflix.discovery.DiscoveryClient - Getting all instance registry info from the eureka server
2025-07-14 18:44:44.114 [main] INFO  c.netflix.discovery.DiscoveryClient - The response status is 200
2025-07-14 18:44:44.118 [main] INFO  c.netflix.discovery.DiscoveryClient - Starting heartbeat executor: renew interval is: 30
2025-07-14 18:44:44.122 [main] INFO  c.n.discovery.InstanceInfoReplicator - InstanceInfoReplicator onDemand update allowed rate per min is 4
2025-07-14 18:44:44.132 [main] INFO  c.netflix.discovery.DiscoveryClient - Discovery Client initialized at timestamp 1752511484130 with initial instances count: 2
2025-07-14 18:44:44.135 [main] INFO  o.s.c.n.e.s.EurekaServiceRegistry - Registering application UNKNOWN with eureka with status UP
2025-07-14 18:44:44.135 [main] INFO  c.netflix.discovery.DiscoveryClient - Saw local status change event StatusChangeEvent [timestamp=1752511484135, current=UP, previous=STARTING]
2025-07-14 18:44:44.137 [DiscoveryClient-InstanceInfoReplicator-0] INFO  c.netflix.discovery.DiscoveryClient - DiscoveryClient_UNKNOWN/192.168.137.1:8081: registering service...
2025-07-14 18:44:44.139 [main] INFO  o.a.coyote.http11.Http11NioProtocol - Starting ProtocolHandler ["http-nio-8081"]
2025-07-14 18:44:44.177 [main] INFO  o.s.b.w.e.tomcat.TomcatWebServer - Tomcat started on port(s): 8081 (http) with context path ''
2025-07-14 18:44:44.179 [main] INFO  o.s.c.n.e.s.EurekaAutoServiceRegistration - Updating port to 8081
2025-07-14 18:44:44.219 [DiscoveryClient-InstanceInfoReplicator-0] INFO  c.netflix.discovery.DiscoveryClient - DiscoveryClient_UNKNOWN/192.168.137.1:8081 - registration status: 204
2025-07-14 18:44:44.360 [main] INFO  M.a.AuthServiceApplication - Started AuthServiceApplication in 6.709 seconds (process running for 7.288)
2025-07-14 18:45:49.944 [main] INFO  M.a.AuthServiceApplication - Starting AuthServiceApplication using Java 17.0.15 with PID 14788 (E:\miosm\auth-service\build\classes\java\main started by admin in E:\miosm\auth-service)
2025-07-14 18:45:49.950 [main] INFO  M.a.AuthServiceApplication - No active profile set, falling back to 1 default profile: "default"
2025-07-14 18:45:51.522 [main] INFO  o.s.cloud.context.scope.GenericScope - BeanFactory id=d3d6f0d7-ece8-31d6-8fb7-9e2f1616e566
2025-07-14 18:45:51.626 [main] INFO  o.s.c.s.PostProcessorRegistrationDelegate$BeanPostProcessorChecker - Bean 'org.springframework.cloud.client.loadbalancer.reactive.LoadBalancerBeanPostProcessorAutoConfiguration' of type [org.springframework.cloud.client.loadbalancer.reactive.LoadBalancerBeanPostProcessorAutoConfiguration] is not eligible for getting processed by all BeanPostProcessors (for example: not eligible for auto-proxying)
2025-07-14 18:45:51.631 [main] INFO  o.s.c.s.PostProcessorRegistrationDelegate$BeanPostProcessorChecker - Bean 'org.springframework.cloud.client.loadbalancer.reactive.LoadBalancerBeanPostProcessorAutoConfiguration$ReactorDeferringLoadBalancerFilterConfig' of type [org.springframework.cloud.client.loadbalancer.reactive.LoadBalancerBeanPostProcessorAutoConfiguration$ReactorDeferringLoadBalancerFilterConfig] is not eligible for getting processed by all BeanPostProcessors (for example: not eligible for auto-proxying)
2025-07-14 18:45:51.635 [main] INFO  o.s.c.s.PostProcessorRegistrationDelegate$BeanPostProcessorChecker - Bean 'reactorDeferringLoadBalancerExchangeFilterFunction' of type [org.springframework.cloud.client.loadbalancer.reactive.DeferringLoadBalancerExchangeFilterFunction] is not eligible for getting processed by all BeanPostProcessors (for example: not eligible for auto-proxying)
2025-07-14 18:45:52.127 [main] INFO  o.s.b.w.e.tomcat.TomcatWebServer - Tomcat initialized with port(s): 8081 (http)
2025-07-14 18:45:52.139 [main] INFO  o.a.coyote.http11.Http11NioProtocol - Initializing ProtocolHandler ["http-nio-8081"]
2025-07-14 18:45:52.142 [main] INFO  o.a.catalina.core.StandardService - Starting service [Tomcat]
2025-07-14 18:45:52.142 [main] INFO  o.a.catalina.core.StandardEngine - Starting Servlet engine: [Apache Tomcat/10.1.19]
2025-07-14 18:45:52.301 [main] INFO  o.a.c.c.C.[Tomcat].[localhost].[/] - Initializing Spring embedded WebApplicationContext
2025-07-14 18:45:52.303 [main] INFO  o.s.b.w.s.c.ServletWebServerApplicationContext - Root WebApplicationContext: initialization completed in 2256 ms
2025-07-14 18:45:53.382 [main] WARN  o.s.b.a.s.s.UserDetailsServiceAutoConfiguration - 

Using generated security password: ff0da90e-0b85-46db-8627-9f44b9257d80

This generated password is for development use only. Your security configuration must be updated before running your application in production.

2025-07-14 18:45:53.547 [main] INFO  o.s.s.web.DefaultSecurityFilterChain - Will secure any request with [org.springframework.security.web.session.DisableEncodeUrlFilter@1fb6b8fb, org.springframework.security.web.context.request.async.WebAsyncManagerIntegrationFilter@149d7cc6, org.springframework.security.web.context.SecurityContextHolderFilter@5c5f0edc, org.springframework.security.web.header.HeaderWriterFilter@1bfa5a13, org.springframework.security.web.csrf.CsrfFilter@4a9869a8, org.springframework.security.web.authentication.logout.LogoutFilter@13cc31ae, org.springframework.security.web.authentication.UsernamePasswordAuthenticationFilter@58b97c15, org.springframework.security.web.authentication.ui.DefaultLoginPageGeneratingFilter@3313463c, org.springframework.security.web.authentication.ui.DefaultLogoutPageGeneratingFilter@1a10c47e, org.springframework.security.web.authentication.www.BasicAuthenticationFilter@671d97bc, org.springframework.security.web.savedrequest.RequestCacheAwareFilter@7e31062c, org.springframework.security.web.servletapi.SecurityContextHolderAwareRequestFilter@790654d5, org.springframework.security.web.authentication.AnonymousAuthenticationFilter@d49e8c6, org.springframework.security.web.access.ExceptionTranslationFilter@690df641, org.springframework.security.web.access.intercept.AuthorizationFilter@ee2ae9a]
2025-07-14 18:45:53.836 [main] INFO  o.s.c.n.e.c.DiscoveryClientOptionalArgsConfiguration - Eureka HTTP Client uses RestTemplate.
2025-07-14 18:45:54.129 [main] WARN  o.s.c.l.c.LoadBalancerCacheAutoConfiguration$LoadBalancerCaffeineWarnLogger - Spring Cloud LoadBalancer is currently working with the default cache. While this cache implementation is useful for development and tests, it's recommended to use Caffeine cache in production.You can switch to using Caffeine cache, by adding it and org.springframework.cache.caffeine.CaffeineCacheManager to the classpath.
2025-07-14 18:45:54.167 [main] INFO  o.s.c.n.eureka.InstanceInfoFactory - Setting initial instance status as: STARTING
2025-07-14 18:45:54.312 [main] INFO  c.netflix.discovery.DiscoveryClient - Initializing Eureka in region us-east-1
2025-07-14 18:45:54.320 [main] INFO  c.n.d.s.r.aws.ConfigClusterResolver - Resolving eureka endpoints via configuration
2025-07-14 18:45:54.357 [main] INFO  c.netflix.discovery.DiscoveryClient - Disable delta property : false
2025-07-14 18:45:54.358 [main] INFO  c.netflix.discovery.DiscoveryClient - Single vip registry refresh property : null
2025-07-14 18:45:54.358 [main] INFO  c.netflix.discovery.DiscoveryClient - Force full registry fetch : false
2025-07-14 18:45:54.358 [main] INFO  c.netflix.discovery.DiscoveryClient - Application is null : false
2025-07-14 18:45:54.358 [main] INFO  c.netflix.discovery.DiscoveryClient - Registered Applications size is zero : true
2025-07-14 18:45:54.358 [main] INFO  c.netflix.discovery.DiscoveryClient - Application version is -1: true
2025-07-14 18:45:54.358 [main] INFO  c.netflix.discovery.DiscoveryClient - Getting all instance registry info from the eureka server
2025-07-14 18:45:54.977 [main] INFO  c.netflix.discovery.DiscoveryClient - The response status is 200
2025-07-14 18:45:54.981 [main] INFO  c.netflix.discovery.DiscoveryClient - Starting heartbeat executor: renew interval is: 30
2025-07-14 18:45:54.984 [main] INFO  c.n.discovery.InstanceInfoReplicator - InstanceInfoReplicator onDemand update allowed rate per min is 4
2025-07-14 18:45:54.992 [main] INFO  c.netflix.discovery.DiscoveryClient - Discovery Client initialized at timestamp 1752511554991 with initial instances count: 2
2025-07-14 18:45:54.994 [main] INFO  o.s.c.n.e.s.EurekaServiceRegistry - Registering application UNKNOWN with eureka with status UP
2025-07-14 18:45:54.994 [main] INFO  c.netflix.discovery.DiscoveryClient - Saw local status change event StatusChangeEvent [timestamp=1752511554994, current=UP, previous=STARTING]
2025-07-14 18:45:54.996 [DiscoveryClient-InstanceInfoReplicator-0] INFO  c.netflix.discovery.DiscoveryClient - DiscoveryClient_UNKNOWN/192.168.137.1:8081: registering service...
2025-07-14 18:45:54.997 [main] INFO  o.a.coyote.http11.Http11NioProtocol - Starting ProtocolHandler ["http-nio-8081"]
2025-07-14 18:45:55.037 [main] INFO  o.s.b.w.e.tomcat.TomcatWebServer - Tomcat started on port(s): 8081 (http) with context path ''
2025-07-14 18:45:55.039 [main] INFO  o.s.c.n.e.s.EurekaAutoServiceRegistration - Updating port to 8081
2025-07-14 18:45:55.073 [DiscoveryClient-InstanceInfoReplicator-0] INFO  c.netflix.discovery.DiscoveryClient - DiscoveryClient_UNKNOWN/192.168.137.1:8081 - registration status: 204
2025-07-14 18:45:55.210 [main] INFO  M.a.AuthServiceApplication - Started AuthServiceApplication in 6.202 seconds (process running for 6.925)
2025-07-14 18:47:58.382 [main] INFO  M.a.AuthServiceApplication - Starting AuthServiceApplication using Java 17.0.15 with PID 15796 (E:\miosm\auth-service\build\classes\java\main started by admin in E:\miosm\auth-service)
2025-07-14 18:47:58.386 [main] INFO  M.a.AuthServiceApplication - No active profile set, falling back to 1 default profile: "default"
2025-07-14 18:47:59.521 [main] INFO  o.s.cloud.context.scope.GenericScope - BeanFactory id=d3d6f0d7-ece8-31d6-8fb7-9e2f1616e566
2025-07-14 18:47:59.584 [main] INFO  o.s.c.s.PostProcessorRegistrationDelegate$BeanPostProcessorChecker - Bean 'org.springframework.cloud.client.loadbalancer.reactive.LoadBalancerBeanPostProcessorAutoConfiguration' of type [org.springframework.cloud.client.loadbalancer.reactive.LoadBalancerBeanPostProcessorAutoConfiguration] is not eligible for getting processed by all BeanPostProcessors (for example: not eligible for auto-proxying)
2025-07-14 18:47:59.588 [main] INFO  o.s.c.s.PostProcessorRegistrationDelegate$BeanPostProcessorChecker - Bean 'org.springframework.cloud.client.loadbalancer.reactive.LoadBalancerBeanPostProcessorAutoConfiguration$ReactorDeferringLoadBalancerFilterConfig' of type [org.springframework.cloud.client.loadbalancer.reactive.LoadBalancerBeanPostProcessorAutoConfiguration$ReactorDeferringLoadBalancerFilterConfig] is not eligible for getting processed by all BeanPostProcessors (for example: not eligible for auto-proxying)
2025-07-14 18:47:59.593 [main] INFO  o.s.c.s.PostProcessorRegistrationDelegate$BeanPostProcessorChecker - Bean 'reactorDeferringLoadBalancerExchangeFilterFunction' of type [org.springframework.cloud.client.loadbalancer.reactive.DeferringLoadBalancerExchangeFilterFunction] is not eligible for getting processed by all BeanPostProcessors (for example: not eligible for auto-proxying)
2025-07-14 18:47:59.895 [main] INFO  o.s.b.w.e.tomcat.TomcatWebServer - Tomcat initialized with port(s): 8081 (http)
2025-07-14 18:47:59.904 [main] INFO  o.a.coyote.http11.Http11NioProtocol - Initializing ProtocolHandler ["http-nio-8081"]
2025-07-14 18:47:59.907 [main] INFO  o.a.catalina.core.StandardService - Starting service [Tomcat]
2025-07-14 18:47:59.908 [main] INFO  o.a.catalina.core.StandardEngine - Starting Servlet engine: [Apache Tomcat/10.1.19]
2025-07-14 18:48:00.055 [main] INFO  o.a.c.c.C.[Tomcat].[localhost].[/] - Initializing Spring embedded WebApplicationContext
2025-07-14 18:48:00.057 [main] INFO  o.s.b.w.s.c.ServletWebServerApplicationContext - Root WebApplicationContext: initialization completed in 1618 ms
2025-07-14 18:48:00.862 [main] WARN  o.s.b.a.s.s.UserDetailsServiceAutoConfiguration - 

Using generated security password: 8ae9777c-5d04-467c-bba3-a47dbf7ac1e6

This generated password is for development use only. Your security configuration must be updated before running your application in production.

2025-07-14 18:48:00.993 [main] INFO  o.s.s.web.DefaultSecurityFilterChain - Will secure any request with [org.springframework.security.web.session.DisableEncodeUrlFilter@9c0d0bd, org.springframework.security.web.context.request.async.WebAsyncManagerIntegrationFilter@176333ee, org.springframework.security.web.context.SecurityContextHolderFilter@6a51ae7c, org.springframework.security.web.header.HeaderWriterFilter@315b4202, org.springframework.security.web.csrf.CsrfFilter@34f23816, org.springframework.security.web.authentication.logout.LogoutFilter@6eed46e9, org.springframework.security.web.authentication.UsernamePasswordAuthenticationFilter@1da75dde, org.springframework.security.web.authentication.ui.DefaultLoginPageGeneratingFilter@2c16677c, org.springframework.security.web.authentication.ui.DefaultLogoutPageGeneratingFilter@18e6b72b, org.springframework.security.web.authentication.www.BasicAuthenticationFilter@3dc46f24, org.springframework.security.web.savedrequest.RequestCacheAwareFilter@58739e5e, org.springframework.security.web.servletapi.SecurityContextHolderAwareRequestFilter@6182ffef, org.springframework.security.web.authentication.AnonymousAuthenticationFilter@316d30ad, org.springframework.security.web.access.ExceptionTranslationFilter@36d697ab, org.springframework.security.web.access.intercept.AuthorizationFilter@1b1e1f02]
2025-07-14 18:48:01.156 [main] INFO  o.s.c.n.e.c.DiscoveryClientOptionalArgsConfiguration - Eureka HTTP Client uses RestTemplate.
2025-07-14 18:48:01.361 [main] WARN  o.s.c.l.c.LoadBalancerCacheAutoConfiguration$LoadBalancerCaffeineWarnLogger - Spring Cloud LoadBalancer is currently working with the default cache. While this cache implementation is useful for development and tests, it's recommended to use Caffeine cache in production.You can switch to using Caffeine cache, by adding it and org.springframework.cache.caffeine.CaffeineCacheManager to the classpath.
2025-07-14 18:48:01.389 [main] INFO  o.s.c.n.eureka.InstanceInfoFactory - Setting initial instance status as: STARTING
2025-07-14 18:48:01.493 [main] INFO  c.netflix.discovery.DiscoveryClient - Initializing Eureka in region us-east-1
2025-07-14 18:48:01.500 [main] INFO  c.n.d.s.r.aws.ConfigClusterResolver - Resolving eureka endpoints via configuration
2025-07-14 18:48:01.526 [main] INFO  c.netflix.discovery.DiscoveryClient - Disable delta property : false
2025-07-14 18:48:01.526 [main] INFO  c.netflix.discovery.DiscoveryClient - Single vip registry refresh property : null
2025-07-14 18:48:01.526 [main] INFO  c.netflix.discovery.DiscoveryClient - Force full registry fetch : false
2025-07-14 18:48:01.526 [main] INFO  c.netflix.discovery.DiscoveryClient - Application is null : false
2025-07-14 18:48:01.526 [main] INFO  c.netflix.discovery.DiscoveryClient - Registered Applications size is zero : true
2025-07-14 18:48:01.526 [main] INFO  c.netflix.discovery.DiscoveryClient - Application version is -1: true
2025-07-14 18:48:01.526 [main] INFO  c.netflix.discovery.DiscoveryClient - Getting all instance registry info from the eureka server
2025-07-14 18:48:01.996 [main] INFO  c.netflix.discovery.DiscoveryClient - The response status is 200
2025-07-14 18:48:01.999 [main] INFO  c.netflix.discovery.DiscoveryClient - Starting heartbeat executor: renew interval is: 30
2025-07-14 18:48:02.002 [main] INFO  c.n.discovery.InstanceInfoReplicator - InstanceInfoReplicator onDemand update allowed rate per min is 4
2025-07-14 18:48:02.007 [main] INFO  c.netflix.discovery.DiscoveryClient - Discovery Client initialized at timestamp 1752511682006 with initial instances count: 2
2025-07-14 18:48:02.009 [main] INFO  o.s.c.n.e.s.EurekaServiceRegistry - Registering application UNKNOWN with eureka with status UP
2025-07-14 18:48:02.009 [main] INFO  c.netflix.discovery.DiscoveryClient - Saw local status change event StatusChangeEvent [timestamp=1752511682009, current=UP, previous=STARTING]
2025-07-14 18:48:02.011 [DiscoveryClient-InstanceInfoReplicator-0] INFO  c.netflix.discovery.DiscoveryClient - DiscoveryClient_UNKNOWN/192.168.137.1:8081: registering service...
2025-07-14 18:48:02.012 [main] INFO  o.a.coyote.http11.Http11NioProtocol - Starting ProtocolHandler ["http-nio-8081"]
2025-07-14 18:48:02.040 [main] INFO  o.s.b.w.e.tomcat.TomcatWebServer - Tomcat started on port(s): 8081 (http) with context path ''
2025-07-14 18:48:02.041 [main] INFO  o.s.c.n.e.s.EurekaAutoServiceRegistration - Updating port to 8081
2025-07-14 18:48:02.070 [DiscoveryClient-InstanceInfoReplicator-0] INFO  c.netflix.discovery.DiscoveryClient - DiscoveryClient_UNKNOWN/192.168.137.1:8081 - registration status: 204
2025-07-14 18:48:02.220 [main] INFO  M.a.AuthServiceApplication - Started AuthServiceApplication in 4.622 seconds (process running for 5.117)
2025-07-14 18:50:24.473 [main] INFO  M.a.AuthServiceApplication - Starting AuthServiceApplication using Java 17.0.15 with PID 18864 (E:\miosm\auth-service\build\classes\java\main started by admin in E:\miosm\auth-service)
2025-07-14 18:50:24.477 [main] INFO  M.a.AuthServiceApplication - No active profile set, falling back to 1 default profile: "default"
2025-07-14 18:50:25.449 [main] INFO  o.s.cloud.context.scope.GenericScope - BeanFactory id=d3d6f0d7-ece8-31d6-8fb7-9e2f1616e566
2025-07-14 18:50:25.506 [main] INFO  o.s.c.s.PostProcessorRegistrationDelegate$BeanPostProcessorChecker - Bean 'org.springframework.cloud.client.loadbalancer.reactive.LoadBalancerBeanPostProcessorAutoConfiguration' of type [org.springframework.cloud.client.loadbalancer.reactive.LoadBalancerBeanPostProcessorAutoConfiguration] is not eligible for getting processed by all BeanPostProcessors (for example: not eligible for auto-proxying)
2025-07-14 18:50:25.511 [main] INFO  o.s.c.s.PostProcessorRegistrationDelegate$BeanPostProcessorChecker - Bean 'org.springframework.cloud.client.loadbalancer.reactive.LoadBalancerBeanPostProcessorAutoConfiguration$ReactorDeferringLoadBalancerFilterConfig' of type [org.springframework.cloud.client.loadbalancer.reactive.LoadBalancerBeanPostProcessorAutoConfiguration$ReactorDeferringLoadBalancerFilterConfig] is not eligible for getting processed by all BeanPostProcessors (for example: not eligible for auto-proxying)
2025-07-14 18:50:25.514 [main] INFO  o.s.c.s.PostProcessorRegistrationDelegate$BeanPostProcessorChecker - Bean 'reactorDeferringLoadBalancerExchangeFilterFunction' of type [org.springframework.cloud.client.loadbalancer.reactive.DeferringLoadBalancerExchangeFilterFunction] is not eligible for getting processed by all BeanPostProcessors (for example: not eligible for auto-proxying)
2025-07-14 18:50:25.804 [main] INFO  o.s.b.w.e.tomcat.TomcatWebServer - Tomcat initialized with port(s): 8081 (http)
2025-07-14 18:50:25.813 [main] INFO  o.a.coyote.http11.Http11NioProtocol - Initializing ProtocolHandler ["http-nio-8081"]
2025-07-14 18:50:25.816 [main] INFO  o.a.catalina.core.StandardService - Starting service [Tomcat]
2025-07-14 18:50:25.816 [main] INFO  o.a.catalina.core.StandardEngine - Starting Servlet engine: [Apache Tomcat/10.1.19]
2025-07-14 18:50:25.955 [main] INFO  o.a.c.c.C.[Tomcat].[localhost].[/] - Initializing Spring embedded WebApplicationContext
2025-07-14 18:50:25.957 [main] INFO  o.s.b.w.s.c.ServletWebServerApplicationContext - Root WebApplicationContext: initialization completed in 1423 ms
2025-07-14 18:50:26.757 [main] WARN  o.s.b.a.s.s.UserDetailsServiceAutoConfiguration - 

Using generated security password: 0168c65e-080c-4320-9de9-b37893c194a4

This generated password is for development use only. Your security configuration must be updated before running your application in production.

2025-07-14 18:50:26.881 [main] INFO  o.s.s.web.DefaultSecurityFilterChain - Will secure any request with [org.springframework.security.web.session.DisableEncodeUrlFilter@1da745a2, org.springframework.security.web.context.request.async.WebAsyncManagerIntegrationFilter@4597e6e3, org.springframework.security.web.context.SecurityContextHolderFilter@6182ffef, org.springframework.security.web.header.HeaderWriterFilter@4e2cdc51, org.springframework.security.web.csrf.CsrfFilter@5df92089, org.springframework.security.web.authentication.logout.LogoutFilter@690df641, org.springframework.security.web.authentication.UsernamePasswordAuthenticationFilter@ff03361, org.springframework.security.web.authentication.ui.DefaultLoginPageGeneratingFilter@4a9869a8, org.springframework.security.web.authentication.ui.DefaultLogoutPageGeneratingFilter@41ece227, org.springframework.security.web.authentication.www.BasicAuthenticationFilter@316d30ad, org.springframework.security.web.savedrequest.RequestCacheAwareFilter@2d24cdd9, org.springframework.security.web.servletapi.SecurityContextHolderAwareRequestFilter@27d73d22, org.springframework.security.web.authentication.AnonymousAuthenticationFilter@5e3d2765, org.springframework.security.web.access.ExceptionTranslationFilter@171aa66, org.springframework.security.web.access.intercept.AuthorizationFilter@7d522180]
2025-07-14 18:50:27.041 [main] INFO  o.s.c.n.e.c.DiscoveryClientOptionalArgsConfiguration - Eureka HTTP Client uses RestTemplate.
2025-07-14 18:50:27.246 [main] WARN  o.s.c.l.c.LoadBalancerCacheAutoConfiguration$LoadBalancerCaffeineWarnLogger - Spring Cloud LoadBalancer is currently working with the default cache. While this cache implementation is useful for development and tests, it's recommended to use Caffeine cache in production.You can switch to using Caffeine cache, by adding it and org.springframework.cache.caffeine.CaffeineCacheManager to the classpath.
2025-07-14 18:50:27.272 [main] INFO  o.s.c.n.eureka.InstanceInfoFactory - Setting initial instance status as: STARTING
2025-07-14 18:50:27.365 [main] INFO  c.netflix.discovery.DiscoveryClient - Initializing Eureka in region us-east-1
2025-07-14 18:50:27.373 [main] INFO  c.n.d.s.r.aws.ConfigClusterResolver - Resolving eureka endpoints via configuration
2025-07-14 18:50:27.399 [main] INFO  c.netflix.discovery.DiscoveryClient - Disable delta property : false
2025-07-14 18:50:27.400 [main] INFO  c.netflix.discovery.DiscoveryClient - Single vip registry refresh property : null
2025-07-14 18:50:27.400 [main] INFO  c.netflix.discovery.DiscoveryClient - Force full registry fetch : false
2025-07-14 18:50:27.400 [main] INFO  c.netflix.discovery.DiscoveryClient - Application is null : false
2025-07-14 18:50:27.400 [main] INFO  c.netflix.discovery.DiscoveryClient - Registered Applications size is zero : true
2025-07-14 18:50:27.400 [main] INFO  c.netflix.discovery.DiscoveryClient - Application version is -1: true
2025-07-14 18:50:27.400 [main] INFO  c.netflix.discovery.DiscoveryClient - Getting all instance registry info from the eureka server
2025-07-14 18:50:27.832 [main] INFO  c.netflix.discovery.DiscoveryClient - The response status is 200
2025-07-14 18:50:27.836 [main] INFO  c.netflix.discovery.DiscoveryClient - Starting heartbeat executor: renew interval is: 30
2025-07-14 18:50:27.838 [main] INFO  c.n.discovery.InstanceInfoReplicator - InstanceInfoReplicator onDemand update allowed rate per min is 4
2025-07-14 18:50:27.844 [main] INFO  c.netflix.discovery.DiscoveryClient - Discovery Client initialized at timestamp 1752511827843 with initial instances count: 2
2025-07-14 18:50:27.846 [main] INFO  o.s.c.n.e.s.EurekaServiceRegistry - Registering application UNKNOWN with eureka with status UP
2025-07-14 18:50:27.846 [main] INFO  c.netflix.discovery.DiscoveryClient - Saw local status change event StatusChangeEvent [timestamp=1752511827846, current=UP, previous=STARTING]
2025-07-14 18:50:27.848 [DiscoveryClient-InstanceInfoReplicator-0] INFO  c.netflix.discovery.DiscoveryClient - DiscoveryClient_UNKNOWN/192.168.137.1:8081: registering service...
2025-07-14 18:50:27.849 [main] INFO  o.a.coyote.http11.Http11NioProtocol - Starting ProtocolHandler ["http-nio-8081"]
2025-07-14 18:50:27.873 [main] INFO  o.s.b.w.e.tomcat.TomcatWebServer - Tomcat started on port(s): 8081 (http) with context path ''
2025-07-14 18:50:27.874 [main] INFO  o.s.c.n.e.s.EurekaAutoServiceRegistration - Updating port to 8081
2025-07-14 18:50:27.901 [DiscoveryClient-InstanceInfoReplicator-0] INFO  c.netflix.discovery.DiscoveryClient - DiscoveryClient_UNKNOWN/192.168.137.1:8081 - registration status: 204
2025-07-14 18:50:28.047 [main] INFO  M.a.AuthServiceApplication - Started AuthServiceApplication in 4.347 seconds (process running for 4.817)
2025-07-14 18:51:28.000 [main] INFO  M.a.AuthServiceApplication - Starting AuthServiceApplication using Java 17.0.15 with PID 12224 (E:\miosm\auth-service\build\classes\java\main started by admin in E:\miosm\auth-service)
2025-07-14 18:51:28.007 [main] INFO  M.a.AuthServiceApplication - No active profile set, falling back to 1 default profile: "default"
2025-07-14 18:51:29.603 [main] INFO  o.s.cloud.context.scope.GenericScope - BeanFactory id=d3d6f0d7-ece8-31d6-8fb7-9e2f1616e566
2025-07-14 18:51:29.692 [main] INFO  o.s.c.s.PostProcessorRegistrationDelegate$BeanPostProcessorChecker - Bean 'org.springframework.cloud.client.loadbalancer.reactive.LoadBalancerBeanPostProcessorAutoConfiguration' of type [org.springframework.cloud.client.loadbalancer.reactive.LoadBalancerBeanPostProcessorAutoConfiguration] is not eligible for getting processed by all BeanPostProcessors (for example: not eligible for auto-proxying)
2025-07-14 18:51:29.697 [main] INFO  o.s.c.s.PostProcessorRegistrationDelegate$BeanPostProcessorChecker - Bean 'org.springframework.cloud.client.loadbalancer.reactive.LoadBalancerBeanPostProcessorAutoConfiguration$ReactorDeferringLoadBalancerFilterConfig' of type [org.springframework.cloud.client.loadbalancer.reactive.LoadBalancerBeanPostProcessorAutoConfiguration$ReactorDeferringLoadBalancerFilterConfig] is not eligible for getting processed by all BeanPostProcessors (for example: not eligible for auto-proxying)
2025-07-14 18:51:29.700 [main] INFO  o.s.c.s.PostProcessorRegistrationDelegate$BeanPostProcessorChecker - Bean 'reactorDeferringLoadBalancerExchangeFilterFunction' of type [org.springframework.cloud.client.loadbalancer.reactive.DeferringLoadBalancerExchangeFilterFunction] is not eligible for getting processed by all BeanPostProcessors (for example: not eligible for auto-proxying)
2025-07-14 18:51:30.308 [main] INFO  o.s.b.w.e.tomcat.TomcatWebServer - Tomcat initialized with port(s): 8081 (http)
2025-07-14 18:51:30.319 [main] INFO  o.a.coyote.http11.Http11NioProtocol - Initializing ProtocolHandler ["http-nio-8081"]
2025-07-14 18:51:30.323 [main] INFO  o.a.catalina.core.StandardService - Starting service [Tomcat]
2025-07-14 18:51:30.324 [main] INFO  o.a.catalina.core.StandardEngine - Starting Servlet engine: [Apache Tomcat/10.1.19]
2025-07-14 18:51:30.612 [main] INFO  o.a.c.c.C.[Tomcat].[localhost].[/] - Initializing Spring embedded WebApplicationContext
2025-07-14 18:51:30.614 [main] INFO  o.s.b.w.s.c.ServletWebServerApplicationContext - Root WebApplicationContext: initialization completed in 2509 ms
2025-07-14 18:51:31.675 [main] WARN  o.s.b.a.s.s.UserDetailsServiceAutoConfiguration - 

Using generated security password: fa8e4d20-2ef9-4d00-b749-3cb29047fd2f

This generated password is for development use only. Your security configuration must be updated before running your application in production.

2025-07-14 18:51:31.850 [main] INFO  o.s.s.web.DefaultSecurityFilterChain - Will secure any request with [org.springframework.security.web.session.DisableEncodeUrlFilter@1fb6b8fb, org.springframework.security.web.context.request.async.WebAsyncManagerIntegrationFilter@149d7cc6, org.springframework.security.web.context.SecurityContextHolderFilter@5c5f0edc, org.springframework.security.web.header.HeaderWriterFilter@1bfa5a13, org.springframework.security.web.csrf.CsrfFilter@4a9869a8, org.springframework.security.web.authentication.logout.LogoutFilter@13cc31ae, org.springframework.security.web.authentication.UsernamePasswordAuthenticationFilter@58b97c15, org.springframework.security.web.authentication.ui.DefaultLoginPageGeneratingFilter@3313463c, org.springframework.security.web.authentication.ui.DefaultLogoutPageGeneratingFilter@1a10c47e, org.springframework.security.web.authentication.www.BasicAuthenticationFilter@671d97bc, org.springframework.security.web.savedrequest.RequestCacheAwareFilter@7e31062c, org.springframework.security.web.servletapi.SecurityContextHolderAwareRequestFilter@790654d5, org.springframework.security.web.authentication.AnonymousAuthenticationFilter@d49e8c6, org.springframework.security.web.access.ExceptionTranslationFilter@690df641, org.springframework.security.web.access.intercept.AuthorizationFilter@ee2ae9a]
2025-07-14 18:51:32.076 [main] INFO  o.s.c.n.e.c.DiscoveryClientOptionalArgsConfiguration - Eureka HTTP Client uses RestTemplate.
2025-07-14 18:51:32.332 [main] WARN  o.s.c.l.c.LoadBalancerCacheAutoConfiguration$LoadBalancerCaffeineWarnLogger - Spring Cloud LoadBalancer is currently working with the default cache. While this cache implementation is useful for development and tests, it's recommended to use Caffeine cache in production.You can switch to using Caffeine cache, by adding it and org.springframework.cache.caffeine.CaffeineCacheManager to the classpath.
2025-07-14 18:51:32.370 [main] INFO  o.s.c.n.eureka.InstanceInfoFactory - Setting initial instance status as: STARTING
2025-07-14 18:51:32.565 [main] INFO  c.netflix.discovery.DiscoveryClient - Initializing Eureka in region us-east-1
2025-07-14 18:51:32.576 [main] INFO  c.n.d.s.r.aws.ConfigClusterResolver - Resolving eureka endpoints via configuration
2025-07-14 18:51:32.615 [main] INFO  c.netflix.discovery.DiscoveryClient - Disable delta property : false
2025-07-14 18:51:32.616 [main] INFO  c.netflix.discovery.DiscoveryClient - Single vip registry refresh property : null
2025-07-14 18:51:32.616 [main] INFO  c.netflix.discovery.DiscoveryClient - Force full registry fetch : false
2025-07-14 18:51:32.616 [main] INFO  c.netflix.discovery.DiscoveryClient - Application is null : false
2025-07-14 18:51:32.616 [main] INFO  c.netflix.discovery.DiscoveryClient - Registered Applications size is zero : true
2025-07-14 18:51:32.616 [main] INFO  c.netflix.discovery.DiscoveryClient - Application version is -1: true
2025-07-14 18:51:32.616 [main] INFO  c.netflix.discovery.DiscoveryClient - Getting all instance registry info from the eureka server
2025-07-14 18:51:33.286 [main] INFO  c.netflix.discovery.DiscoveryClient - The response status is 200
2025-07-14 18:51:33.291 [main] INFO  c.netflix.discovery.DiscoveryClient - Starting heartbeat executor: renew interval is: 30
2025-07-14 18:51:33.296 [main] INFO  c.n.discovery.InstanceInfoReplicator - InstanceInfoReplicator onDemand update allowed rate per min is 4
2025-07-14 18:51:33.306 [main] INFO  c.netflix.discovery.DiscoveryClient - Discovery Client initialized at timestamp 1752511893303 with initial instances count: 2
2025-07-14 18:51:33.308 [main] INFO  o.s.c.n.e.s.EurekaServiceRegistry - Registering application UNKNOWN with eureka with status UP
2025-07-14 18:51:33.309 [main] INFO  c.netflix.discovery.DiscoveryClient - Saw local status change event StatusChangeEvent [timestamp=1752511893309, current=UP, previous=STARTING]
2025-07-14 18:51:33.311 [DiscoveryClient-InstanceInfoReplicator-0] INFO  c.netflix.discovery.DiscoveryClient - DiscoveryClient_UNKNOWN/192.168.137.1:8081: registering service...
2025-07-14 18:51:33.313 [main] INFO  o.a.coyote.http11.Http11NioProtocol - Starting ProtocolHandler ["http-nio-8081"]
2025-07-14 18:51:33.355 [main] INFO  o.s.b.w.e.tomcat.TomcatWebServer - Tomcat started on port(s): 8081 (http) with context path ''
2025-07-14 18:51:33.357 [main] INFO  o.s.c.n.e.s.EurekaAutoServiceRegistration - Updating port to 8081
2025-07-14 18:51:33.386 [DiscoveryClient-InstanceInfoReplicator-0] INFO  c.netflix.discovery.DiscoveryClient - DiscoveryClient_UNKNOWN/192.168.137.1:8081 - registration status: 204
2025-07-14 18:51:33.531 [main] INFO  M.a.AuthServiceApplication - Started AuthServiceApplication in 6.505 seconds (process running for 7.121)
2025-07-14 18:52:01.459 [http-nio-8081-exec-2] INFO  o.a.c.c.C.[Tomcat].[localhost].[/] - Initializing Spring DispatcherServlet 'dispatcherServlet'
2025-07-14 18:52:01.459 [http-nio-8081-exec-2] INFO  o.s.web.servlet.DispatcherServlet - Initializing Servlet 'dispatcherServlet'
2025-07-14 18:52:01.460 [http-nio-8081-exec-2] INFO  o.s.web.servlet.DispatcherServlet - Completed initialization in 1 ms
2025-07-14 18:54:10.184 [main] INFO  M.a.AuthServiceApplication - Starting AuthServiceApplication using Java 17.0.15 with PID 13956 (E:\miosm\auth-service\build\classes\java\main started by admin in E:\miosm\auth-service)
2025-07-14 18:54:10.190 [main] INFO  M.a.AuthServiceApplication - No active profile set, falling back to 1 default profile: "default"
2025-07-14 18:54:11.796 [main] INFO  o.s.cloud.context.scope.GenericScope - BeanFactory id=d3d6f0d7-ece8-31d6-8fb7-9e2f1616e566
2025-07-14 18:54:11.887 [main] INFO  o.s.c.s.PostProcessorRegistrationDelegate$BeanPostProcessorChecker - Bean 'org.springframework.cloud.client.loadbalancer.reactive.LoadBalancerBeanPostProcessorAutoConfiguration' of type [org.springframework.cloud.client.loadbalancer.reactive.LoadBalancerBeanPostProcessorAutoConfiguration] is not eligible for getting processed by all BeanPostProcessors (for example: not eligible for auto-proxying)
2025-07-14 18:54:11.896 [main] INFO  o.s.c.s.PostProcessorRegistrationDelegate$BeanPostProcessorChecker - Bean 'org.springframework.cloud.client.loadbalancer.reactive.LoadBalancerBeanPostProcessorAutoConfiguration$ReactorDeferringLoadBalancerFilterConfig' of type [org.springframework.cloud.client.loadbalancer.reactive.LoadBalancerBeanPostProcessorAutoConfiguration$ReactorDeferringLoadBalancerFilterConfig] is not eligible for getting processed by all BeanPostProcessors (for example: not eligible for auto-proxying)
2025-07-14 18:54:11.900 [main] INFO  o.s.c.s.PostProcessorRegistrationDelegate$BeanPostProcessorChecker - Bean 'reactorDeferringLoadBalancerExchangeFilterFunction' of type [org.springframework.cloud.client.loadbalancer.reactive.DeferringLoadBalancerExchangeFilterFunction] is not eligible for getting processed by all BeanPostProcessors (for example: not eligible for auto-proxying)
2025-07-14 18:54:12.384 [main] INFO  o.s.b.w.e.tomcat.TomcatWebServer - Tomcat initialized with port(s): 8081 (http)
2025-07-14 18:54:12.393 [main] INFO  o.a.coyote.http11.Http11NioProtocol - Initializing ProtocolHandler ["http-nio-8081"]
2025-07-14 18:54:12.396 [main] INFO  o.a.catalina.core.StandardService - Starting service [Tomcat]
2025-07-14 18:54:12.397 [main] INFO  o.a.catalina.core.StandardEngine - Starting Servlet engine: [Apache Tomcat/10.1.19]
2025-07-14 18:54:12.570 [main] INFO  o.a.c.c.C.[Tomcat].[localhost].[/] - Initializing Spring embedded WebApplicationContext
2025-07-14 18:54:12.572 [main] INFO  o.s.b.w.s.c.ServletWebServerApplicationContext - Root WebApplicationContext: initialization completed in 2287 ms
2025-07-14 18:54:13.669 [main] WARN  o.s.b.a.s.s.UserDetailsServiceAutoConfiguration - 

Using generated security password: 0b3df69f-6837-43a6-a722-c8a01d8015fe

This generated password is for development use only. Your security configuration must be updated before running your application in production.

2025-07-14 18:54:13.855 [main] INFO  o.s.s.web.DefaultSecurityFilterChain - Will secure any request with [org.springframework.security.web.session.DisableEncodeUrlFilter@2712e8f4, org.springframework.security.web.context.request.async.WebAsyncManagerIntegrationFilter@5896cb9c, org.springframework.security.web.context.SecurityContextHolderFilter@7d522180, org.springframework.security.web.header.HeaderWriterFilter@153cfd86, org.springframework.security.web.csrf.CsrfFilter@628ba266, org.springframework.security.web.authentication.logout.LogoutFilter@58186f9f, org.springframework.security.web.authentication.UsernamePasswordAuthenticationFilter@349312d5, org.springframework.security.web.authentication.ui.DefaultLoginPageGeneratingFilter@316d30ad, org.springframework.security.web.authentication.ui.DefaultLogoutPageGeneratingFilter@44b9c7c4, org.springframework.security.web.authentication.www.BasicAuthenticationFilter@149d7cc6, org.springframework.security.web.savedrequest.RequestCacheAwareFilter@790654d5, org.springframework.security.web.servletapi.SecurityContextHolderAwareRequestFilter@76af34b5, org.springframework.security.web.authentication.AnonymousAuthenticationFilter@674184d, org.springframework.security.web.access.ExceptionTranslationFilter@1da75dde, org.springframework.security.web.access.intercept.AuthorizationFilter@27d98bef]
2025-07-14 18:54:14.083 [main] INFO  o.s.c.n.e.c.DiscoveryClientOptionalArgsConfiguration - Eureka HTTP Client uses RestTemplate.
2025-07-14 18:54:14.384 [main] WARN  o.s.c.l.c.LoadBalancerCacheAutoConfiguration$LoadBalancerCaffeineWarnLogger - Spring Cloud LoadBalancer is currently working with the default cache. While this cache implementation is useful for development and tests, it's recommended to use Caffeine cache in production.You can switch to using Caffeine cache, by adding it and org.springframework.cache.caffeine.CaffeineCacheManager to the classpath.
2025-07-14 18:54:14.417 [main] INFO  o.s.c.n.eureka.InstanceInfoFactory - Setting initial instance status as: STARTING
2025-07-14 18:54:14.552 [main] INFO  c.netflix.discovery.DiscoveryClient - Initializing Eureka in region us-east-1
2025-07-14 18:54:14.564 [main] INFO  c.n.d.s.r.aws.ConfigClusterResolver - Resolving eureka endpoints via configuration
2025-07-14 18:54:14.614 [main] INFO  c.netflix.discovery.DiscoveryClient - Disable delta property : false
2025-07-14 18:54:14.614 [main] INFO  c.netflix.discovery.DiscoveryClient - Single vip registry refresh property : null
2025-07-14 18:54:14.615 [main] INFO  c.netflix.discovery.DiscoveryClient - Force full registry fetch : false
2025-07-14 18:54:14.615 [main] INFO  c.netflix.discovery.DiscoveryClient - Application is null : false
2025-07-14 18:54:14.615 [main] INFO  c.netflix.discovery.DiscoveryClient - Registered Applications size is zero : true
2025-07-14 18:54:14.615 [main] INFO  c.netflix.discovery.DiscoveryClient - Application version is -1: true
2025-07-14 18:54:14.615 [main] INFO  c.netflix.discovery.DiscoveryClient - Getting all instance registry info from the eureka server
2025-07-14 18:54:15.198 [main] INFO  c.netflix.discovery.DiscoveryClient - The response status is 200
2025-07-14 18:54:15.203 [main] INFO  c.netflix.discovery.DiscoveryClient - Starting heartbeat executor: renew interval is: 30
2025-07-14 18:54:15.208 [main] INFO  c.n.discovery.InstanceInfoReplicator - InstanceInfoReplicator onDemand update allowed rate per min is 4
2025-07-14 18:54:15.218 [main] INFO  c.netflix.discovery.DiscoveryClient - Discovery Client initialized at timestamp 1752512055217 with initial instances count: 2
2025-07-14 18:54:15.222 [main] INFO  o.s.c.n.e.s.EurekaServiceRegistry - Registering application UNKNOWN with eureka with status UP
2025-07-14 18:54:15.223 [main] INFO  c.netflix.discovery.DiscoveryClient - Saw local status change event StatusChangeEvent [timestamp=1752512055223, current=UP, previous=STARTING]
2025-07-14 18:54:15.227 [DiscoveryClient-InstanceInfoReplicator-0] INFO  c.netflix.discovery.DiscoveryClient - DiscoveryClient_UNKNOWN/192.168.137.1:8081: registering service...
2025-07-14 18:54:15.233 [main] INFO  o.a.coyote.http11.Http11NioProtocol - Starting ProtocolHandler ["http-nio-8081"]
2025-07-14 18:54:15.274 [main] INFO  o.s.b.w.e.tomcat.TomcatWebServer - Tomcat started on port(s): 8081 (http) with context path ''
2025-07-14 18:54:15.275 [main] INFO  o.s.c.n.e.s.EurekaAutoServiceRegistration - Updating port to 8081
2025-07-14 18:54:15.313 [DiscoveryClient-InstanceInfoReplicator-0] INFO  c.netflix.discovery.DiscoveryClient - DiscoveryClient_UNKNOWN/192.168.137.1:8081 - registration status: 204
2025-07-14 18:54:15.442 [main] INFO  M.a.AuthServiceApplication - Started AuthServiceApplication in 6.188 seconds (process running for 6.77)
2025-07-14 18:54:19.262 [http-nio-8081-exec-2] INFO  o.a.c.c.C.[Tomcat].[localhost].[/] - Initializing Spring DispatcherServlet 'dispatcherServlet'
2025-07-14 18:54:19.263 [http-nio-8081-exec-2] INFO  o.s.web.servlet.DispatcherServlet - Initializing Servlet 'dispatcherServlet'
2025-07-14 18:54:19.264 [http-nio-8081-exec-2] INFO  o.s.web.servlet.DispatcherServlet - Completed initialization in 1 ms
2025-07-14 18:59:14.622 [AsyncResolver-bootstrap-executor-0] INFO  c.n.d.s.r.aws.ConfigClusterResolver - Resolving eureka endpoints via configuration
2025-07-14 19:04:14.631 [AsyncResolver-bootstrap-executor-0] INFO  c.n.d.s.r.aws.ConfigClusterResolver - Resolving eureka endpoints via configuration
2025-07-14 19:04:29.909 [main] INFO  M.a.AuthServiceApplication - Starting AuthServiceApplication using Java 17.0.15 with PID 18724 (E:\miosm\auth-service\build\classes\java\main started by admin in E:\miosm\auth-service)
2025-07-14 19:04:29.916 [main] INFO  M.a.AuthServiceApplication - No active profile set, falling back to 1 default profile: "default"
2025-07-14 19:04:31.926 [main] INFO  o.s.cloud.context.scope.GenericScope - BeanFactory id=d3d6f0d7-ece8-31d6-8fb7-9e2f1616e566
2025-07-14 19:04:32.000 [main] INFO  o.s.c.s.PostProcessorRegistrationDelegate$BeanPostProcessorChecker - Bean 'org.springframework.cloud.client.loadbalancer.reactive.LoadBalancerBeanPostProcessorAutoConfiguration' of type [org.springframework.cloud.client.loadbalancer.reactive.LoadBalancerBeanPostProcessorAutoConfiguration] is not eligible for getting processed by all BeanPostProcessors (for example: not eligible for auto-proxying)
2025-07-14 19:04:32.004 [main] INFO  o.s.c.s.PostProcessorRegistrationDelegate$BeanPostProcessorChecker - Bean 'org.springframework.cloud.client.loadbalancer.reactive.LoadBalancerBeanPostProcessorAutoConfiguration$ReactorDeferringLoadBalancerFilterConfig' of type [org.springframework.cloud.client.loadbalancer.reactive.LoadBalancerBeanPostProcessorAutoConfiguration$ReactorDeferringLoadBalancerFilterConfig] is not eligible for getting processed by all BeanPostProcessors (for example: not eligible for auto-proxying)
2025-07-14 19:04:32.009 [main] INFO  o.s.c.s.PostProcessorRegistrationDelegate$BeanPostProcessorChecker - Bean 'reactorDeferringLoadBalancerExchangeFilterFunction' of type [org.springframework.cloud.client.loadbalancer.reactive.DeferringLoadBalancerExchangeFilterFunction] is not eligible for getting processed by all BeanPostProcessors (for example: not eligible for auto-proxying)
2025-07-14 19:04:32.540 [main] INFO  o.s.b.w.e.tomcat.TomcatWebServer - Tomcat initialized with port(s): 8081 (http)
2025-07-14 19:04:32.549 [main] INFO  o.a.coyote.http11.Http11NioProtocol - Initializing ProtocolHandler ["http-nio-8081"]
2025-07-14 19:04:32.553 [main] INFO  o.a.catalina.core.StandardService - Starting service [Tomcat]
2025-07-14 19:04:32.553 [main] INFO  o.a.catalina.core.StandardEngine - Starting Servlet engine: [Apache Tomcat/10.1.19]
2025-07-14 19:04:32.721 [main] INFO  o.a.c.c.C.[Tomcat].[localhost].[/] - Initializing Spring embedded WebApplicationContext
2025-07-14 19:04:32.723 [main] INFO  o.s.b.w.s.c.ServletWebServerApplicationContext - Root WebApplicationContext: initialization completed in 2684 ms
2025-07-14 19:04:33.883 [main] WARN  o.s.b.a.s.s.UserDetailsServiceAutoConfiguration - 

Using generated security password: 1b4acc13-e96b-4e31-968d-d7b48f16addd

This generated password is for development use only. Your security configuration must be updated before running your application in production.

2025-07-14 19:04:34.058 [main] INFO  o.s.s.web.DefaultSecurityFilterChain - Will secure any request with [org.springframework.security.web.session.DisableEncodeUrlFilter@7bfa1eb5, org.springframework.security.web.context.request.async.WebAsyncManagerIntegrationFilter@32b46831, org.springframework.security.web.context.SecurityContextHolderFilter@15d88c10, org.springframework.security.web.header.HeaderWriterFilter@6eeb29c0, org.springframework.security.web.csrf.CsrfFilter@774f2992, org.springframework.security.web.authentication.logout.LogoutFilter@42cc5460, org.springframework.security.web.authentication.UsernamePasswordAuthenticationFilter@7114e780, org.springframework.security.web.authentication.ui.DefaultLoginPageGeneratingFilter@4b544732, org.springframework.security.web.authentication.ui.DefaultLogoutPageGeneratingFilter@5353dd09, org.springframework.security.web.authentication.www.BasicAuthenticationFilter@73b74615, org.springframework.security.web.savedrequest.RequestCacheAwareFilter@54b44879, org.springframework.security.web.servletapi.SecurityContextHolderAwareRequestFilter@2d6a0766, org.springframework.security.web.authentication.AnonymousAuthenticationFilter@320ff86f, org.springframework.security.web.access.ExceptionTranslationFilter@1d2def55, org.springframework.security.web.access.intercept.AuthorizationFilter@6fde6f05]
2025-07-14 19:04:34.311 [main] INFO  o.s.c.n.e.c.DiscoveryClientOptionalArgsConfiguration - Eureka HTTP Client uses RestTemplate.
2025-07-14 19:04:34.612 [main] WARN  o.s.c.l.c.LoadBalancerCacheAutoConfiguration$LoadBalancerCaffeineWarnLogger - Spring Cloud LoadBalancer is currently working with the default cache. While this cache implementation is useful for development and tests, it's recommended to use Caffeine cache in production.You can switch to using Caffeine cache, by adding it and org.springframework.cache.caffeine.CaffeineCacheManager to the classpath.
2025-07-14 19:04:34.677 [main] INFO  o.s.c.n.eureka.InstanceInfoFactory - Setting initial instance status as: STARTING
2025-07-14 19:04:34.837 [main] INFO  c.netflix.discovery.DiscoveryClient - Initializing Eureka in region us-east-1
2025-07-14 19:04:34.847 [main] INFO  c.n.d.s.r.aws.ConfigClusterResolver - Resolving eureka endpoints via configuration
2025-07-14 19:04:34.890 [main] INFO  c.netflix.discovery.DiscoveryClient - Disable delta property : false
2025-07-14 19:04:34.890 [main] INFO  c.netflix.discovery.DiscoveryClient - Single vip registry refresh property : null
2025-07-14 19:04:34.891 [main] INFO  c.netflix.discovery.DiscoveryClient - Force full registry fetch : false
2025-07-14 19:04:34.891 [main] INFO  c.netflix.discovery.DiscoveryClient - Application is null : false
2025-07-14 19:04:34.891 [main] INFO  c.netflix.discovery.DiscoveryClient - Registered Applications size is zero : true
2025-07-14 19:04:34.891 [main] INFO  c.netflix.discovery.DiscoveryClient - Application version is -1: true
2025-07-14 19:04:34.891 [main] INFO  c.netflix.discovery.DiscoveryClient - Getting all instance registry info from the eureka server
2025-07-14 19:04:35.525 [main] INFO  c.netflix.discovery.DiscoveryClient - The response status is 200
2025-07-14 19:04:35.529 [main] INFO  c.netflix.discovery.DiscoveryClient - Starting heartbeat executor: renew interval is: 30
2025-07-14 19:04:35.534 [main] INFO  c.n.discovery.InstanceInfoReplicator - InstanceInfoReplicator onDemand update allowed rate per min is 4
2025-07-14 19:04:35.545 [main] INFO  c.netflix.discovery.DiscoveryClient - Discovery Client initialized at timestamp 1752512675543 with initial instances count: 2
2025-07-14 19:04:35.548 [main] INFO  o.s.c.n.e.s.EurekaServiceRegistry - Registering application UNKNOWN with eureka with status UP
2025-07-14 19:04:35.548 [main] INFO  c.netflix.discovery.DiscoveryClient - Saw local status change event StatusChangeEvent [timestamp=1752512675548, current=UP, previous=STARTING]
2025-07-14 19:04:35.551 [DiscoveryClient-InstanceInfoReplicator-0] INFO  c.netflix.discovery.DiscoveryClient - DiscoveryClient_UNKNOWN/192.168.137.1:8081: registering service...
2025-07-14 19:04:35.553 [main] INFO  o.a.coyote.http11.Http11NioProtocol - Starting ProtocolHandler ["http-nio-8081"]
2025-07-14 19:04:35.595 [main] INFO  o.s.b.w.e.tomcat.TomcatWebServer - Tomcat started on port(s): 8081 (http) with context path ''
2025-07-14 19:04:35.597 [main] INFO  o.s.c.n.e.s.EurekaAutoServiceRegistration - Updating port to 8081
2025-07-14 19:04:35.634 [DiscoveryClient-InstanceInfoReplicator-0] INFO  c.netflix.discovery.DiscoveryClient - DiscoveryClient_UNKNOWN/192.168.137.1:8081 - registration status: 204
2025-07-14 19:04:35.793 [main] INFO  M.a.AuthServiceApplication - Started AuthServiceApplication in 6.973 seconds (process running for 7.595)
2025-07-14 19:04:39.176 [http-nio-8081-exec-1] INFO  o.a.c.c.C.[Tomcat].[localhost].[/] - Initializing Spring DispatcherServlet 'dispatcherServlet'
2025-07-14 19:04:39.176 [http-nio-8081-exec-1] INFO  o.s.web.servlet.DispatcherServlet - Initializing Servlet 'dispatcherServlet'
2025-07-14 19:04:39.178 [http-nio-8081-exec-1] INFO  o.s.web.servlet.DispatcherServlet - Completed initialization in 2 ms
2025-07-14 19:09:34.900 [AsyncResolver-bootstrap-executor-0] INFO  c.n.d.s.r.aws.ConfigClusterResolver - Resolving eureka endpoints via configuration
2025-07-14 19:13:24.447 [main] INFO  M.a.AuthServiceApplication - Starting AuthServiceApplication using Java 17.0.15 with PID 19256 (E:\miosm\auth-service\build\classes\java\main started by admin in E:\miosm\auth-service)
2025-07-14 19:13:24.453 [main] INFO  M.a.AuthServiceApplication - No active profile set, falling back to 1 default profile: "default"
2025-07-14 19:13:26.091 [main] INFO  o.s.cloud.context.scope.GenericScope - BeanFactory id=d3d6f0d7-ece8-31d6-8fb7-9e2f1616e566
2025-07-14 19:13:26.170 [main] INFO  o.s.c.s.PostProcessorRegistrationDelegate$BeanPostProcessorChecker - Bean 'org.springframework.cloud.client.loadbalancer.reactive.LoadBalancerBeanPostProcessorAutoConfiguration' of type [org.springframework.cloud.client.loadbalancer.reactive.LoadBalancerBeanPostProcessorAutoConfiguration] is not eligible for getting processed by all BeanPostProcessors (for example: not eligible for auto-proxying)
2025-07-14 19:13:26.175 [main] INFO  o.s.c.s.PostProcessorRegistrationDelegate$BeanPostProcessorChecker - Bean 'org.springframework.cloud.client.loadbalancer.reactive.LoadBalancerBeanPostProcessorAutoConfiguration$ReactorDeferringLoadBalancerFilterConfig' of type [org.springframework.cloud.client.loadbalancer.reactive.LoadBalancerBeanPostProcessorAutoConfiguration$ReactorDeferringLoadBalancerFilterConfig] is not eligible for getting processed by all BeanPostProcessors (for example: not eligible for auto-proxying)
2025-07-14 19:13:26.180 [main] INFO  o.s.c.s.PostProcessorRegistrationDelegate$BeanPostProcessorChecker - Bean 'reactorDeferringLoadBalancerExchangeFilterFunction' of type [org.springframework.cloud.client.loadbalancer.reactive.DeferringLoadBalancerExchangeFilterFunction] is not eligible for getting processed by all BeanPostProcessors (for example: not eligible for auto-proxying)
2025-07-14 19:13:26.660 [main] INFO  o.s.b.w.e.tomcat.TomcatWebServer - Tomcat initialized with port(s): 8081 (http)
2025-07-14 19:13:26.675 [main] INFO  o.a.coyote.http11.Http11NioProtocol - Initializing ProtocolHandler ["http-nio-8081"]
2025-07-14 19:13:26.680 [main] INFO  o.a.catalina.core.StandardService - Starting service [Tomcat]
2025-07-14 19:13:26.680 [main] INFO  o.a.catalina.core.StandardEngine - Starting Servlet engine: [Apache Tomcat/10.1.19]
2025-07-14 19:13:26.893 [main] INFO  o.a.c.c.C.[Tomcat].[localhost].[/] - Initializing Spring embedded WebApplicationContext
2025-07-14 19:13:26.896 [main] INFO  o.s.b.w.s.c.ServletWebServerApplicationContext - Root WebApplicationContext: initialization completed in 2350 ms
2025-07-14 19:13:28.069 [main] WARN  o.s.b.a.s.s.UserDetailsServiceAutoConfiguration - 

Using generated security password: 35229b11-8bfe-43e7-8fcb-cfe04447ed07

This generated password is for development use only. Your security configuration must be updated before running your application in production.

2025-07-14 19:13:28.251 [main] INFO  o.s.s.web.DefaultSecurityFilterChain - Will secure any request with [org.springframework.security.web.session.DisableEncodeUrlFilter@38d525aa, org.springframework.security.web.context.request.async.WebAsyncManagerIntegrationFilter@f9b8129, org.springframework.security.web.context.SecurityContextHolderFilter@74a85515, org.springframework.security.web.header.HeaderWriterFilter@3611153f, org.springframework.security.web.csrf.CsrfFilter@3cd46491, org.springframework.security.web.authentication.logout.LogoutFilter@4f8659d0, org.springframework.security.web.authentication.UsernamePasswordAuthenticationFilter@5486ee92, org.springframework.security.web.authentication.ui.DefaultLoginPageGeneratingFilter@54b44879, org.springframework.security.web.authentication.ui.DefaultLogoutPageGeneratingFilter@7530090a, org.springframework.security.web.authentication.www.BasicAuthenticationFilter@4def42c3, org.springframework.security.web.savedrequest.RequestCacheAwareFilter@3dfe92ef, org.springframework.security.web.servletapi.SecurityContextHolderAwareRequestFilter@6eeb29c0, org.springframework.security.web.authentication.AnonymousAuthenticationFilter@4492b393, org.springframework.security.web.access.ExceptionTranslationFilter@44b9c7c4, org.springframework.security.web.access.intercept.AuthorizationFilter@42cc5460]
2025-07-14 19:13:28.474 [main] INFO  o.s.c.n.e.c.DiscoveryClientOptionalArgsConfiguration - Eureka HTTP Client uses RestTemplate.
2025-07-14 19:13:28.758 [main] WARN  o.s.c.l.c.LoadBalancerCacheAutoConfiguration$LoadBalancerCaffeineWarnLogger - Spring Cloud LoadBalancer is currently working with the default cache. While this cache implementation is useful for development and tests, it's recommended to use Caffeine cache in production.You can switch to using Caffeine cache, by adding it and org.springframework.cache.caffeine.CaffeineCacheManager to the classpath.
2025-07-14 19:13:28.798 [main] INFO  o.s.c.n.eureka.InstanceInfoFactory - Setting initial instance status as: STARTING
2025-07-14 19:13:28.935 [main] INFO  c.netflix.discovery.DiscoveryClient - Initializing Eureka in region us-east-1
2025-07-14 19:13:28.945 [main] INFO  c.n.d.s.r.aws.ConfigClusterResolver - Resolving eureka endpoints via configuration
2025-07-14 19:13:28.985 [main] INFO  c.netflix.discovery.DiscoveryClient - Disable delta property : false
2025-07-14 19:13:28.986 [main] INFO  c.netflix.discovery.DiscoveryClient - Single vip registry refresh property : null
2025-07-14 19:13:28.987 [main] INFO  c.netflix.discovery.DiscoveryClient - Force full registry fetch : false
2025-07-14 19:13:28.987 [main] INFO  c.netflix.discovery.DiscoveryClient - Application is null : false
2025-07-14 19:13:28.987 [main] INFO  c.netflix.discovery.DiscoveryClient - Registered Applications size is zero : true
2025-07-14 19:13:28.987 [main] INFO  c.netflix.discovery.DiscoveryClient - Application version is -1: true
2025-07-14 19:13:28.988 [main] INFO  c.netflix.discovery.DiscoveryClient - Getting all instance registry info from the eureka server
2025-07-14 19:13:29.607 [main] INFO  c.netflix.discovery.DiscoveryClient - The response status is 200
2025-07-14 19:13:29.614 [main] INFO  c.netflix.discovery.DiscoveryClient - Starting heartbeat executor: renew interval is: 30
2025-07-14 19:13:29.618 [main] INFO  c.n.discovery.InstanceInfoReplicator - InstanceInfoReplicator onDemand update allowed rate per min is 4
2025-07-14 19:13:29.627 [main] INFO  c.netflix.discovery.DiscoveryClient - Discovery Client initialized at timestamp 1752513209625 with initial instances count: 2
2025-07-14 19:13:29.631 [main] INFO  o.s.c.n.e.s.EurekaServiceRegistry - Registering application UNKNOWN with eureka with status UP
2025-07-14 19:13:29.631 [main] INFO  c.netflix.discovery.DiscoveryClient - Saw local status change event StatusChangeEvent [timestamp=1752513209631, current=UP, previous=STARTING]
2025-07-14 19:13:29.634 [DiscoveryClient-InstanceInfoReplicator-0] INFO  c.netflix.discovery.DiscoveryClient - DiscoveryClient_UNKNOWN/192.168.137.1:8081: registering service...
2025-07-14 19:13:29.635 [main] INFO  o.a.coyote.http11.Http11NioProtocol - Starting ProtocolHandler ["http-nio-8081"]
2025-07-14 19:13:29.675 [main] INFO  o.s.b.w.e.tomcat.TomcatWebServer - Tomcat started on port(s): 8081 (http) with context path ''
2025-07-14 19:13:29.677 [main] INFO  o.s.c.n.e.s.EurekaAutoServiceRegistration - Updating port to 8081
2025-07-14 19:13:29.710 [DiscoveryClient-InstanceInfoReplicator-0] INFO  c.netflix.discovery.DiscoveryClient - DiscoveryClient_UNKNOWN/192.168.137.1:8081 - registration status: 204
2025-07-14 19:13:29.851 [main] INFO  M.a.AuthServiceApplication - Started AuthServiceApplication in 6.356 seconds (process running for 6.971)
2025-07-14 19:13:38.333 [http-nio-8081-exec-2] INFO  o.a.c.c.C.[Tomcat].[localhost].[/] - Initializing Spring DispatcherServlet 'dispatcherServlet'
2025-07-14 19:13:38.333 [http-nio-8081-exec-2] INFO  o.s.web.servlet.DispatcherServlet - Initializing Servlet 'dispatcherServlet'
2025-07-14 19:13:38.335 [http-nio-8081-exec-2] INFO  o.s.web.servlet.DispatcherServlet - Completed initialization in 2 ms
2025-07-14 19:15:26.812 [main] INFO  M.a.AuthServiceApplication - Starting AuthServiceApplication using Java 17.0.15 with PID 19344 (E:\miosm\auth-service\build\classes\java\main started by admin in E:\miosm\auth-service)
2025-07-14 19:15:26.816 [main] INFO  M.a.AuthServiceApplication - No active profile set, falling back to 1 default profile: "default"
2025-07-14 19:15:28.405 [main] INFO  o.s.cloud.context.scope.GenericScope - BeanFactory id=d3d6f0d7-ece8-31d6-8fb7-9e2f1616e566
2025-07-14 19:15:28.483 [main] INFO  o.s.c.s.PostProcessorRegistrationDelegate$BeanPostProcessorChecker - Bean 'org.springframework.cloud.client.loadbalancer.reactive.LoadBalancerBeanPostProcessorAutoConfiguration' of type [org.springframework.cloud.client.loadbalancer.reactive.LoadBalancerBeanPostProcessorAutoConfiguration] is not eligible for getting processed by all BeanPostProcessors (for example: not eligible for auto-proxying)
2025-07-14 19:15:28.488 [main] INFO  o.s.c.s.PostProcessorRegistrationDelegate$BeanPostProcessorChecker - Bean 'org.springframework.cloud.client.loadbalancer.reactive.LoadBalancerBeanPostProcessorAutoConfiguration$ReactorDeferringLoadBalancerFilterConfig' of type [org.springframework.cloud.client.loadbalancer.reactive.LoadBalancerBeanPostProcessorAutoConfiguration$ReactorDeferringLoadBalancerFilterConfig] is not eligible for getting processed by all BeanPostProcessors (for example: not eligible for auto-proxying)
2025-07-14 19:15:28.492 [main] INFO  o.s.c.s.PostProcessorRegistrationDelegate$BeanPostProcessorChecker - Bean 'reactorDeferringLoadBalancerExchangeFilterFunction' of type [org.springframework.cloud.client.loadbalancer.reactive.DeferringLoadBalancerExchangeFilterFunction] is not eligible for getting processed by all BeanPostProcessors (for example: not eligible for auto-proxying)
2025-07-14 19:15:28.981 [main] INFO  o.s.b.w.e.tomcat.TomcatWebServer - Tomcat initialized with port(s): 8081 (http)
2025-07-14 19:15:28.997 [main] INFO  o.a.coyote.http11.Http11NioProtocol - Initializing ProtocolHandler ["http-nio-8081"]
2025-07-14 19:15:29.001 [main] INFO  o.a.catalina.core.StandardService - Starting service [Tomcat]
2025-07-14 19:15:29.002 [main] INFO  o.a.catalina.core.StandardEngine - Starting Servlet engine: [Apache Tomcat/10.1.19]
2025-07-14 19:15:29.168 [main] INFO  o.a.c.c.C.[Tomcat].[localhost].[/] - Initializing Spring embedded WebApplicationContext
2025-07-14 19:15:29.170 [main] INFO  o.s.b.w.s.c.ServletWebServerApplicationContext - Root WebApplicationContext: initialization completed in 2264 ms
2025-07-14 19:15:30.343 [main] WARN  o.s.b.a.s.s.UserDetailsServiceAutoConfiguration - 

Using generated security password: b4260991-f146-4a70-b596-1ba0b5cb4950

This generated password is for development use only. Your security configuration must be updated before running your application in production.

2025-07-14 19:15:30.511 [main] INFO  o.s.s.web.DefaultSecurityFilterChain - Will secure any request with [org.springframework.security.web.session.DisableEncodeUrlFilter@42cc5460, org.springframework.security.web.context.request.async.WebAsyncManagerIntegrationFilter@5486ee92, org.springframework.security.web.context.SecurityContextHolderFilter@671d97bc, org.springframework.security.web.header.HeaderWriterFilter@2c0798bd, org.springframework.security.web.csrf.CsrfFilter@6cd45b6c, org.springframework.security.web.authentication.logout.LogoutFilter@5beb6be2, org.springframework.security.web.authentication.UsernamePasswordAuthenticationFilter@333d44f6, org.springframework.security.web.authentication.ui.DefaultLoginPageGeneratingFilter@3611153f, org.springframework.security.web.authentication.ui.DefaultLogoutPageGeneratingFilter@20820df0, org.springframework.security.web.authentication.www.BasicAuthenticationFilter@406ad6d5, org.springframework.security.web.savedrequest.RequestCacheAwareFilter@602298b, org.springframework.security.web.servletapi.SecurityContextHolderAwareRequestFilter@d49e8c6, org.springframework.security.web.authentication.AnonymousAuthenticationFilter@9e62fb, org.springframework.security.web.access.ExceptionTranslationFilter@5885e231, org.springframework.security.web.access.intercept.AuthorizationFilter@5a39e554]
2025-07-14 19:15:30.729 [main] INFO  o.s.c.n.e.c.DiscoveryClientOptionalArgsConfiguration - Eureka HTTP Client uses RestTemplate.
2025-07-14 19:15:31.020 [main] WARN  o.s.c.l.c.LoadBalancerCacheAutoConfiguration$LoadBalancerCaffeineWarnLogger - Spring Cloud LoadBalancer is currently working with the default cache. While this cache implementation is useful for development and tests, it's recommended to use Caffeine cache in production.You can switch to using Caffeine cache, by adding it and org.springframework.cache.caffeine.CaffeineCacheManager to the classpath.
2025-07-14 19:15:31.052 [main] INFO  o.s.c.n.eureka.InstanceInfoFactory - Setting initial instance status as: STARTING
2025-07-14 19:15:31.169 [main] INFO  c.netflix.discovery.DiscoveryClient - Initializing Eureka in region us-east-1
2025-07-14 19:15:31.178 [main] INFO  c.n.d.s.r.aws.ConfigClusterResolver - Resolving eureka endpoints via configuration
2025-07-14 19:15:31.224 [main] INFO  c.netflix.discovery.DiscoveryClient - Disable delta property : false
2025-07-14 19:15:31.225 [main] INFO  c.netflix.discovery.DiscoveryClient - Single vip registry refresh property : null
2025-07-14 19:15:31.225 [main] INFO  c.netflix.discovery.DiscoveryClient - Force full registry fetch : false
2025-07-14 19:15:31.225 [main] INFO  c.netflix.discovery.DiscoveryClient - Application is null : false
2025-07-14 19:15:31.225 [main] INFO  c.netflix.discovery.DiscoveryClient - Registered Applications size is zero : true
2025-07-14 19:15:31.225 [main] INFO  c.netflix.discovery.DiscoveryClient - Application version is -1: true
2025-07-14 19:15:31.225 [main] INFO  c.netflix.discovery.DiscoveryClient - Getting all instance registry info from the eureka server
2025-07-14 19:15:31.838 [main] INFO  c.netflix.discovery.DiscoveryClient - The response status is 200
2025-07-14 19:15:31.842 [main] INFO  c.netflix.discovery.DiscoveryClient - Starting heartbeat executor: renew interval is: 30
2025-07-14 19:15:31.847 [main] INFO  c.n.discovery.InstanceInfoReplicator - InstanceInfoReplicator onDemand update allowed rate per min is 4
2025-07-14 19:15:31.856 [main] INFO  c.netflix.discovery.DiscoveryClient - Discovery Client initialized at timestamp 1752513331854 with initial instances count: 2
2025-07-14 19:15:31.860 [main] INFO  o.s.c.n.e.s.EurekaServiceRegistry - Registering application UNKNOWN with eureka with status UP
2025-07-14 19:15:31.860 [main] INFO  c.netflix.discovery.DiscoveryClient - Saw local status change event StatusChangeEvent [timestamp=1752513331860, current=UP, previous=STARTING]
2025-07-14 19:15:31.864 [DiscoveryClient-InstanceInfoReplicator-0] INFO  c.netflix.discovery.DiscoveryClient - DiscoveryClient_UNKNOWN/192.168.137.1:8081: registering service...
2025-07-14 19:15:31.865 [main] INFO  o.a.coyote.http11.Http11NioProtocol - Starting ProtocolHandler ["http-nio-8081"]
2025-07-14 19:15:31.900 [main] INFO  o.s.b.w.e.tomcat.TomcatWebServer - Tomcat started on port(s): 8081 (http) with context path ''
2025-07-14 19:15:31.902 [main] INFO  o.s.c.n.e.s.EurekaAutoServiceRegistration - Updating port to 8081
2025-07-14 19:15:31.936 [DiscoveryClient-InstanceInfoReplicator-0] INFO  c.netflix.discovery.DiscoveryClient - DiscoveryClient_UNKNOWN/192.168.137.1:8081 - registration status: 204
2025-07-14 19:15:32.078 [main] INFO  M.a.AuthServiceApplication - Started AuthServiceApplication in 6.208 seconds (process running for 6.899)
2025-07-14 19:16:43.820 [http-nio-8081-exec-3] INFO  o.a.c.c.C.[Tomcat].[localhost].[/] - Initializing Spring DispatcherServlet 'dispatcherServlet'
2025-07-14 19:16:43.820 [http-nio-8081-exec-3] INFO  o.s.web.servlet.DispatcherServlet - Initializing Servlet 'dispatcherServlet'
2025-07-14 19:16:43.822 [http-nio-8081-exec-3] INFO  o.s.web.servlet.DispatcherServlet - Completed initialization in 2 ms
2025-07-14 19:20:31.240 [AsyncResolver-bootstrap-executor-0] INFO  c.n.d.s.r.aws.ConfigClusterResolver - Resolving eureka endpoints via configuration
2025-07-14 19:25:31.245 [AsyncResolver-bootstrap-executor-0] INFO  c.n.d.s.r.aws.ConfigClusterResolver - Resolving eureka endpoints via configuration
2025-07-14 19:27:55.623 [main] INFO  M.a.AuthServiceApplication - Starting AuthServiceApplication using Java 17.0.15 with PID 19032 (E:\miosm\auth-service\build\classes\java\main started by admin in E:\miosm\auth-service)
2025-07-14 19:27:55.629 [main] INFO  M.a.AuthServiceApplication - No active profile set, falling back to 1 default profile: "default"
2025-07-14 19:27:57.348 [main] INFO  o.s.cloud.context.scope.GenericScope - BeanFactory id=485a3147-b1ad-3f5a-9488-74711c179cb6
2025-07-14 19:27:57.424 [main] INFO  o.s.c.s.PostProcessorRegistrationDelegate$BeanPostProcessorChecker - Bean 'org.springframework.cloud.client.loadbalancer.reactive.LoadBalancerBeanPostProcessorAutoConfiguration' of type [org.springframework.cloud.client.loadbalancer.reactive.LoadBalancerBeanPostProcessorAutoConfiguration] is not eligible for getting processed by all BeanPostProcessors (for example: not eligible for auto-proxying)
2025-07-14 19:27:57.430 [main] INFO  o.s.c.s.PostProcessorRegistrationDelegate$BeanPostProcessorChecker - Bean 'org.springframework.cloud.client.loadbalancer.reactive.LoadBalancerBeanPostProcessorAutoConfiguration$ReactorDeferringLoadBalancerFilterConfig' of type [org.springframework.cloud.client.loadbalancer.reactive.LoadBalancerBeanPostProcessorAutoConfiguration$ReactorDeferringLoadBalancerFilterConfig] is not eligible for getting processed by all BeanPostProcessors (for example: not eligible for auto-proxying)
2025-07-14 19:27:57.433 [main] INFO  o.s.c.s.PostProcessorRegistrationDelegate$BeanPostProcessorChecker - Bean 'reactorDeferringLoadBalancerExchangeFilterFunction' of type [org.springframework.cloud.client.loadbalancer.reactive.DeferringLoadBalancerExchangeFilterFunction] is not eligible for getting processed by all BeanPostProcessors (for example: not eligible for auto-proxying)
2025-07-14 19:27:57.885 [main] INFO  o.s.b.w.e.tomcat.TomcatWebServer - Tomcat initialized with port(s): 8081 (http)
2025-07-14 19:27:57.897 [main] INFO  o.a.coyote.http11.Http11NioProtocol - Initializing ProtocolHandler ["http-nio-8081"]
2025-07-14 19:27:57.902 [main] INFO  o.a.catalina.core.StandardService - Starting service [Tomcat]
2025-07-14 19:27:57.903 [main] INFO  o.a.catalina.core.StandardEngine - Starting Servlet engine: [Apache Tomcat/10.1.19]
2025-07-14 19:27:58.124 [main] INFO  o.a.c.c.C.[Tomcat].[localhost].[/] - Initializing Spring embedded WebApplicationContext
2025-07-14 19:27:58.127 [main] INFO  o.s.b.w.s.c.ServletWebServerApplicationContext - Root WebApplicationContext: initialization completed in 2405 ms
2025-07-14 19:27:58.798 [main] WARN  o.s.b.a.s.s.UserDetailsServiceAutoConfiguration - 

Using generated security password: 17a9683d-ac09-459e-a0b6-7e22ca13508d

This generated password is for development use only. Your security configuration must be updated before running your application in production.

2025-07-14 19:27:59.281 [main] INFO  o.s.s.web.DefaultSecurityFilterChain - Will secure any request with [org.springframework.security.web.session.DisableEncodeUrlFilter@50f4b83d, org.springframework.security.web.context.request.async.WebAsyncManagerIntegrationFilter@10131289, org.springframework.security.web.context.SecurityContextHolderFilter@bd93bc3, org.springframework.security.web.header.HeaderWriterFilter@5abf6a99, org.springframework.security.web.csrf.CsrfFilter@60b1ff3b, org.springframework.security.web.authentication.logout.LogoutFilter@6826b70f, org.springframework.security.web.savedrequest.RequestCacheAwareFilter@b01cb8d, org.springframework.security.web.servletapi.SecurityContextHolderAwareRequestFilter@4e67cfe1, org.springframework.security.web.authentication.AnonymousAuthenticationFilter@c5e69a5, org.springframework.security.web.access.ExceptionTranslationFilter@46cf8c07, org.springframework.security.web.access.intercept.AuthorizationFilter@33de7f3d]
2025-07-14 19:27:59.925 [main] INFO  o.s.c.n.e.c.DiscoveryClientOptionalArgsConfiguration - Eureka HTTP Client uses RestTemplate.
2025-07-14 19:28:00.222 [main] WARN  o.s.c.l.c.LoadBalancerCacheAutoConfiguration$LoadBalancerCaffeineWarnLogger - Spring Cloud LoadBalancer is currently working with the default cache. While this cache implementation is useful for development and tests, it's recommended to use Caffeine cache in production.You can switch to using Caffeine cache, by adding it and org.springframework.cache.caffeine.CaffeineCacheManager to the classpath.
2025-07-14 19:28:00.260 [main] INFO  o.s.c.n.eureka.InstanceInfoFactory - Setting initial instance status as: STARTING
2025-07-14 19:28:00.372 [main] INFO  c.netflix.discovery.DiscoveryClient - Initializing Eureka in region us-east-1
2025-07-14 19:28:00.380 [main] INFO  c.n.d.s.r.aws.ConfigClusterResolver - Resolving eureka endpoints via configuration
2025-07-14 19:28:00.413 [main] INFO  c.netflix.discovery.DiscoveryClient - Disable delta property : false
2025-07-14 19:28:00.414 [main] INFO  c.netflix.discovery.DiscoveryClient - Single vip registry refresh property : null
2025-07-14 19:28:00.414 [main] INFO  c.netflix.discovery.DiscoveryClient - Force full registry fetch : false
2025-07-14 19:28:00.414 [main] INFO  c.netflix.discovery.DiscoveryClient - Application is null : false
2025-07-14 19:28:00.414 [main] INFO  c.netflix.discovery.DiscoveryClient - Registered Applications size is zero : true
2025-07-14 19:28:00.414 [main] INFO  c.netflix.discovery.DiscoveryClient - Application version is -1: true
2025-07-14 19:28:00.414 [main] INFO  c.netflix.discovery.DiscoveryClient - Getting all instance registry info from the eureka server
2025-07-14 19:28:01.060 [main] INFO  c.netflix.discovery.DiscoveryClient - The response status is 200
2025-07-14 19:28:01.065 [main] INFO  c.netflix.discovery.DiscoveryClient - Starting heartbeat executor: renew interval is: 30
2025-07-14 19:28:01.071 [main] INFO  c.n.discovery.InstanceInfoReplicator - InstanceInfoReplicator onDemand update allowed rate per min is 4
2025-07-14 19:28:01.083 [main] INFO  c.netflix.discovery.DiscoveryClient - Discovery Client initialized at timestamp 1752514081081 with initial instances count: 2
2025-07-14 19:28:01.087 [main] INFO  o.s.c.n.e.s.EurekaServiceRegistry - Registering application UNKNOWN with eureka with status UP
2025-07-14 19:28:01.087 [main] INFO  c.netflix.discovery.DiscoveryClient - Saw local status change event StatusChangeEvent [timestamp=1752514081087, current=UP, previous=STARTING]
2025-07-14 19:28:01.090 [DiscoveryClient-InstanceInfoReplicator-0] INFO  c.netflix.discovery.DiscoveryClient - DiscoveryClient_UNKNOWN/192.168.137.1:8081: registering service...
2025-07-14 19:28:01.092 [main] INFO  o.a.coyote.http11.Http11NioProtocol - Starting ProtocolHandler ["http-nio-8081"]
2025-07-14 19:28:01.129 [main] INFO  o.s.b.w.e.tomcat.TomcatWebServer - Tomcat started on port(s): 8081 (http) with context path ''
2025-07-14 19:28:01.131 [main] INFO  o.s.c.n.e.s.EurekaAutoServiceRegistration - Updating port to 8081
2025-07-14 19:28:01.163 [DiscoveryClient-InstanceInfoReplicator-0] INFO  c.netflix.discovery.DiscoveryClient - DiscoveryClient_UNKNOWN/192.168.137.1:8081 - registration status: 204
2025-07-14 19:28:01.302 [main] INFO  M.a.AuthServiceApplication - Started AuthServiceApplication in 6.63 seconds (process running for 7.222)
2025-07-14 19:28:06.480 [http-nio-8081-exec-2] INFO  o.a.c.c.C.[Tomcat].[localhost].[/] - Initializing Spring DispatcherServlet 'dispatcherServlet'
2025-07-14 19:28:06.480 [http-nio-8081-exec-2] INFO  o.s.web.servlet.DispatcherServlet - Initializing Servlet 'dispatcherServlet'
2025-07-14 19:28:06.481 [http-nio-8081-exec-2] INFO  o.s.web.servlet.DispatcherServlet - Completed initialization in 1 ms
2025-07-14 19:29:18.865 [main] INFO  M.a.AuthServiceApplication - Starting AuthServiceApplication using Java 17.0.15 with PID 19240 (E:\miosm\auth-service\build\classes\java\main started by admin in E:\miosm\auth-service)
2025-07-14 19:29:18.871 [main] INFO  M.a.AuthServiceApplication - No active profile set, falling back to 1 default profile: "default"
2025-07-14 19:29:20.449 [main] INFO  o.s.cloud.context.scope.GenericScope - BeanFactory id=485a3147-b1ad-3f5a-9488-74711c179cb6
2025-07-14 19:29:20.527 [main] INFO  o.s.c.s.PostProcessorRegistrationDelegate$BeanPostProcessorChecker - Bean 'org.springframework.cloud.client.loadbalancer.reactive.LoadBalancerBeanPostProcessorAutoConfiguration' of type [org.springframework.cloud.client.loadbalancer.reactive.LoadBalancerBeanPostProcessorAutoConfiguration] is not eligible for getting processed by all BeanPostProcessors (for example: not eligible for auto-proxying)
2025-07-14 19:29:20.531 [main] INFO  o.s.c.s.PostProcessorRegistrationDelegate$BeanPostProcessorChecker - Bean 'org.springframework.cloud.client.loadbalancer.reactive.LoadBalancerBeanPostProcessorAutoConfiguration$ReactorDeferringLoadBalancerFilterConfig' of type [org.springframework.cloud.client.loadbalancer.reactive.LoadBalancerBeanPostProcessorAutoConfiguration$ReactorDeferringLoadBalancerFilterConfig] is not eligible for getting processed by all BeanPostProcessors (for example: not eligible for auto-proxying)
2025-07-14 19:29:20.534 [main] INFO  o.s.c.s.PostProcessorRegistrationDelegate$BeanPostProcessorChecker - Bean 'reactorDeferringLoadBalancerExchangeFilterFunction' of type [org.springframework.cloud.client.loadbalancer.reactive.DeferringLoadBalancerExchangeFilterFunction] is not eligible for getting processed by all BeanPostProcessors (for example: not eligible for auto-proxying)
2025-07-14 19:29:21.029 [main] INFO  o.s.b.w.e.tomcat.TomcatWebServer - Tomcat initialized with port(s): 8081 (http)
2025-07-14 19:29:21.042 [main] INFO  o.a.coyote.http11.Http11NioProtocol - Initializing ProtocolHandler ["http-nio-8081"]
2025-07-14 19:29:21.045 [main] INFO  o.a.catalina.core.StandardService - Starting service [Tomcat]
2025-07-14 19:29:21.046 [main] INFO  o.a.catalina.core.StandardEngine - Starting Servlet engine: [Apache Tomcat/10.1.19]
2025-07-14 19:29:21.280 [main] INFO  o.a.c.c.C.[Tomcat].[localhost].[/] - Initializing Spring embedded WebApplicationContext
2025-07-14 19:29:21.282 [main] INFO  o.s.b.w.s.c.ServletWebServerApplicationContext - Root WebApplicationContext: initialization completed in 2313 ms
2025-07-14 19:29:21.852 [main] WARN  o.s.b.a.s.s.UserDetailsServiceAutoConfiguration - 

Using generated security password: fe0d490a-f6bd-450d-8176-1f1ba0ba93e5

This generated password is for development use only. Your security configuration must be updated before running your application in production.

2025-07-14 19:29:22.243 [main] INFO  o.s.s.web.DefaultSecurityFilterChain - Will secure any request with [org.springframework.security.web.session.DisableEncodeUrlFilter@446b64b3, org.springframework.security.web.context.request.async.WebAsyncManagerIntegrationFilter@35ac9ebd, org.springframework.security.web.context.SecurityContextHolderFilter@3d0d120b, org.springframework.security.web.header.HeaderWriterFilter@374c3975, org.springframework.security.web.authentication.logout.LogoutFilter@48ccbb32, org.springframework.security.web.savedrequest.RequestCacheAwareFilter@34d9df9f, org.springframework.security.web.servletapi.SecurityContextHolderAwareRequestFilter@1192c925, org.springframework.security.web.authentication.AnonymousAuthenticationFilter@56c0a61e, org.springframework.security.web.access.ExceptionTranslationFilter@5618fc1f, org.springframework.security.web.access.intercept.AuthorizationFilter@76d0ecd7]
2025-07-14 19:29:22.856 [main] INFO  o.s.c.n.e.c.DiscoveryClientOptionalArgsConfiguration - Eureka HTTP Client uses RestTemplate.
2025-07-14 19:29:23.134 [main] WARN  o.s.c.l.c.LoadBalancerCacheAutoConfiguration$LoadBalancerCaffeineWarnLogger - Spring Cloud LoadBalancer is currently working with the default cache. While this cache implementation is useful for development and tests, it's recommended to use Caffeine cache in production.You can switch to using Caffeine cache, by adding it and org.springframework.cache.caffeine.CaffeineCacheManager to the classpath.
2025-07-14 19:29:23.174 [main] INFO  o.s.c.n.eureka.InstanceInfoFactory - Setting initial instance status as: STARTING
2025-07-14 19:29:23.330 [main] INFO  c.netflix.discovery.DiscoveryClient - Initializing Eureka in region us-east-1
2025-07-14 19:29:23.341 [main] INFO  c.n.d.s.r.aws.ConfigClusterResolver - Resolving eureka endpoints via configuration
2025-07-14 19:29:23.378 [main] INFO  c.netflix.discovery.DiscoveryClient - Disable delta property : false
2025-07-14 19:29:23.378 [main] INFO  c.netflix.discovery.DiscoveryClient - Single vip registry refresh property : null
2025-07-14 19:29:23.378 [main] INFO  c.netflix.discovery.DiscoveryClient - Force full registry fetch : false
2025-07-14 19:29:23.378 [main] INFO  c.netflix.discovery.DiscoveryClient - Application is null : false
2025-07-14 19:29:23.378 [main] INFO  c.netflix.discovery.DiscoveryClient - Registered Applications size is zero : true
2025-07-14 19:29:23.378 [main] INFO  c.netflix.discovery.DiscoveryClient - Application version is -1: true
2025-07-14 19:29:23.378 [main] INFO  c.netflix.discovery.DiscoveryClient - Getting all instance registry info from the eureka server
2025-07-14 19:29:24.098 [main] INFO  c.netflix.discovery.DiscoveryClient - The response status is 200
2025-07-14 19:29:24.104 [main] INFO  c.netflix.discovery.DiscoveryClient - Starting heartbeat executor: renew interval is: 30
2025-07-14 19:29:24.110 [main] INFO  c.n.discovery.InstanceInfoReplicator - InstanceInfoReplicator onDemand update allowed rate per min is 4
2025-07-14 19:29:24.119 [main] INFO  c.netflix.discovery.DiscoveryClient - Discovery Client initialized at timestamp 1752514164118 with initial instances count: 2
2025-07-14 19:29:24.123 [main] INFO  o.s.c.n.e.s.EurekaServiceRegistry - Registering application UNKNOWN with eureka with status UP
2025-07-14 19:29:24.124 [main] INFO  c.netflix.discovery.DiscoveryClient - Saw local status change event StatusChangeEvent [timestamp=1752514164124, current=UP, previous=STARTING]
2025-07-14 19:29:24.126 [DiscoveryClient-InstanceInfoReplicator-0] INFO  c.netflix.discovery.DiscoveryClient - DiscoveryClient_UNKNOWN/192.168.137.1:8081: registering service...
2025-07-14 19:29:24.129 [main] INFO  o.a.coyote.http11.Http11NioProtocol - Starting ProtocolHandler ["http-nio-8081"]
2025-07-14 19:29:24.165 [main] INFO  o.s.b.w.e.tomcat.TomcatWebServer - Tomcat started on port(s): 8081 (http) with context path ''
2025-07-14 19:29:24.167 [main] INFO  o.s.c.n.e.s.EurekaAutoServiceRegistration - Updating port to 8081
2025-07-14 19:29:24.206 [DiscoveryClient-InstanceInfoReplicator-0] INFO  c.netflix.discovery.DiscoveryClient - DiscoveryClient_UNKNOWN/192.168.137.1:8081 - registration status: 204
2025-07-14 19:29:24.352 [main] INFO  M.a.AuthServiceApplication - Started AuthServiceApplication in 6.457 seconds (process running for 7.043)
2025-07-14 19:29:29.516 [http-nio-8081-exec-1] INFO  o.a.c.c.C.[Tomcat].[localhost].[/] - Initializing Spring DispatcherServlet 'dispatcherServlet'
2025-07-14 19:29:29.516 [http-nio-8081-exec-1] INFO  o.s.web.servlet.DispatcherServlet - Initializing Servlet 'dispatcherServlet'
2025-07-14 19:29:29.517 [http-nio-8081-exec-1] INFO  o.s.web.servlet.DispatcherServlet - Completed initialization in 1 ms
2025-07-14 19:29:29.669 [http-nio-8081-exec-1] DEBUG o.s.w.r.f.client.ExchangeFunctions - [25b8a699] HTTP POST http://keycloak:8082/realms/myrealm/protocol/openid-connect/token
2025-07-14 19:29:30.110 [http-nio-8081-exec-1] ERROR M.a.service.AuthServiceImpl - Failed to get admin access token: Failed to resolve 'keycloak' [A(1)] after 2 queries 
2025-07-14 19:29:32.996 [http-nio-8081-exec-4] DEBUG o.s.w.r.f.client.ExchangeFunctions - [62f3735c] HTTP POST http://keycloak:8082/realms/myrealm/protocol/openid-connect/token
2025-07-14 19:29:33.009 [http-nio-8081-exec-4] ERROR M.a.service.AuthServiceImpl - Failed to get admin access token: Failed to resolve 'keycloak' [A(1)] after 2 queries 
2025-07-14 19:29:34.374 [http-nio-8081-exec-6] DEBUG o.s.w.r.f.client.ExchangeFunctions - [32175f91] HTTP POST http://keycloak:8082/realms/myrealm/protocol/openid-connect/token
2025-07-14 19:29:34.389 [http-nio-8081-exec-6] ERROR M.a.service.AuthServiceImpl - Failed to get admin access token: Failed to resolve 'keycloak' [A(1)] after 2 queries 
2025-07-14 19:29:36.798 [http-nio-8081-exec-7] DEBUG o.s.w.r.f.client.ExchangeFunctions - [66ec7e4] HTTP POST http://keycloak:8082/realms/myrealm/protocol/openid-connect/token
2025-07-14 19:29:36.851 [http-nio-8081-exec-7] ERROR M.a.service.AuthServiceImpl - Failed to get admin access token: Failed to resolve 'keycloak' [A(1)] after 2 queries 
2025-07-14 19:30:21.989 [main] INFO  M.a.AuthServiceApplication - Starting AuthServiceApplication using Java 17.0.15 with PID 18976 (E:\miosm\auth-service\build\classes\java\main started by admin in E:\miosm\auth-service)
2025-07-14 19:30:21.997 [main] INFO  M.a.AuthServiceApplication - No active profile set, falling back to 1 default profile: "default"
2025-07-14 19:30:23.578 [main] INFO  o.s.cloud.context.scope.GenericScope - BeanFactory id=485a3147-b1ad-3f5a-9488-74711c179cb6
2025-07-14 19:30:23.669 [main] INFO  o.s.c.s.PostProcessorRegistrationDelegate$BeanPostProcessorChecker - Bean 'org.springframework.cloud.client.loadbalancer.reactive.LoadBalancerBeanPostProcessorAutoConfiguration' of type [org.springframework.cloud.client.loadbalancer.reactive.LoadBalancerBeanPostProcessorAutoConfiguration] is not eligible for getting processed by all BeanPostProcessors (for example: not eligible for auto-proxying)
2025-07-14 19:30:23.675 [main] INFO  o.s.c.s.PostProcessorRegistrationDelegate$BeanPostProcessorChecker - Bean 'org.springframework.cloud.client.loadbalancer.reactive.LoadBalancerBeanPostProcessorAutoConfiguration$ReactorDeferringLoadBalancerFilterConfig' of type [org.springframework.cloud.client.loadbalancer.reactive.LoadBalancerBeanPostProcessorAutoConfiguration$ReactorDeferringLoadBalancerFilterConfig] is not eligible for getting processed by all BeanPostProcessors (for example: not eligible for auto-proxying)
2025-07-14 19:30:23.679 [main] INFO  o.s.c.s.PostProcessorRegistrationDelegate$BeanPostProcessorChecker - Bean 'reactorDeferringLoadBalancerExchangeFilterFunction' of type [org.springframework.cloud.client.loadbalancer.reactive.DeferringLoadBalancerExchangeFilterFunction] is not eligible for getting processed by all BeanPostProcessors (for example: not eligible for auto-proxying)
2025-07-14 19:30:24.135 [main] INFO  o.s.b.w.e.tomcat.TomcatWebServer - Tomcat initialized with port(s): 8081 (http)
2025-07-14 19:30:24.149 [main] INFO  o.a.coyote.http11.Http11NioProtocol - Initializing ProtocolHandler ["http-nio-8081"]
2025-07-14 19:30:24.153 [main] INFO  o.a.catalina.core.StandardService - Starting service [Tomcat]
2025-07-14 19:30:24.153 [main] INFO  o.a.catalina.core.StandardEngine - Starting Servlet engine: [Apache Tomcat/10.1.19]
2025-07-14 19:30:24.345 [main] INFO  o.a.c.c.C.[Tomcat].[localhost].[/] - Initializing Spring embedded WebApplicationContext
2025-07-14 19:30:24.347 [main] INFO  o.s.b.w.s.c.ServletWebServerApplicationContext - Root WebApplicationContext: initialization completed in 2256 ms
2025-07-14 19:30:25.057 [main] WARN  o.s.b.a.s.s.UserDetailsServiceAutoConfiguration - 

Using generated security password: 640875c1-897e-403c-8739-a7dbca61e538

This generated password is for development use only. Your security configuration must be updated before running your application in production.

2025-07-14 19:30:25.508 [main] INFO  o.s.s.web.DefaultSecurityFilterChain - Will secure any request with [org.springframework.security.web.session.DisableEncodeUrlFilter@35c8be21, org.springframework.security.web.context.request.async.WebAsyncManagerIntegrationFilter@60807fd9, org.springframework.security.web.context.SecurityContextHolderFilter@591f6f83, org.springframework.security.web.header.HeaderWriterFilter@6b832551, org.springframework.security.web.authentication.logout.LogoutFilter@22048bd6, org.springframework.security.web.savedrequest.RequestCacheAwareFilter@55421b8d, org.springframework.security.web.servletapi.SecurityContextHolderAwareRequestFilter@4bf4680c, org.springframework.security.web.authentication.AnonymousAuthenticationFilter@6bcdd6e4, org.springframework.security.web.access.ExceptionTranslationFilter@66020d69, org.springframework.security.web.access.intercept.AuthorizationFilter@3d0d120b]
2025-07-14 19:30:26.138 [main] INFO  o.s.c.n.e.c.DiscoveryClientOptionalArgsConfiguration - Eureka HTTP Client uses RestTemplate.
2025-07-14 19:30:26.414 [main] WARN  o.s.c.l.c.LoadBalancerCacheAutoConfiguration$LoadBalancerCaffeineWarnLogger - Spring Cloud LoadBalancer is currently working with the default cache. While this cache implementation is useful for development and tests, it's recommended to use Caffeine cache in production.You can switch to using Caffeine cache, by adding it and org.springframework.cache.caffeine.CaffeineCacheManager to the classpath.
2025-07-14 19:30:26.455 [main] INFO  o.s.c.n.eureka.InstanceInfoFactory - Setting initial instance status as: STARTING
2025-07-14 19:30:26.580 [main] INFO  c.netflix.discovery.DiscoveryClient - Initializing Eureka in region us-east-1
2025-07-14 19:30:26.589 [main] INFO  c.n.d.s.r.aws.ConfigClusterResolver - Resolving eureka endpoints via configuration
2025-07-14 19:30:26.622 [main] INFO  c.netflix.discovery.DiscoveryClient - Disable delta property : false
2025-07-14 19:30:26.623 [main] INFO  c.netflix.discovery.DiscoveryClient - Single vip registry refresh property : null
2025-07-14 19:30:26.623 [main] INFO  c.netflix.discovery.DiscoveryClient - Force full registry fetch : false
2025-07-14 19:30:26.623 [main] INFO  c.netflix.discovery.DiscoveryClient - Application is null : false
2025-07-14 19:30:26.623 [main] INFO  c.netflix.discovery.DiscoveryClient - Registered Applications size is zero : true
2025-07-14 19:30:26.623 [main] INFO  c.netflix.discovery.DiscoveryClient - Application version is -1: true
2025-07-14 19:30:26.623 [main] INFO  c.netflix.discovery.DiscoveryClient - Getting all instance registry info from the eureka server
2025-07-14 19:30:27.205 [main] INFO  c.netflix.discovery.DiscoveryClient - The response status is 200
2025-07-14 19:30:27.209 [main] INFO  c.netflix.discovery.DiscoveryClient - Starting heartbeat executor: renew interval is: 30
2025-07-14 19:30:27.212 [main] INFO  c.n.discovery.InstanceInfoReplicator - InstanceInfoReplicator onDemand update allowed rate per min is 4
2025-07-14 19:30:27.219 [main] INFO  c.netflix.discovery.DiscoveryClient - Discovery Client initialized at timestamp 1752514227218 with initial instances count: 2
2025-07-14 19:30:27.222 [main] INFO  o.s.c.n.e.s.EurekaServiceRegistry - Registering application UNKNOWN with eureka with status UP
2025-07-14 19:30:27.222 [main] INFO  c.netflix.discovery.DiscoveryClient - Saw local status change event StatusChangeEvent [timestamp=1752514227222, current=UP, previous=STARTING]
2025-07-14 19:30:27.225 [DiscoveryClient-InstanceInfoReplicator-0] INFO  c.netflix.discovery.DiscoveryClient - DiscoveryClient_UNKNOWN/192.168.137.1:8081: registering service...
2025-07-14 19:30:27.226 [main] INFO  o.a.coyote.http11.Http11NioProtocol - Starting ProtocolHandler ["http-nio-8081"]
2025-07-14 19:30:27.268 [main] INFO  o.s.b.w.e.tomcat.TomcatWebServer - Tomcat started on port(s): 8081 (http) with context path ''
2025-07-14 19:30:27.270 [main] INFO  o.s.c.n.e.s.EurekaAutoServiceRegistration - Updating port to 8081
2025-07-14 19:30:27.294 [DiscoveryClient-InstanceInfoReplicator-0] INFO  c.netflix.discovery.DiscoveryClient - DiscoveryClient_UNKNOWN/192.168.137.1:8081 - registration status: 204
2025-07-14 19:30:27.431 [main] INFO  M.a.AuthServiceApplication - Started AuthServiceApplication in 6.348 seconds (process running for 6.926)
2025-07-14 19:30:33.290 [http-nio-8081-exec-1] INFO  o.a.c.c.C.[Tomcat].[localhost].[/] - Initializing Spring DispatcherServlet 'dispatcherServlet'
2025-07-14 19:30:33.290 [http-nio-8081-exec-1] INFO  o.s.web.servlet.DispatcherServlet - Initializing Servlet 'dispatcherServlet'
2025-07-14 19:30:33.292 [http-nio-8081-exec-1] INFO  o.s.web.servlet.DispatcherServlet - Completed initialization in 1 ms
2025-07-14 19:30:33.774 [reactor-http-nio-2] WARN  r.n.http.client.HttpClientConnect - [09d387d6-1, L:/127.0.0.1:50646 - R:localhost/127.0.0.1:8082] The connection observed an error
org.springframework.web.reactive.function.UnsupportedMediaTypeException: Content type 'application/x-www-form-urlencoded' not supported for bodyType=java.util.ImmutableCollections$MapN<?, ?>
	at org.springframework.web.reactive.function.BodyInserters.unsupportedError(BodyInserters.java:392)
	at org.springframework.web.reactive.function.BodyInserters.writeWithMessageWriters(BodyInserters.java:382)
	at org.springframework.web.reactive.function.BodyInserters.lambda$fromValue$1(BodyInserters.java:98)
	at org.springframework.web.reactive.function.client.DefaultClientRequestBuilder$BodyInserterRequest.writeTo(DefaultClientRequestBuilder.java:272)
	at org.springframework.web.reactive.function.client.ExchangeFunctions$DefaultExchangeFunction.lambda$exchange$1(ExchangeFunctions.java:102)
	at org.springframework.http.client.reactive.ReactorClientHttpConnector.lambda$connect$2(ReactorClientHttpConnector.java:114)
	at reactor.netty.http.client.HttpClientConnect$HttpClientHandler.requestWithBody(HttpClientConnect.java:604)
	at reactor.netty.http.client.HttpClientConnect$HttpIOHandlerObserver.lambda$onStateChange$0(HttpClientConnect.java:444)
	at reactor.core.publisher.MonoDefer.subscribe(MonoDefer.java:45)
	at reactor.netty.http.client.HttpClientConnect$HttpIOHandlerObserver.onStateChange(HttpClientConnect.java:445)
	at reactor.netty.ReactorNetty$CompositeConnectionObserver.onStateChange(ReactorNetty.java:710)
	at reactor.netty.resources.DefaultPooledConnectionProvider$DisposableAcquire.onStateChange(DefaultPooledConnectionProvider.java:205)
	at reactor.netty.resources.DefaultPooledConnectionProvider$PooledConnection.onStateChange(DefaultPooledConnectionProvider.java:466)
	at reactor.netty.channel.ChannelOperationsHandler.channelActive(ChannelOperationsHandler.java:62)
	at io.netty.channel.AbstractChannelHandlerContext.invokeChannelActive(AbstractChannelHandlerContext.java:260)
	at io.netty.channel.AbstractChannelHandlerContext.invokeChannelActive(AbstractChannelHandlerContext.java:238)
	at io.netty.channel.AbstractChannelHandlerContext.fireChannelActive(AbstractChannelHandlerContext.java:231)
	at io.netty.channel.CombinedChannelDuplexHandler$DelegatingChannelHandlerContext.fireChannelActive(CombinedChannelDuplexHandler.java:412)
	at io.netty.channel.ChannelInboundHandlerAdapter.channelActive(ChannelInboundHandlerAdapter.java:69)
	at io.netty.channel.CombinedChannelDuplexHandler.channelActive(CombinedChannelDuplexHandler.java:211)
	at io.netty.channel.AbstractChannelHandlerContext.invokeChannelActive(AbstractChannelHandlerContext.java:260)
	at io.netty.channel.AbstractChannelHandlerContext.invokeChannelActive(AbstractChannelHandlerContext.java:238)
	at io.netty.channel.AbstractChannelHandlerContext.fireChannelActive(AbstractChannelHandlerContext.java:231)
	at io.netty.channel.DefaultChannelPipeline$HeadContext.channelActive(DefaultChannelPipeline.java:1398)
	at io.netty.channel.AbstractChannelHandlerContext.invokeChannelActive(AbstractChannelHandlerContext.java:258)
	at io.netty.channel.AbstractChannelHandlerContext.invokeChannelActive(AbstractChannelHandlerContext.java:238)
	at io.netty.channel.DefaultChannelPipeline.fireChannelActive(DefaultChannelPipeline.java:895)
	at io.netty.channel.nio.AbstractNioChannel$AbstractNioUnsafe.fulfillConnectPromise(AbstractNioChannel.java:306)
	at io.netty.channel.nio.AbstractNioChannel$AbstractNioUnsafe.finishConnect(AbstractNioChannel.java:336)
	at io.netty.channel.nio.NioEventLoop.processSelectedKey(NioEventLoop.java:776)
	at io.netty.channel.nio.NioEventLoop.processSelectedKeysOptimized(NioEventLoop.java:724)
	at io.netty.channel.nio.NioEventLoop.processSelectedKeys(NioEventLoop.java:650)
	at io.netty.channel.nio.NioEventLoop.run(NioEventLoop.java:562)
	at io.netty.util.concurrent.SingleThreadEventExecutor$4.run(SingleThreadEventExecutor.java:997)
	at io.netty.util.internal.ThreadExecutorMap$2.run(ThreadExecutorMap.java:74)
	at io.netty.util.concurrent.FastThreadLocalRunnable.run(FastThreadLocalRunnable.java:30)
	at java.base/java.lang.Thread.run(Thread.java:840)
2025-07-14 19:30:33.788 [http-nio-8081-exec-1] ERROR M.a.service.AuthServiceImpl - Failed to get admin access token: Content type 'application/x-www-form-urlencoded' not supported for bodyType=java.util.ImmutableCollections$MapN<?, ?>
2025-07-14 19:31:43.840 [main] INFO  M.a.AuthServiceApplication - Starting AuthServiceApplication using Java 17.0.15 with PID 5728 (E:\miosm\auth-service\build\classes\java\main started by admin in E:\miosm\auth-service)
2025-07-14 19:31:43.847 [main] INFO  M.a.AuthServiceApplication - No active profile set, falling back to 1 default profile: "default"
2025-07-14 19:31:45.606 [main] INFO  o.s.cloud.context.scope.GenericScope - BeanFactory id=485a3147-b1ad-3f5a-9488-74711c179cb6
2025-07-14 19:31:45.682 [main] INFO  o.s.c.s.PostProcessorRegistrationDelegate$BeanPostProcessorChecker - Bean 'org.springframework.cloud.client.loadbalancer.reactive.LoadBalancerBeanPostProcessorAutoConfiguration' of type [org.springframework.cloud.client.loadbalancer.reactive.LoadBalancerBeanPostProcessorAutoConfiguration] is not eligible for getting processed by all BeanPostProcessors (for example: not eligible for auto-proxying)
2025-07-14 19:31:45.689 [main] INFO  o.s.c.s.PostProcessorRegistrationDelegate$BeanPostProcessorChecker - Bean 'org.springframework.cloud.client.loadbalancer.reactive.LoadBalancerBeanPostProcessorAutoConfiguration$ReactorDeferringLoadBalancerFilterConfig' of type [org.springframework.cloud.client.loadbalancer.reactive.LoadBalancerBeanPostProcessorAutoConfiguration$ReactorDeferringLoadBalancerFilterConfig] is not eligible for getting processed by all BeanPostProcessors (for example: not eligible for auto-proxying)
2025-07-14 19:31:45.693 [main] INFO  o.s.c.s.PostProcessorRegistrationDelegate$BeanPostProcessorChecker - Bean 'reactorDeferringLoadBalancerExchangeFilterFunction' of type [org.springframework.cloud.client.loadbalancer.reactive.DeferringLoadBalancerExchangeFilterFunction] is not eligible for getting processed by all BeanPostProcessors (for example: not eligible for auto-proxying)
2025-07-14 19:31:46.358 [main] INFO  o.s.b.w.e.tomcat.TomcatWebServer - Tomcat initialized with port(s): 8081 (http)
2025-07-14 19:31:46.368 [main] INFO  o.a.coyote.http11.Http11NioProtocol - Initializing ProtocolHandler ["http-nio-8081"]
2025-07-14 19:31:46.371 [main] INFO  o.a.catalina.core.StandardService - Starting service [Tomcat]
2025-07-14 19:31:46.371 [main] INFO  o.a.catalina.core.StandardEngine - Starting Servlet engine: [Apache Tomcat/10.1.19]
2025-07-14 19:31:46.546 [main] INFO  o.a.c.c.C.[Tomcat].[localhost].[/] - Initializing Spring embedded WebApplicationContext
2025-07-14 19:31:46.549 [main] INFO  o.s.b.w.s.c.ServletWebServerApplicationContext - Root WebApplicationContext: initialization completed in 2597 ms
2025-07-14 19:31:47.102 [main] WARN  o.s.b.a.s.s.UserDetailsServiceAutoConfiguration - 

Using generated security password: deac0113-235b-41cf-adad-02fecf1cb3cb

This generated password is for development use only. Your security configuration must be updated before running your application in production.

2025-07-14 19:31:47.497 [main] INFO  o.s.s.web.DefaultSecurityFilterChain - Will secure any request with [org.springframework.security.web.session.DisableEncodeUrlFilter@3b218c74, org.springframework.security.web.context.request.async.WebAsyncManagerIntegrationFilter@ddffa6c, org.springframework.security.web.context.SecurityContextHolderFilter@611c3eae, org.springframework.security.web.header.HeaderWriterFilter@eaf8427, org.springframework.security.web.authentication.logout.LogoutFilter@52aa7742, org.springframework.security.web.savedrequest.RequestCacheAwareFilter@7b3cbe6e, org.springframework.security.web.servletapi.SecurityContextHolderAwareRequestFilter@1ab53860, org.springframework.security.web.authentication.AnonymousAuthenticationFilter@42c54bad, org.springframework.security.web.access.ExceptionTranslationFilter@24a04257, org.springframework.security.web.access.intercept.AuthorizationFilter@24691c5]
2025-07-14 19:31:48.055 [main] INFO  o.s.c.n.e.c.DiscoveryClientOptionalArgsConfiguration - Eureka HTTP Client uses RestTemplate.
2025-07-14 19:31:48.313 [main] WARN  o.s.c.l.c.LoadBalancerCacheAutoConfiguration$LoadBalancerCaffeineWarnLogger - Spring Cloud LoadBalancer is currently working with the default cache. While this cache implementation is useful for development and tests, it's recommended to use Caffeine cache in production.You can switch to using Caffeine cache, by adding it and org.springframework.cache.caffeine.CaffeineCacheManager to the classpath.
2025-07-14 19:31:48.348 [main] INFO  o.s.c.n.eureka.InstanceInfoFactory - Setting initial instance status as: STARTING
2025-07-14 19:31:48.480 [main] INFO  c.netflix.discovery.DiscoveryClient - Initializing Eureka in region us-east-1
2025-07-14 19:31:48.490 [main] INFO  c.n.d.s.r.aws.ConfigClusterResolver - Resolving eureka endpoints via configuration
2025-07-14 19:31:48.527 [main] INFO  c.netflix.discovery.DiscoveryClient - Disable delta property : false
2025-07-14 19:31:48.527 [main] INFO  c.netflix.discovery.DiscoveryClient - Single vip registry refresh property : null
2025-07-14 19:31:48.527 [main] INFO  c.netflix.discovery.DiscoveryClient - Force full registry fetch : false
2025-07-14 19:31:48.527 [main] INFO  c.netflix.discovery.DiscoveryClient - Application is null : false
2025-07-14 19:31:48.528 [main] INFO  c.netflix.discovery.DiscoveryClient - Registered Applications size is zero : true
2025-07-14 19:31:48.528 [main] INFO  c.netflix.discovery.DiscoveryClient - Application version is -1: true
2025-07-14 19:31:48.528 [main] INFO  c.netflix.discovery.DiscoveryClient - Getting all instance registry info from the eureka server
2025-07-14 19:31:49.101 [main] INFO  c.netflix.discovery.DiscoveryClient - The response status is 200
2025-07-14 19:31:49.105 [main] INFO  c.netflix.discovery.DiscoveryClient - Starting heartbeat executor: renew interval is: 30
2025-07-14 19:31:49.109 [main] INFO  c.n.discovery.InstanceInfoReplicator - InstanceInfoReplicator onDemand update allowed rate per min is 4
2025-07-14 19:31:49.118 [main] INFO  c.netflix.discovery.DiscoveryClient - Discovery Client initialized at timestamp 1752514309116 with initial instances count: 2
2025-07-14 19:31:49.120 [main] INFO  o.s.c.n.e.s.EurekaServiceRegistry - Registering application UNKNOWN with eureka with status UP
2025-07-14 19:31:49.121 [main] INFO  c.netflix.discovery.DiscoveryClient - Saw local status change event StatusChangeEvent [timestamp=1752514309121, current=UP, previous=STARTING]
2025-07-14 19:31:49.122 [DiscoveryClient-InstanceInfoReplicator-0] INFO  c.netflix.discovery.DiscoveryClient - DiscoveryClient_UNKNOWN/192.168.137.1:8081: registering service...
2025-07-14 19:31:49.124 [main] INFO  o.a.coyote.http11.Http11NioProtocol - Starting ProtocolHandler ["http-nio-8081"]
2025-07-14 19:31:49.163 [main] INFO  o.s.b.w.e.tomcat.TomcatWebServer - Tomcat started on port(s): 8081 (http) with context path ''
2025-07-14 19:31:49.165 [main] INFO  o.s.c.n.e.s.EurekaAutoServiceRegistration - Updating port to 8081
2025-07-14 19:31:49.200 [DiscoveryClient-InstanceInfoReplicator-0] INFO  c.netflix.discovery.DiscoveryClient - DiscoveryClient_UNKNOWN/192.168.137.1:8081 - registration status: 204
2025-07-14 19:31:49.345 [main] INFO  M.a.AuthServiceApplication - Started AuthServiceApplication in 6.42 seconds (process running for 6.977)
2025-07-14 19:31:53.579 [http-nio-8081-exec-2] INFO  o.a.c.c.C.[Tomcat].[localhost].[/] - Initializing Spring DispatcherServlet 'dispatcherServlet'
2025-07-14 19:31:53.580 [http-nio-8081-exec-2] INFO  o.s.web.servlet.DispatcherServlet - Initializing Servlet 'dispatcherServlet'
2025-07-14 19:31:53.581 [http-nio-8081-exec-2] INFO  o.s.web.servlet.DispatcherServlet - Completed initialization in 1 ms
2025-07-14 19:31:54.225 [http-nio-8081-exec-2] ERROR M.a.service.AuthServiceImpl - Failed to get admin access token
org.springframework.web.reactive.function.client.WebClientResponseException$NotFound: 404 Not Found from POST http://localhost:8082/realms/myrealm/protocol/openid-connect/token
	at org.springframework.web.reactive.function.client.WebClientResponseException.create(WebClientResponseException.java:313)
	Suppressed: reactor.core.publisher.FluxOnAssembly$OnAssemblyException: 
Error has been observed at the following site(s):
	*__checkpoint ⇢ 404 NOT_FOUND from POST http://localhost:8082/realms/myrealm/protocol/openid-connect/token [DefaultWebClient]
Original Stack Trace:
		at org.springframework.web.reactive.function.client.WebClientResponseException.create(WebClientResponseException.java:313)
		at org.springframework.web.reactive.function.client.DefaultClientResponse.lambda$createException$1(DefaultClientResponse.java:214)
		at reactor.core.publisher.FluxMap$MapSubscriber.onNext(FluxMap.java:106)
		at reactor.core.publisher.FluxOnErrorReturn$ReturnSubscriber.onNext(FluxOnErrorReturn.java:162)
		at reactor.core.publisher.FluxDefaultIfEmpty$DefaultIfEmptySubscriber.onNext(FluxDefaultIfEmpty.java:122)
		at reactor.core.publisher.FluxMapFuseable$MapFuseableSubscriber.onNext(FluxMapFuseable.java:129)
		at reactor.core.publisher.FluxContextWrite$ContextWriteSubscriber.onNext(FluxContextWrite.java:107)
		at reactor.core.publisher.FluxMapFuseable$MapFuseableConditionalSubscriber.onNext(FluxMapFuseable.java:299)
		at reactor.core.publisher.FluxFilterFuseable$FilterFuseableConditionalSubscriber.onNext(FluxFilterFuseable.java:337)
		at reactor.core.publisher.Operators$BaseFluxToMonoOperator.completePossiblyEmpty(Operators.java:2071)
		at reactor.core.publisher.MonoCollect$CollectSubscriber.onComplete(MonoCollect.java:145)
		at reactor.core.publisher.FluxMap$MapSubscriber.onComplete(FluxMap.java:144)
		at reactor.core.publisher.FluxPeek$PeekSubscriber.onComplete(FluxPeek.java:260)
		at reactor.core.publisher.FluxMap$MapSubscriber.onComplete(FluxMap.java:144)
		at reactor.netty.channel.FluxReceive.onInboundComplete(FluxReceive.java:415)
		at reactor.netty.channel.ChannelOperations.onInboundComplete(ChannelOperations.java:446)
		at reactor.netty.channel.ChannelOperations.terminate(ChannelOperations.java:500)
		at reactor.netty.http.client.HttpClientOperations.onInboundNext(HttpClientOperations.java:782)
		at reactor.netty.channel.ChannelOperationsHandler.channelRead(ChannelOperationsHandler.java:114)
		at io.netty.channel.AbstractChannelHandlerContext.invokeChannelRead(AbstractChannelHandlerContext.java:444)
		at io.netty.channel.AbstractChannelHandlerContext.invokeChannelRead(AbstractChannelHandlerContext.java:420)
		at io.netty.channel.AbstractChannelHandlerContext.fireChannelRead(AbstractChannelHandlerContext.java:412)
		at io.netty.handler.codec.MessageToMessageDecoder.channelRead(MessageToMessageDecoder.java:103)
		at io.netty.channel.AbstractChannelHandlerContext.invokeChannelRead(AbstractChannelHandlerContext.java:444)
		at io.netty.channel.AbstractChannelHandlerContext.invokeChannelRead(AbstractChannelHandlerContext.java:420)
		at io.netty.channel.AbstractChannelHandlerContext.fireChannelRead(AbstractChannelHandlerContext.java:412)
		at io.netty.channel.CombinedChannelDuplexHandler$DelegatingChannelHandlerContext.fireChannelRead(CombinedChannelDuplexHandler.java:436)
		at io.netty.handler.codec.ByteToMessageDecoder.fireChannelRead(ByteToMessageDecoder.java:346)
		at io.netty.handler.codec.ByteToMessageDecoder.channelRead(ByteToMessageDecoder.java:318)
		at io.netty.channel.CombinedChannelDuplexHandler.channelRead(CombinedChannelDuplexHandler.java:251)
		at io.netty.channel.AbstractChannelHandlerContext.invokeChannelRead(AbstractChannelHandlerContext.java:442)
		at io.netty.channel.AbstractChannelHandlerContext.invokeChannelRead(AbstractChannelHandlerContext.java:420)
		at io.netty.channel.AbstractChannelHandlerContext.fireChannelRead(AbstractChannelHandlerContext.java:412)
		at io.netty.channel.DefaultChannelPipeline$HeadContext.channelRead(DefaultChannelPipeline.java:1410)
		at io.netty.channel.AbstractChannelHandlerContext.invokeChannelRead(AbstractChannelHandlerContext.java:440)
		at io.netty.channel.AbstractChannelHandlerContext.invokeChannelRead(AbstractChannelHandlerContext.java:420)
		at io.netty.channel.DefaultChannelPipeline.fireChannelRead(DefaultChannelPipeline.java:919)
		at io.netty.channel.nio.AbstractNioByteChannel$NioByteUnsafe.read(AbstractNioByteChannel.java:166)
		at io.netty.channel.nio.NioEventLoop.processSelectedKey(NioEventLoop.java:788)
		at io.netty.channel.nio.NioEventLoop.processSelectedKeysOptimized(NioEventLoop.java:724)
		at io.netty.channel.nio.NioEventLoop.processSelectedKeys(NioEventLoop.java:650)
		at io.netty.channel.nio.NioEventLoop.run(NioEventLoop.java:562)
		at io.netty.util.concurrent.SingleThreadEventExecutor$4.run(SingleThreadEventExecutor.java:997)
		at io.netty.util.internal.ThreadExecutorMap$2.run(ThreadExecutorMap.java:74)
		at io.netty.util.concurrent.FastThreadLocalRunnable.run(FastThreadLocalRunnable.java:30)
		at java.base/java.lang.Thread.run(Thread.java:840)
	Suppressed: java.lang.Exception: #block terminated with an error
		at reactor.core.publisher.BlockingSingleSubscriber.blockingGet(BlockingSingleSubscriber.java:103)
		at reactor.core.publisher.Mono.block(Mono.java:1712)
		at MIOSM.auth_service.service.AuthServiceImpl.getAdminAccessToken(AuthServiceImpl.java:161)
		at MIOSM.auth_service.service.AuthServiceImpl.register(AuthServiceImpl.java:44)
		at MIOSM.auth_service.controller.AuthController.register(AuthController.java:22)
		at java.base/jdk.internal.reflect.NativeMethodAccessorImpl.invoke0(Native Method)
		at java.base/jdk.internal.reflect.NativeMethodAccessorImpl.invoke(NativeMethodAccessorImpl.java:77)
		at java.base/jdk.internal.reflect.DelegatingMethodAccessorImpl.invoke(DelegatingMethodAccessorImpl.java:43)
		at java.base/java.lang.reflect.Method.invoke(Method.java:569)
		at org.springframework.web.method.support.InvocableHandlerMethod.doInvoke(InvocableHandlerMethod.java:205)
		at org.springframework.web.method.support.InvocableHandlerMethod.invokeForRequest(InvocableHandlerMethod.java:150)
		at org.springframework.web.servlet.mvc.method.annotation.ServletInvocableHandlerMethod.invokeAndHandle(ServletInvocableHandlerMethod.java:118)
		at org.springframework.web.servlet.mvc.method.annotation.RequestMappingHandlerAdapter.invokeHandlerMethod(RequestMappingHandlerAdapter.java:887)
		at org.springframework.web.servlet.mvc.method.annotation.RequestMappingHandlerAdapter.handleInternal(RequestMappingHandlerAdapter.java:798)
		at org.springframework.web.servlet.mvc.method.AbstractHandlerMethodAdapter.handle(AbstractHandlerMethodAdapter.java:87)
		at org.springframework.web.servlet.DispatcherServlet.doDispatch(DispatcherServlet.java:1081)
		at org.springframework.web.servlet.DispatcherServlet.doService(DispatcherServlet.java:974)
		at org.springframework.web.servlet.FrameworkServlet.processRequest(FrameworkServlet.java:1014)
		at org.springframework.web.servlet.FrameworkServlet.doPost(FrameworkServlet.java:914)
		at jakarta.servlet.http.HttpServlet.service(HttpServlet.java:590)
		at org.springframework.web.servlet.FrameworkServlet.service(FrameworkServlet.java:885)
		at jakarta.servlet.http.HttpServlet.service(HttpServlet.java:658)
		at org.apache.catalina.core.ApplicationFilterChain.internalDoFilter(ApplicationFilterChain.java:205)
		at org.apache.catalina.core.ApplicationFilterChain.doFilter(ApplicationFilterChain.java:149)
		at org.apache.tomcat.websocket.server.WsFilter.doFilter(WsFilter.java:51)
		at org.apache.catalina.core.ApplicationFilterChain.internalDoFilter(ApplicationFilterChain.java:174)
		at org.apache.catalina.core.ApplicationFilterChain.doFilter(ApplicationFilterChain.java:149)
		at org.springframework.web.filter.CompositeFilter$VirtualFilterChain.doFilter(CompositeFilter.java:108)
		at org.springframework.security.web.FilterChainProxy.lambda$doFilterInternal$3(FilterChainProxy.java:231)
		at org.springframework.security.web.FilterChainProxy$VirtualFilterChain.doFilter(FilterChainProxy.java:365)
		at org.springframework.security.web.access.intercept.AuthorizationFilter.doFilter(AuthorizationFilter.java:100)
		at org.springframework.security.web.FilterChainProxy$VirtualFilterChain.doFilter(FilterChainProxy.java:374)
		at org.springframework.security.web.access.ExceptionTranslationFilter.doFilter(ExceptionTranslationFilter.java:126)
		at org.springframework.security.web.access.ExceptionTranslationFilter.doFilter(ExceptionTranslationFilter.java:120)
		at org.springframework.security.web.FilterChainProxy$VirtualFilterChain.doFilter(FilterChainProxy.java:374)
		at org.springframework.security.web.authentication.AnonymousAuthenticationFilter.doFilter(AnonymousAuthenticationFilter.java:100)
		at org.springframework.security.web.FilterChainProxy$VirtualFilterChain.doFilter(FilterChainProxy.java:374)
		at org.springframework.security.web.servletapi.SecurityContextHolderAwareRequestFilter.doFilter(SecurityContextHolderAwareRequestFilter.java:179)
		at org.springframework.security.web.FilterChainProxy$VirtualFilterChain.doFilter(FilterChainProxy.java:374)
		at org.springframework.security.web.savedrequest.RequestCacheAwareFilter.doFilter(RequestCacheAwareFilter.java:63)
		at org.springframework.security.web.FilterChainProxy$VirtualFilterChain.doFilter(FilterChainProxy.java:374)
		at org.springframework.security.web.authentication.logout.LogoutFilter.doFilter(LogoutFilter.java:107)
		at org.springframework.security.web.authentication.logout.LogoutFilter.doFilter(LogoutFilter.java:93)
		at org.springframework.security.web.FilterChainProxy$VirtualFilterChain.doFilter(FilterChainProxy.java:374)
		at org.springframework.security.web.header.HeaderWriterFilter.doHeadersAfter(HeaderWriterFilter.java:90)
		at org.springframework.security.web.header.HeaderWriterFilter.doFilterInternal(HeaderWriterFilter.java:75)
		at org.springframework.web.filter.OncePerRequestFilter.doFilter(OncePerRequestFilter.java:116)
		at org.springframework.security.web.FilterChainProxy$VirtualFilterChain.doFilter(FilterChainProxy.java:374)
		at org.springframework.security.web.context.SecurityContextHolderFilter.doFilter(SecurityContextHolderFilter.java:82)
		at org.springframework.security.web.context.SecurityContextHolderFilter.doFilter(SecurityContextHolderFilter.java:69)
		at org.springframework.security.web.FilterChainProxy$VirtualFilterChain.doFilter(FilterChainProxy.java:374)
		at org.springframework.security.web.context.request.async.WebAsyncManagerIntegrationFilter.doFilterInternal(WebAsyncManagerIntegrationFilter.java:62)
		at org.springframework.web.filter.OncePerRequestFilter.doFilter(OncePerRequestFilter.java:116)
		at org.springframework.security.web.FilterChainProxy$VirtualFilterChain.doFilter(FilterChainProxy.java:374)
		at org.springframework.security.web.session.DisableEncodeUrlFilter.doFilterInternal(DisableEncodeUrlFilter.java:42)
		at org.springframework.web.filter.OncePerRequestFilter.doFilter(OncePerRequestFilter.java:116)
		at org.springframework.security.web.FilterChainProxy$VirtualFilterChain.doFilter(FilterChainProxy.java:374)
		at org.springframework.security.web.FilterChainProxy.doFilterInternal(FilterChainProxy.java:233)
		at org.springframework.security.web.FilterChainProxy.doFilter(FilterChainProxy.java:191)
		at org.springframework.web.filter.CompositeFilter$VirtualFilterChain.doFilter(CompositeFilter.java:113)
		at org.springframework.web.servlet.handler.HandlerMappingIntrospector.lambda$createCacheFilter$3(HandlerMappingIntrospector.java:195)
		at org.springframework.web.filter.CompositeFilter$VirtualFilterChain.doFilter(CompositeFilter.java:113)
		at org.springframework.web.filter.CompositeFilter.doFilter(CompositeFilter.java:74)
		at org.springframework.security.config.annotation.web.configuration.WebMvcSecurityConfiguration$CompositeFilterChainProxy.doFilter(WebMvcSecurityConfiguration.java:230)
		at org.springframework.web.filter.DelegatingFilterProxy.invokeDelegate(DelegatingFilterProxy.java:352)
		at org.springframework.web.filter.DelegatingFilterProxy.doFilter(DelegatingFilterProxy.java:268)
		at org.apache.catalina.core.ApplicationFilterChain.internalDoFilter(ApplicationFilterChain.java:174)
		at org.apache.catalina.core.ApplicationFilterChain.doFilter(ApplicationFilterChain.java:149)
		at org.springframework.web.filter.RequestContextFilter.doFilterInternal(RequestContextFilter.java:100)
		at org.springframework.web.filter.OncePerRequestFilter.doFilter(OncePerRequestFilter.java:116)
		at org.apache.catalina.core.ApplicationFilterChain.internalDoFilter(ApplicationFilterChain.java:174)
		at org.apache.catalina.core.ApplicationFilterChain.doFilter(ApplicationFilterChain.java:149)
		at org.springframework.web.filter.FormContentFilter.doFilterInternal(FormContentFilter.java:93)
		at org.springframework.web.filter.OncePerRequestFilter.doFilter(OncePerRequestFilter.java:116)
		at org.apache.catalina.core.ApplicationFilterChain.internalDoFilter(ApplicationFilterChain.java:174)
		at org.apache.catalina.core.ApplicationFilterChain.doFilter(ApplicationFilterChain.java:149)
		at org.springframework.web.filter.CharacterEncodingFilter.doFilterInternal(CharacterEncodingFilter.java:201)
		at org.springframework.web.filter.OncePerRequestFilter.doFilter(OncePerRequestFilter.java:116)
		at org.apache.catalina.core.ApplicationFilterChain.internalDoFilter(ApplicationFilterChain.java:174)
		at org.apache.catalina.core.ApplicationFilterChain.doFilter(ApplicationFilterChain.java:149)
		at org.apache.catalina.core.StandardWrapperValve.invoke(StandardWrapperValve.java:167)
		at org.apache.catalina.core.StandardContextValve.invoke(StandardContextValve.java:90)
		at org.apache.catalina.authenticator.AuthenticatorBase.invoke(AuthenticatorBase.java:482)
		at org.apache.catalina.core.StandardHostValve.invoke(StandardHostValve.java:115)
		at org.apache.catalina.valves.ErrorReportValve.invoke(ErrorReportValve.java:93)
		at org.apache.catalina.core.StandardEngineValve.invoke(StandardEngineValve.java:74)
		at org.apache.catalina.connector.CoyoteAdapter.service(CoyoteAdapter.java:344)
		at org.apache.coyote.http11.Http11Processor.service(Http11Processor.java:391)
		at org.apache.coyote.AbstractProcessorLight.process(AbstractProcessorLight.java:63)
		at org.apache.coyote.AbstractProtocol$ConnectionHandler.process(AbstractProtocol.java:896)
		at org.apache.tomcat.util.net.NioEndpoint$SocketProcessor.doRun(NioEndpoint.java:1744)
		at org.apache.tomcat.util.net.SocketProcessorBase.run(SocketProcessorBase.java:52)
		at org.apache.tomcat.util.threads.ThreadPoolExecutor.runWorker(ThreadPoolExecutor.java:1191)
		at org.apache.tomcat.util.threads.ThreadPoolExecutor$Worker.run(ThreadPoolExecutor.java:659)
		at org.apache.tomcat.util.threads.TaskThread$WrappingRunnable.run(TaskThread.java:63)
		at java.base/java.lang.Thread.run(Thread.java:840)
2025-07-14 19:34:42.898 [http-nio-8081-exec-3] ERROR M.a.service.AuthServiceImpl - Failed to get admin access token
org.springframework.web.reactive.function.client.WebClientResponseException$Unauthorized: 401 Unauthorized from POST http://localhost:8082/realms/myrealm/protocol/openid-connect/token
	at org.springframework.web.reactive.function.client.WebClientResponseException.create(WebClientResponseException.java:309)
	Suppressed: reactor.core.publisher.FluxOnAssembly$OnAssemblyException: 
Error has been observed at the following site(s):
	*__checkpoint ⇢ 401 UNAUTHORIZED from POST http://localhost:8082/realms/myrealm/protocol/openid-connect/token [DefaultWebClient]
Original Stack Trace:
		at org.springframework.web.reactive.function.client.WebClientResponseException.create(WebClientResponseException.java:309)
		at org.springframework.web.reactive.function.client.DefaultClientResponse.lambda$createException$1(DefaultClientResponse.java:214)
		at reactor.core.publisher.FluxMap$MapSubscriber.onNext(FluxMap.java:106)
		at reactor.core.publisher.FluxOnErrorReturn$ReturnSubscriber.onNext(FluxOnErrorReturn.java:162)
		at reactor.core.publisher.FluxDefaultIfEmpty$DefaultIfEmptySubscriber.onNext(FluxDefaultIfEmpty.java:122)
		at reactor.core.publisher.FluxMapFuseable$MapFuseableSubscriber.onNext(FluxMapFuseable.java:129)
		at reactor.core.publisher.FluxContextWrite$ContextWriteSubscriber.onNext(FluxContextWrite.java:107)
		at reactor.core.publisher.FluxMapFuseable$MapFuseableConditionalSubscriber.onNext(FluxMapFuseable.java:299)
		at reactor.core.publisher.FluxFilterFuseable$FilterFuseableConditionalSubscriber.onNext(FluxFilterFuseable.java:337)
		at reactor.core.publisher.Operators$BaseFluxToMonoOperator.completePossiblyEmpty(Operators.java:2071)
		at reactor.core.publisher.MonoCollect$CollectSubscriber.onComplete(MonoCollect.java:145)
		at reactor.core.publisher.FluxMap$MapSubscriber.onComplete(FluxMap.java:144)
		at reactor.core.publisher.FluxPeek$PeekSubscriber.onComplete(FluxPeek.java:260)
		at reactor.core.publisher.FluxMap$MapSubscriber.onComplete(FluxMap.java:144)
		at reactor.netty.channel.FluxReceive.onInboundComplete(FluxReceive.java:415)
		at reactor.netty.channel.ChannelOperations.onInboundComplete(ChannelOperations.java:446)
		at reactor.netty.channel.ChannelOperations.terminate(ChannelOperations.java:500)
		at reactor.netty.http.client.HttpClientOperations.onInboundNext(HttpClientOperations.java:782)
		at reactor.netty.channel.ChannelOperationsHandler.channelRead(ChannelOperationsHandler.java:114)
		at io.netty.channel.AbstractChannelHandlerContext.invokeChannelRead(AbstractChannelHandlerContext.java:444)
		at io.netty.channel.AbstractChannelHandlerContext.invokeChannelRead(AbstractChannelHandlerContext.java:420)
		at io.netty.channel.AbstractChannelHandlerContext.fireChannelRead(AbstractChannelHandlerContext.java:412)
		at io.netty.handler.codec.MessageToMessageDecoder.channelRead(MessageToMessageDecoder.java:103)
		at io.netty.channel.AbstractChannelHandlerContext.invokeChannelRead(AbstractChannelHandlerContext.java:444)
		at io.netty.channel.AbstractChannelHandlerContext.invokeChannelRead(AbstractChannelHandlerContext.java:420)
		at io.netty.channel.AbstractChannelHandlerContext.fireChannelRead(AbstractChannelHandlerContext.java:412)
		at io.netty.channel.CombinedChannelDuplexHandler$DelegatingChannelHandlerContext.fireChannelRead(CombinedChannelDuplexHandler.java:436)
		at io.netty.handler.codec.ByteToMessageDecoder.fireChannelRead(ByteToMessageDecoder.java:346)
		at io.netty.handler.codec.ByteToMessageDecoder.channelRead(ByteToMessageDecoder.java:318)
		at io.netty.channel.CombinedChannelDuplexHandler.channelRead(CombinedChannelDuplexHandler.java:251)
		at io.netty.channel.AbstractChannelHandlerContext.invokeChannelRead(AbstractChannelHandlerContext.java:442)
		at io.netty.channel.AbstractChannelHandlerContext.invokeChannelRead(AbstractChannelHandlerContext.java:420)
		at io.netty.channel.AbstractChannelHandlerContext.fireChannelRead(AbstractChannelHandlerContext.java:412)
		at io.netty.channel.DefaultChannelPipeline$HeadContext.channelRead(DefaultChannelPipeline.java:1410)
		at io.netty.channel.AbstractChannelHandlerContext.invokeChannelRead(AbstractChannelHandlerContext.java:440)
		at io.netty.channel.AbstractChannelHandlerContext.invokeChannelRead(AbstractChannelHandlerContext.java:420)
		at io.netty.channel.DefaultChannelPipeline.fireChannelRead(DefaultChannelPipeline.java:919)
		at io.netty.channel.nio.AbstractNioByteChannel$NioByteUnsafe.read(AbstractNioByteChannel.java:166)
		at io.netty.channel.nio.NioEventLoop.processSelectedKey(NioEventLoop.java:788)
		at io.netty.channel.nio.NioEventLoop.processSelectedKeysOptimized(NioEventLoop.java:724)
		at io.netty.channel.nio.NioEventLoop.processSelectedKeys(NioEventLoop.java:650)
		at io.netty.channel.nio.NioEventLoop.run(NioEventLoop.java:562)
		at io.netty.util.concurrent.SingleThreadEventExecutor$4.run(SingleThreadEventExecutor.java:997)
		at io.netty.util.internal.ThreadExecutorMap$2.run(ThreadExecutorMap.java:74)
		at io.netty.util.concurrent.FastThreadLocalRunnable.run(FastThreadLocalRunnable.java:30)
		at java.base/java.lang.Thread.run(Thread.java:840)
	Suppressed: java.lang.Exception: #block terminated with an error
		at reactor.core.publisher.BlockingSingleSubscriber.blockingGet(BlockingSingleSubscriber.java:103)
		at reactor.core.publisher.Mono.block(Mono.java:1712)
		at MIOSM.auth_service.service.AuthServiceImpl.getAdminAccessToken(AuthServiceImpl.java:161)
		at MIOSM.auth_service.service.AuthServiceImpl.register(AuthServiceImpl.java:44)
		at MIOSM.auth_service.controller.AuthController.register(AuthController.java:22)
		at java.base/jdk.internal.reflect.NativeMethodAccessorImpl.invoke0(Native Method)
		at java.base/jdk.internal.reflect.NativeMethodAccessorImpl.invoke(NativeMethodAccessorImpl.java:77)
		at java.base/jdk.internal.reflect.DelegatingMethodAccessorImpl.invoke(DelegatingMethodAccessorImpl.java:43)
		at java.base/java.lang.reflect.Method.invoke(Method.java:569)
		at org.springframework.web.method.support.InvocableHandlerMethod.doInvoke(InvocableHandlerMethod.java:205)
		at org.springframework.web.method.support.InvocableHandlerMethod.invokeForRequest(InvocableHandlerMethod.java:150)
		at org.springframework.web.servlet.mvc.method.annotation.ServletInvocableHandlerMethod.invokeAndHandle(ServletInvocableHandlerMethod.java:118)
		at org.springframework.web.servlet.mvc.method.annotation.RequestMappingHandlerAdapter.invokeHandlerMethod(RequestMappingHandlerAdapter.java:887)
		at org.springframework.web.servlet.mvc.method.annotation.RequestMappingHandlerAdapter.handleInternal(RequestMappingHandlerAdapter.java:798)
		at org.springframework.web.servlet.mvc.method.AbstractHandlerMethodAdapter.handle(AbstractHandlerMethodAdapter.java:87)
		at org.springframework.web.servlet.DispatcherServlet.doDispatch(DispatcherServlet.java:1081)
		at org.springframework.web.servlet.DispatcherServlet.doService(DispatcherServlet.java:974)
		at org.springframework.web.servlet.FrameworkServlet.processRequest(FrameworkServlet.java:1014)
		at org.springframework.web.servlet.FrameworkServlet.doPost(FrameworkServlet.java:914)
		at jakarta.servlet.http.HttpServlet.service(HttpServlet.java:590)
		at org.springframework.web.servlet.FrameworkServlet.service(FrameworkServlet.java:885)
		at jakarta.servlet.http.HttpServlet.service(HttpServlet.java:658)
		at org.apache.catalina.core.ApplicationFilterChain.internalDoFilter(ApplicationFilterChain.java:205)
		at org.apache.catalina.core.ApplicationFilterChain.doFilter(ApplicationFilterChain.java:149)
		at org.apache.tomcat.websocket.server.WsFilter.doFilter(WsFilter.java:51)
		at org.apache.catalina.core.ApplicationFilterChain.internalDoFilter(ApplicationFilterChain.java:174)
		at org.apache.catalina.core.ApplicationFilterChain.doFilter(ApplicationFilterChain.java:149)
		at org.springframework.web.filter.CompositeFilter$VirtualFilterChain.doFilter(CompositeFilter.java:108)
		at org.springframework.security.web.FilterChainProxy.lambda$doFilterInternal$3(FilterChainProxy.java:231)
		at org.springframework.security.web.FilterChainProxy$VirtualFilterChain.doFilter(FilterChainProxy.java:365)
		at org.springframework.security.web.access.intercept.AuthorizationFilter.doFilter(AuthorizationFilter.java:100)
		at org.springframework.security.web.FilterChainProxy$VirtualFilterChain.doFilter(FilterChainProxy.java:374)
		at org.springframework.security.web.access.ExceptionTranslationFilter.doFilter(ExceptionTranslationFilter.java:126)
		at org.springframework.security.web.access.ExceptionTranslationFilter.doFilter(ExceptionTranslationFilter.java:120)
		at org.springframework.security.web.FilterChainProxy$VirtualFilterChain.doFilter(FilterChainProxy.java:374)
		at org.springframework.security.web.authentication.AnonymousAuthenticationFilter.doFilter(AnonymousAuthenticationFilter.java:100)
		at org.springframework.security.web.FilterChainProxy$VirtualFilterChain.doFilter(FilterChainProxy.java:374)
		at org.springframework.security.web.servletapi.SecurityContextHolderAwareRequestFilter.doFilter(SecurityContextHolderAwareRequestFilter.java:179)
		at org.springframework.security.web.FilterChainProxy$VirtualFilterChain.doFilter(FilterChainProxy.java:374)
		at org.springframework.security.web.savedrequest.RequestCacheAwareFilter.doFilter(RequestCacheAwareFilter.java:63)
		at org.springframework.security.web.FilterChainProxy$VirtualFilterChain.doFilter(FilterChainProxy.java:374)
		at org.springframework.security.web.authentication.logout.LogoutFilter.doFilter(LogoutFilter.java:107)
		at org.springframework.security.web.authentication.logout.LogoutFilter.doFilter(LogoutFilter.java:93)
		at org.springframework.security.web.FilterChainProxy$VirtualFilterChain.doFilter(FilterChainProxy.java:374)
		at org.springframework.security.web.header.HeaderWriterFilter.doHeadersAfter(HeaderWriterFilter.java:90)
		at org.springframework.security.web.header.HeaderWriterFilter.doFilterInternal(HeaderWriterFilter.java:75)
		at org.springframework.web.filter.OncePerRequestFilter.doFilter(OncePerRequestFilter.java:116)
		at org.springframework.security.web.FilterChainProxy$VirtualFilterChain.doFilter(FilterChainProxy.java:374)
		at org.springframework.security.web.context.SecurityContextHolderFilter.doFilter(SecurityContextHolderFilter.java:82)
		at org.springframework.security.web.context.SecurityContextHolderFilter.doFilter(SecurityContextHolderFilter.java:69)
		at org.springframework.security.web.FilterChainProxy$VirtualFilterChain.doFilter(FilterChainProxy.java:374)
		at org.springframework.security.web.context.request.async.WebAsyncManagerIntegrationFilter.doFilterInternal(WebAsyncManagerIntegrationFilter.java:62)
		at org.springframework.web.filter.OncePerRequestFilter.doFilter(OncePerRequestFilter.java:116)
		at org.springframework.security.web.FilterChainProxy$VirtualFilterChain.doFilter(FilterChainProxy.java:374)
		at org.springframework.security.web.session.DisableEncodeUrlFilter.doFilterInternal(DisableEncodeUrlFilter.java:42)
		at org.springframework.web.filter.OncePerRequestFilter.doFilter(OncePerRequestFilter.java:116)
		at org.springframework.security.web.FilterChainProxy$VirtualFilterChain.doFilter(FilterChainProxy.java:374)
		at org.springframework.security.web.FilterChainProxy.doFilterInternal(FilterChainProxy.java:233)
		at org.springframework.security.web.FilterChainProxy.doFilter(FilterChainProxy.java:191)
		at org.springframework.web.filter.CompositeFilter$VirtualFilterChain.doFilter(CompositeFilter.java:113)
		at org.springframework.web.servlet.handler.HandlerMappingIntrospector.lambda$createCacheFilter$3(HandlerMappingIntrospector.java:195)
		at org.springframework.web.filter.CompositeFilter$VirtualFilterChain.doFilter(CompositeFilter.java:113)
		at org.springframework.web.filter.CompositeFilter.doFilter(CompositeFilter.java:74)
		at org.springframework.security.config.annotation.web.configuration.WebMvcSecurityConfiguration$CompositeFilterChainProxy.doFilter(WebMvcSecurityConfiguration.java:230)
		at org.springframework.web.filter.DelegatingFilterProxy.invokeDelegate(DelegatingFilterProxy.java:352)
		at org.springframework.web.filter.DelegatingFilterProxy.doFilter(DelegatingFilterProxy.java:268)
		at org.apache.catalina.core.ApplicationFilterChain.internalDoFilter(ApplicationFilterChain.java:174)
		at org.apache.catalina.core.ApplicationFilterChain.doFilter(ApplicationFilterChain.java:149)
		at org.springframework.web.filter.RequestContextFilter.doFilterInternal(RequestContextFilter.java:100)
		at org.springframework.web.filter.OncePerRequestFilter.doFilter(OncePerRequestFilter.java:116)
		at org.apache.catalina.core.ApplicationFilterChain.internalDoFilter(ApplicationFilterChain.java:174)
		at org.apache.catalina.core.ApplicationFilterChain.doFilter(ApplicationFilterChain.java:149)
		at org.springframework.web.filter.FormContentFilter.doFilterInternal(FormContentFilter.java:93)
		at org.springframework.web.filter.OncePerRequestFilter.doFilter(OncePerRequestFilter.java:116)
		at org.apache.catalina.core.ApplicationFilterChain.internalDoFilter(ApplicationFilterChain.java:174)
		at org.apache.catalina.core.ApplicationFilterChain.doFilter(ApplicationFilterChain.java:149)
		at org.springframework.web.filter.CharacterEncodingFilter.doFilterInternal(CharacterEncodingFilter.java:201)
		at org.springframework.web.filter.OncePerRequestFilter.doFilter(OncePerRequestFilter.java:116)
		at org.apache.catalina.core.ApplicationFilterChain.internalDoFilter(ApplicationFilterChain.java:174)
		at org.apache.catalina.core.ApplicationFilterChain.doFilter(ApplicationFilterChain.java:149)
		at org.apache.catalina.core.StandardWrapperValve.invoke(StandardWrapperValve.java:167)
		at org.apache.catalina.core.StandardContextValve.invoke(StandardContextValve.java:90)
		at org.apache.catalina.authenticator.AuthenticatorBase.invoke(AuthenticatorBase.java:482)
		at org.apache.catalina.core.StandardHostValve.invoke(StandardHostValve.java:115)
		at org.apache.catalina.valves.ErrorReportValve.invoke(ErrorReportValve.java:93)
		at org.apache.catalina.core.StandardEngineValve.invoke(StandardEngineValve.java:74)
		at org.apache.catalina.connector.CoyoteAdapter.service(CoyoteAdapter.java:344)
		at org.apache.coyote.http11.Http11Processor.service(Http11Processor.java:391)
		at org.apache.coyote.AbstractProcessorLight.process(AbstractProcessorLight.java:63)
		at org.apache.coyote.AbstractProtocol$ConnectionHandler.process(AbstractProtocol.java:896)
		at org.apache.tomcat.util.net.NioEndpoint$SocketProcessor.doRun(NioEndpoint.java:1744)
		at org.apache.tomcat.util.net.SocketProcessorBase.run(SocketProcessorBase.java:52)
		at org.apache.tomcat.util.threads.ThreadPoolExecutor.runWorker(ThreadPoolExecutor.java:1191)
		at org.apache.tomcat.util.threads.ThreadPoolExecutor$Worker.run(ThreadPoolExecutor.java:659)
		at org.apache.tomcat.util.threads.TaskThread$WrappingRunnable.run(TaskThread.java:63)
		at java.base/java.lang.Thread.run(Thread.java:840)
2025-07-14 19:35:20.689 [main] INFO  M.a.AuthServiceApplication - Starting AuthServiceApplication using Java 17.0.15 with PID 16124 (E:\miosm\auth-service\build\classes\java\main started by admin in E:\miosm\auth-service)
2025-07-14 19:35:20.695 [main] INFO  M.a.AuthServiceApplication - No active profile set, falling back to 1 default profile: "default"
2025-07-14 19:35:22.341 [main] INFO  o.s.cloud.context.scope.GenericScope - BeanFactory id=485a3147-b1ad-3f5a-9488-74711c179cb6
2025-07-14 19:35:22.439 [main] INFO  o.s.c.s.PostProcessorRegistrationDelegate$BeanPostProcessorChecker - Bean 'org.springframework.cloud.client.loadbalancer.reactive.LoadBalancerBeanPostProcessorAutoConfiguration' of type [org.springframework.cloud.client.loadbalancer.reactive.LoadBalancerBeanPostProcessorAutoConfiguration] is not eligible for getting processed by all BeanPostProcessors (for example: not eligible for auto-proxying)
2025-07-14 19:35:22.444 [main] INFO  o.s.c.s.PostProcessorRegistrationDelegate$BeanPostProcessorChecker - Bean 'org.springframework.cloud.client.loadbalancer.reactive.LoadBalancerBeanPostProcessorAutoConfiguration$ReactorDeferringLoadBalancerFilterConfig' of type [org.springframework.cloud.client.loadbalancer.reactive.LoadBalancerBeanPostProcessorAutoConfiguration$ReactorDeferringLoadBalancerFilterConfig] is not eligible for getting processed by all BeanPostProcessors (for example: not eligible for auto-proxying)
2025-07-14 19:35:22.448 [main] INFO  o.s.c.s.PostProcessorRegistrationDelegate$BeanPostProcessorChecker - Bean 'reactorDeferringLoadBalancerExchangeFilterFunction' of type [org.springframework.cloud.client.loadbalancer.reactive.DeferringLoadBalancerExchangeFilterFunction] is not eligible for getting processed by all BeanPostProcessors (for example: not eligible for auto-proxying)
2025-07-14 19:35:22.879 [main] INFO  o.s.b.w.e.tomcat.TomcatWebServer - Tomcat initialized with port(s): 8081 (http)
2025-07-14 19:35:22.898 [main] INFO  o.a.coyote.http11.Http11NioProtocol - Initializing ProtocolHandler ["http-nio-8081"]
2025-07-14 19:35:22.902 [main] INFO  o.a.catalina.core.StandardService - Starting service [Tomcat]
2025-07-14 19:35:22.902 [main] INFO  o.a.catalina.core.StandardEngine - Starting Servlet engine: [Apache Tomcat/10.1.19]
2025-07-14 19:35:23.071 [main] INFO  o.a.c.c.C.[Tomcat].[localhost].[/] - Initializing Spring embedded WebApplicationContext
2025-07-14 19:35:23.072 [main] INFO  o.s.b.w.s.c.ServletWebServerApplicationContext - Root WebApplicationContext: initialization completed in 2277 ms
2025-07-14 19:35:23.645 [main] WARN  o.s.b.a.s.s.UserDetailsServiceAutoConfiguration - 

Using generated security password: bfdd56f9-6b96-4966-be9a-a4b7ef7eb165

This generated password is for development use only. Your security configuration must be updated before running your application in production.

2025-07-14 19:35:24.040 [main] INFO  o.s.s.web.DefaultSecurityFilterChain - Will secure any request with [org.springframework.security.web.session.DisableEncodeUrlFilter@615b5480, org.springframework.security.web.context.request.async.WebAsyncManagerIntegrationFilter@24691c5, org.springframework.security.web.context.SecurityContextHolderFilter@6615237, org.springframework.security.web.header.HeaderWriterFilter@2b44605c, org.springframework.security.web.authentication.logout.LogoutFilter@5618fc1f, org.springframework.security.web.savedrequest.RequestCacheAwareFilter@4bf4680c, org.springframework.security.web.servletapi.SecurityContextHolderAwareRequestFilter@7b3cbe6e, org.springframework.security.web.authentication.AnonymousAuthenticationFilter@7b91d9f, org.springframework.security.web.access.ExceptionTranslationFilter@63124022, org.springframework.security.web.access.intercept.AuthorizationFilter@60807fd9]
2025-07-14 19:35:24.605 [main] INFO  o.s.c.n.e.c.DiscoveryClientOptionalArgsConfiguration - Eureka HTTP Client uses RestTemplate.
2025-07-14 19:35:24.888 [main] WARN  o.s.c.l.c.LoadBalancerCacheAutoConfiguration$LoadBalancerCaffeineWarnLogger - Spring Cloud LoadBalancer is currently working with the default cache. While this cache implementation is useful for development and tests, it's recommended to use Caffeine cache in production.You can switch to using Caffeine cache, by adding it and org.springframework.cache.caffeine.CaffeineCacheManager to the classpath.
2025-07-14 19:35:24.928 [main] INFO  o.s.c.n.eureka.InstanceInfoFactory - Setting initial instance status as: STARTING
2025-07-14 19:35:25.040 [main] INFO  c.netflix.discovery.DiscoveryClient - Initializing Eureka in region us-east-1
2025-07-14 19:35:25.047 [main] INFO  c.n.d.s.r.aws.ConfigClusterResolver - Resolving eureka endpoints via configuration
2025-07-14 19:35:25.078 [main] INFO  c.netflix.discovery.DiscoveryClient - Disable delta property : false
2025-07-14 19:35:25.078 [main] INFO  c.netflix.discovery.DiscoveryClient - Single vip registry refresh property : null
2025-07-14 19:35:25.078 [main] INFO  c.netflix.discovery.DiscoveryClient - Force full registry fetch : false
2025-07-14 19:35:25.078 [main] INFO  c.netflix.discovery.DiscoveryClient - Application is null : false
2025-07-14 19:35:25.079 [main] INFO  c.netflix.discovery.DiscoveryClient - Registered Applications size is zero : true
2025-07-14 19:35:25.079 [main] INFO  c.netflix.discovery.DiscoveryClient - Application version is -1: true
2025-07-14 19:35:25.079 [main] INFO  c.netflix.discovery.DiscoveryClient - Getting all instance registry info from the eureka server
2025-07-14 19:35:25.726 [main] INFO  c.netflix.discovery.DiscoveryClient - The response status is 200
2025-07-14 19:35:25.730 [main] INFO  c.netflix.discovery.DiscoveryClient - Starting heartbeat executor: renew interval is: 30
2025-07-14 19:35:25.735 [main] INFO  c.n.discovery.InstanceInfoReplicator - InstanceInfoReplicator onDemand update allowed rate per min is 4
2025-07-14 19:35:25.745 [main] INFO  c.netflix.discovery.DiscoveryClient - Discovery Client initialized at timestamp 1752514525743 with initial instances count: 2
2025-07-14 19:35:25.748 [main] INFO  o.s.c.n.e.s.EurekaServiceRegistry - Registering application UNKNOWN with eureka with status UP
2025-07-14 19:35:25.749 [main] INFO  c.netflix.discovery.DiscoveryClient - Saw local status change event StatusChangeEvent [timestamp=1752514525749, current=UP, previous=STARTING]
2025-07-14 19:35:25.752 [DiscoveryClient-InstanceInfoReplicator-0] INFO  c.netflix.discovery.DiscoveryClient - DiscoveryClient_UNKNOWN/192.168.137.1:8081: registering service...
2025-07-14 19:35:25.754 [main] INFO  o.a.coyote.http11.Http11NioProtocol - Starting ProtocolHandler ["http-nio-8081"]
2025-07-14 19:35:25.794 [main] INFO  o.s.b.w.e.tomcat.TomcatWebServer - Tomcat started on port(s): 8081 (http) with context path ''
2025-07-14 19:35:25.796 [main] INFO  o.s.c.n.e.s.EurekaAutoServiceRegistration - Updating port to 8081
2025-07-14 19:35:25.842 [DiscoveryClient-InstanceInfoReplicator-0] INFO  c.netflix.discovery.DiscoveryClient - DiscoveryClient_UNKNOWN/192.168.137.1:8081 - registration status: 204
2025-07-14 19:35:25.990 [main] INFO  M.a.AuthServiceApplication - Started AuthServiceApplication in 6.213 seconds (process running for 6.808)
2025-07-14 19:35:37.720 [http-nio-8081-exec-2] INFO  o.a.c.c.C.[Tomcat].[localhost].[/] - Initializing Spring DispatcherServlet 'dispatcherServlet'
2025-07-14 19:35:37.720 [http-nio-8081-exec-2] INFO  o.s.web.servlet.DispatcherServlet - Initializing Servlet 'dispatcherServlet'
2025-07-14 19:35:37.721 [http-nio-8081-exec-2] INFO  o.s.web.servlet.DispatcherServlet - Completed initialization in 1 ms
2025-07-14 19:36:15.613 [http-nio-8081-exec-10] INFO  M.a.service.AuthServiceImpl - User test@gmail.com registered successfully
2025-07-14 19:47:32.564 [main] INFO  M.a.AuthServiceApplication - Starting AuthServiceApplication using Java 17.0.15 with PID 1612 (E:\miosm\auth-service\build\classes\java\main started by admin in E:\miosm\auth-service)
2025-07-14 19:47:32.570 [main] INFO  M.a.AuthServiceApplication - No active profile set, falling back to 1 default profile: "default"
2025-07-14 19:47:34.396 [main] INFO  o.s.cloud.context.scope.GenericScope - BeanFactory id=485a3147-b1ad-3f5a-9488-74711c179cb6
2025-07-14 19:47:34.510 [main] INFO  o.s.c.s.PostProcessorRegistrationDelegate$BeanPostProcessorChecker - Bean 'org.springframework.cloud.client.loadbalancer.reactive.LoadBalancerBeanPostProcessorAutoConfiguration' of type [org.springframework.cloud.client.loadbalancer.reactive.LoadBalancerBeanPostProcessorAutoConfiguration] is not eligible for getting processed by all BeanPostProcessors (for example: not eligible for auto-proxying)
2025-07-14 19:47:34.519 [main] INFO  o.s.c.s.PostProcessorRegistrationDelegate$BeanPostProcessorChecker - Bean 'org.springframework.cloud.client.loadbalancer.reactive.LoadBalancerBeanPostProcessorAutoConfiguration$ReactorDeferringLoadBalancerFilterConfig' of type [org.springframework.cloud.client.loadbalancer.reactive.LoadBalancerBeanPostProcessorAutoConfiguration$ReactorDeferringLoadBalancerFilterConfig] is not eligible for getting processed by all BeanPostProcessors (for example: not eligible for auto-proxying)
2025-07-14 19:47:34.525 [main] INFO  o.s.c.s.PostProcessorRegistrationDelegate$BeanPostProcessorChecker - Bean 'reactorDeferringLoadBalancerExchangeFilterFunction' of type [org.springframework.cloud.client.loadbalancer.reactive.DeferringLoadBalancerExchangeFilterFunction] is not eligible for getting processed by all BeanPostProcessors (for example: not eligible for auto-proxying)
2025-07-14 19:47:35.101 [main] INFO  o.s.b.w.e.tomcat.TomcatWebServer - Tomcat initialized with port(s): 8081 (http)
2025-07-14 19:47:35.120 [main] INFO  o.a.coyote.http11.Http11NioProtocol - Initializing ProtocolHandler ["http-nio-8081"]
2025-07-14 19:47:35.123 [main] INFO  o.a.catalina.core.StandardService - Starting service [Tomcat]
2025-07-14 19:47:35.124 [main] INFO  o.a.catalina.core.StandardEngine - Starting Servlet engine: [Apache Tomcat/10.1.19]
2025-07-14 19:47:35.304 [main] INFO  o.a.c.c.C.[Tomcat].[localhost].[/] - Initializing Spring embedded WebApplicationContext
2025-07-14 19:47:35.306 [main] INFO  o.s.b.w.s.c.ServletWebServerApplicationContext - Root WebApplicationContext: initialization completed in 2639 ms
2025-07-14 19:47:35.848 [main] WARN  o.s.b.a.s.s.UserDetailsServiceAutoConfiguration - 

Using generated security password: d21f791d-cf54-4e32-9dd1-337463140178

This generated password is for development use only. Your security configuration must be updated before running your application in production.

2025-07-14 19:47:36.236 [main] INFO  o.s.s.web.DefaultSecurityFilterChain - Will secure any request with [org.springframework.security.web.session.DisableEncodeUrlFilter@2e2f20b8, org.springframework.security.web.context.request.async.WebAsyncManagerIntegrationFilter@504497fa, org.springframework.security.web.context.SecurityContextHolderFilter@759a678a, org.springframework.security.web.header.HeaderWriterFilter@5fb8dc01, org.springframework.security.web.authentication.logout.LogoutFilter@113dcaf8, org.springframework.security.web.savedrequest.RequestCacheAwareFilter@14b8a751, org.springframework.security.web.servletapi.SecurityContextHolderAwareRequestFilter@3751acd7, org.springframework.security.web.authentication.AnonymousAuthenticationFilter@5618fc1f, org.springframework.security.web.access.ExceptionTranslationFilter@a21c74, org.springframework.security.web.access.intercept.AuthorizationFilter@3b28b7b0]
2025-07-14 19:47:36.996 [main] INFO  o.s.c.n.e.c.DiscoveryClientOptionalArgsConfiguration - Eureka HTTP Client uses RestTemplate.
2025-07-14 19:47:37.328 [main] WARN  o.s.c.l.c.LoadBalancerCacheAutoConfiguration$LoadBalancerCaffeineWarnLogger - Spring Cloud LoadBalancer is currently working with the default cache. While this cache implementation is useful for development and tests, it's recommended to use Caffeine cache in production.You can switch to using Caffeine cache, by adding it and org.springframework.cache.caffeine.CaffeineCacheManager to the classpath.
2025-07-14 19:47:37.396 [main] INFO  o.s.c.n.eureka.InstanceInfoFactory - Setting initial instance status as: STARTING
2025-07-14 19:47:37.539 [main] INFO  c.netflix.discovery.DiscoveryClient - Initializing Eureka in region us-east-1
2025-07-14 19:47:37.550 [main] INFO  c.n.d.s.r.aws.ConfigClusterResolver - Resolving eureka endpoints via configuration
2025-07-14 19:47:37.594 [main] INFO  c.netflix.discovery.DiscoveryClient - Disable delta property : false
2025-07-14 19:47:37.594 [main] INFO  c.netflix.discovery.DiscoveryClient - Single vip registry refresh property : null
2025-07-14 19:47:37.594 [main] INFO  c.netflix.discovery.DiscoveryClient - Force full registry fetch : false
2025-07-14 19:47:37.594 [main] INFO  c.netflix.discovery.DiscoveryClient - Application is null : false
2025-07-14 19:47:37.595 [main] INFO  c.netflix.discovery.DiscoveryClient - Registered Applications size is zero : true
2025-07-14 19:47:37.595 [main] INFO  c.netflix.discovery.DiscoveryClient - Application version is -1: true
2025-07-14 19:47:37.595 [main] INFO  c.netflix.discovery.DiscoveryClient - Getting all instance registry info from the eureka server
2025-07-14 19:47:38.280 [main] INFO  c.netflix.discovery.DiscoveryClient - The response status is 200
2025-07-14 19:47:38.284 [main] INFO  c.netflix.discovery.DiscoveryClient - Starting heartbeat executor: renew interval is: 30
2025-07-14 19:47:38.288 [main] INFO  c.n.discovery.InstanceInfoReplicator - InstanceInfoReplicator onDemand update allowed rate per min is 4
2025-07-14 19:47:38.298 [main] INFO  c.netflix.discovery.DiscoveryClient - Discovery Client initialized at timestamp 1752515258296 with initial instances count: 2
2025-07-14 19:47:38.301 [main] INFO  o.s.c.n.e.s.EurekaServiceRegistry - Registering application UNKNOWN with eureka with status UP
2025-07-14 19:47:38.302 [main] INFO  c.netflix.discovery.DiscoveryClient - Saw local status change event StatusChangeEvent [timestamp=1752515258302, current=UP, previous=STARTING]
2025-07-14 19:47:38.305 [DiscoveryClient-InstanceInfoReplicator-0] INFO  c.netflix.discovery.DiscoveryClient - DiscoveryClient_UNKNOWN/192.168.137.1:8081: registering service...
2025-07-14 19:47:38.307 [main] INFO  o.a.coyote.http11.Http11NioProtocol - Starting ProtocolHandler ["http-nio-8081"]
2025-07-14 19:47:38.348 [main] INFO  o.s.b.w.e.tomcat.TomcatWebServer - Tomcat started on port(s): 8081 (http) with context path ''
2025-07-14 19:47:38.350 [main] INFO  o.s.c.n.e.s.EurekaAutoServiceRegistration - Updating port to 8081
2025-07-14 19:47:38.383 [DiscoveryClient-InstanceInfoReplicator-0] INFO  c.netflix.discovery.DiscoveryClient - DiscoveryClient_UNKNOWN/192.168.137.1:8081 - registration status: 204
2025-07-14 19:47:38.520 [main] INFO  M.a.AuthServiceApplication - Started AuthServiceApplication in 6.904 seconds (process running for 7.517)
2025-07-14 19:47:47.997 [http-nio-8081-exec-1] INFO  o.a.c.c.C.[Tomcat].[localhost].[/] - Initializing Spring DispatcherServlet 'dispatcherServlet'
2025-07-14 19:47:47.998 [http-nio-8081-exec-1] INFO  o.s.web.servlet.DispatcherServlet - Initializing Servlet 'dispatcherServlet'
2025-07-14 19:47:47.999 [http-nio-8081-exec-1] INFO  o.s.web.servlet.DispatcherServlet - Completed initialization in 1 ms
2025-07-14 19:47:48.672 [http-nio-8081-exec-1] ERROR M.a.service.AuthServiceImpl - Login failed
org.springframework.web.reactive.function.client.WebClientResponseException$Unauthorized: 401 Unauthorized from POST http://localhost:8082/realms/master/protocol/openid-connect/token
	at org.springframework.web.reactive.function.client.WebClientResponseException.create(WebClientResponseException.java:309)
	Suppressed: reactor.core.publisher.FluxOnAssembly$OnAssemblyException: 
Error has been observed at the following site(s):
	*__checkpoint ⇢ 401 UNAUTHORIZED from POST http://localhost:8082/realms/master/protocol/openid-connect/token [DefaultWebClient]
Original Stack Trace:
		at org.springframework.web.reactive.function.client.WebClientResponseException.create(WebClientResponseException.java:309)
		at org.springframework.web.reactive.function.client.DefaultClientResponse.lambda$createException$1(DefaultClientResponse.java:214)
		at reactor.core.publisher.FluxMap$MapSubscriber.onNext(FluxMap.java:106)
		at reactor.core.publisher.FluxOnErrorReturn$ReturnSubscriber.onNext(FluxOnErrorReturn.java:162)
		at reactor.core.publisher.FluxDefaultIfEmpty$DefaultIfEmptySubscriber.onNext(FluxDefaultIfEmpty.java:122)
		at reactor.core.publisher.FluxMapFuseable$MapFuseableSubscriber.onNext(FluxMapFuseable.java:129)
		at reactor.core.publisher.FluxContextWrite$ContextWriteSubscriber.onNext(FluxContextWrite.java:107)
		at reactor.core.publisher.FluxMapFuseable$MapFuseableConditionalSubscriber.onNext(FluxMapFuseable.java:299)
		at reactor.core.publisher.FluxFilterFuseable$FilterFuseableConditionalSubscriber.onNext(FluxFilterFuseable.java:337)
		at reactor.core.publisher.Operators$BaseFluxToMonoOperator.completePossiblyEmpty(Operators.java:2071)
		at reactor.core.publisher.MonoCollect$CollectSubscriber.onComplete(MonoCollect.java:145)
		at reactor.core.publisher.FluxMap$MapSubscriber.onComplete(FluxMap.java:144)
		at reactor.core.publisher.FluxPeek$PeekSubscriber.onComplete(FluxPeek.java:260)
		at reactor.core.publisher.FluxMap$MapSubscriber.onComplete(FluxMap.java:144)
		at reactor.netty.channel.FluxReceive.onInboundComplete(FluxReceive.java:415)
		at reactor.netty.channel.ChannelOperations.onInboundComplete(ChannelOperations.java:446)
		at reactor.netty.channel.ChannelOperations.terminate(ChannelOperations.java:500)
		at reactor.netty.http.client.HttpClientOperations.onInboundNext(HttpClientOperations.java:782)
		at reactor.netty.channel.ChannelOperationsHandler.channelRead(ChannelOperationsHandler.java:114)
		at io.netty.channel.AbstractChannelHandlerContext.invokeChannelRead(AbstractChannelHandlerContext.java:444)
		at io.netty.channel.AbstractChannelHandlerContext.invokeChannelRead(AbstractChannelHandlerContext.java:420)
		at io.netty.channel.AbstractChannelHandlerContext.fireChannelRead(AbstractChannelHandlerContext.java:412)
		at io.netty.handler.codec.MessageToMessageDecoder.channelRead(MessageToMessageDecoder.java:103)
		at io.netty.channel.AbstractChannelHandlerContext.invokeChannelRead(AbstractChannelHandlerContext.java:444)
		at io.netty.channel.AbstractChannelHandlerContext.invokeChannelRead(AbstractChannelHandlerContext.java:420)
		at io.netty.channel.AbstractChannelHandlerContext.fireChannelRead(AbstractChannelHandlerContext.java:412)
		at io.netty.channel.CombinedChannelDuplexHandler$DelegatingChannelHandlerContext.fireChannelRead(CombinedChannelDuplexHandler.java:436)
		at io.netty.handler.codec.ByteToMessageDecoder.fireChannelRead(ByteToMessageDecoder.java:346)
		at io.netty.handler.codec.ByteToMessageDecoder.channelRead(ByteToMessageDecoder.java:318)
		at io.netty.channel.CombinedChannelDuplexHandler.channelRead(CombinedChannelDuplexHandler.java:251)
		at io.netty.channel.AbstractChannelHandlerContext.invokeChannelRead(AbstractChannelHandlerContext.java:442)
		at io.netty.channel.AbstractChannelHandlerContext.invokeChannelRead(AbstractChannelHandlerContext.java:420)
		at io.netty.channel.AbstractChannelHandlerContext.fireChannelRead(AbstractChannelHandlerContext.java:412)
		at io.netty.channel.DefaultChannelPipeline$HeadContext.channelRead(DefaultChannelPipeline.java:1410)
		at io.netty.channel.AbstractChannelHandlerContext.invokeChannelRead(AbstractChannelHandlerContext.java:440)
		at io.netty.channel.AbstractChannelHandlerContext.invokeChannelRead(AbstractChannelHandlerContext.java:420)
		at io.netty.channel.DefaultChannelPipeline.fireChannelRead(DefaultChannelPipeline.java:919)
		at io.netty.channel.nio.AbstractNioByteChannel$NioByteUnsafe.read(AbstractNioByteChannel.java:166)
		at io.netty.channel.nio.NioEventLoop.processSelectedKey(NioEventLoop.java:788)
		at io.netty.channel.nio.NioEventLoop.processSelectedKeysOptimized(NioEventLoop.java:724)
		at io.netty.channel.nio.NioEventLoop.processSelectedKeys(NioEventLoop.java:650)
		at io.netty.channel.nio.NioEventLoop.run(NioEventLoop.java:562)
		at io.netty.util.concurrent.SingleThreadEventExecutor$4.run(SingleThreadEventExecutor.java:997)
		at io.netty.util.internal.ThreadExecutorMap$2.run(ThreadExecutorMap.java:74)
		at io.netty.util.concurrent.FastThreadLocalRunnable.run(FastThreadLocalRunnable.java:30)
		at java.base/java.lang.Thread.run(Thread.java:840)
	Suppressed: java.lang.Exception: #block terminated with an error
		at reactor.core.publisher.BlockingSingleSubscriber.blockingGet(BlockingSingleSubscriber.java:103)
		at reactor.core.publisher.Mono.block(Mono.java:1712)
		at MIOSM.auth_service.service.AuthServiceImpl.login(AuthServiceImpl.java:90)
		at MIOSM.auth_service.controller.AuthController.login(AuthController.java:28)
		at java.base/jdk.internal.reflect.NativeMethodAccessorImpl.invoke0(Native Method)
		at java.base/jdk.internal.reflect.NativeMethodAccessorImpl.invoke(NativeMethodAccessorImpl.java:77)
		at java.base/jdk.internal.reflect.DelegatingMethodAccessorImpl.invoke(DelegatingMethodAccessorImpl.java:43)
		at java.base/java.lang.reflect.Method.invoke(Method.java:569)
		at org.springframework.web.method.support.InvocableHandlerMethod.doInvoke(InvocableHandlerMethod.java:205)
		at org.springframework.web.method.support.InvocableHandlerMethod.invokeForRequest(InvocableHandlerMethod.java:150)
		at org.springframework.web.servlet.mvc.method.annotation.ServletInvocableHandlerMethod.invokeAndHandle(ServletInvocableHandlerMethod.java:118)
		at org.springframework.web.servlet.mvc.method.annotation.RequestMappingHandlerAdapter.invokeHandlerMethod(RequestMappingHandlerAdapter.java:887)
		at org.springframework.web.servlet.mvc.method.annotation.RequestMappingHandlerAdapter.handleInternal(RequestMappingHandlerAdapter.java:798)
		at org.springframework.web.servlet.mvc.method.AbstractHandlerMethodAdapter.handle(AbstractHandlerMethodAdapter.java:87)
		at org.springframework.web.servlet.DispatcherServlet.doDispatch(DispatcherServlet.java:1081)
		at org.springframework.web.servlet.DispatcherServlet.doService(DispatcherServlet.java:974)
		at org.springframework.web.servlet.FrameworkServlet.processRequest(FrameworkServlet.java:1014)
		at org.springframework.web.servlet.FrameworkServlet.doPost(FrameworkServlet.java:914)
		at jakarta.servlet.http.HttpServlet.service(HttpServlet.java:590)
		at org.springframework.web.servlet.FrameworkServlet.service(FrameworkServlet.java:885)
		at jakarta.servlet.http.HttpServlet.service(HttpServlet.java:658)
		at org.apache.catalina.core.ApplicationFilterChain.internalDoFilter(ApplicationFilterChain.java:205)
		at org.apache.catalina.core.ApplicationFilterChain.doFilter(ApplicationFilterChain.java:149)
		at org.apache.tomcat.websocket.server.WsFilter.doFilter(WsFilter.java:51)
		at org.apache.catalina.core.ApplicationFilterChain.internalDoFilter(ApplicationFilterChain.java:174)
		at org.apache.catalina.core.ApplicationFilterChain.doFilter(ApplicationFilterChain.java:149)
		at org.springframework.web.filter.CompositeFilter$VirtualFilterChain.doFilter(CompositeFilter.java:108)
		at org.springframework.security.web.FilterChainProxy.lambda$doFilterInternal$3(FilterChainProxy.java:231)
		at org.springframework.security.web.FilterChainProxy$VirtualFilterChain.doFilter(FilterChainProxy.java:365)
		at org.springframework.security.web.access.intercept.AuthorizationFilter.doFilter(AuthorizationFilter.java:100)
		at org.springframework.security.web.FilterChainProxy$VirtualFilterChain.doFilter(FilterChainProxy.java:374)
		at org.springframework.security.web.access.ExceptionTranslationFilter.doFilter(ExceptionTranslationFilter.java:126)
		at org.springframework.security.web.access.ExceptionTranslationFilter.doFilter(ExceptionTranslationFilter.java:120)
		at org.springframework.security.web.FilterChainProxy$VirtualFilterChain.doFilter(FilterChainProxy.java:374)
		at org.springframework.security.web.authentication.AnonymousAuthenticationFilter.doFilter(AnonymousAuthenticationFilter.java:100)
		at org.springframework.security.web.FilterChainProxy$VirtualFilterChain.doFilter(FilterChainProxy.java:374)
		at org.springframework.security.web.servletapi.SecurityContextHolderAwareRequestFilter.doFilter(SecurityContextHolderAwareRequestFilter.java:179)
		at org.springframework.security.web.FilterChainProxy$VirtualFilterChain.doFilter(FilterChainProxy.java:374)
		at org.springframework.security.web.savedrequest.RequestCacheAwareFilter.doFilter(RequestCacheAwareFilter.java:63)
		at org.springframework.security.web.FilterChainProxy$VirtualFilterChain.doFilter(FilterChainProxy.java:374)
		at org.springframework.security.web.authentication.logout.LogoutFilter.doFilter(LogoutFilter.java:107)
		at org.springframework.security.web.authentication.logout.LogoutFilter.doFilter(LogoutFilter.java:93)
		at org.springframework.security.web.FilterChainProxy$VirtualFilterChain.doFilter(FilterChainProxy.java:374)
		at org.springframework.security.web.header.HeaderWriterFilter.doHeadersAfter(HeaderWriterFilter.java:90)
		at org.springframework.security.web.header.HeaderWriterFilter.doFilterInternal(HeaderWriterFilter.java:75)
		at org.springframework.web.filter.OncePerRequestFilter.doFilter(OncePerRequestFilter.java:116)
		at org.springframework.security.web.FilterChainProxy$VirtualFilterChain.doFilter(FilterChainProxy.java:374)
		at org.springframework.security.web.context.SecurityContextHolderFilter.doFilter(SecurityContextHolderFilter.java:82)
		at org.springframework.security.web.context.SecurityContextHolderFilter.doFilter(SecurityContextHolderFilter.java:69)
		at org.springframework.security.web.FilterChainProxy$VirtualFilterChain.doFilter(FilterChainProxy.java:374)
		at org.springframework.security.web.context.request.async.WebAsyncManagerIntegrationFilter.doFilterInternal(WebAsyncManagerIntegrationFilter.java:62)
		at org.springframework.web.filter.OncePerRequestFilter.doFilter(OncePerRequestFilter.java:116)
		at org.springframework.security.web.FilterChainProxy$VirtualFilterChain.doFilter(FilterChainProxy.java:374)
		at org.springframework.security.web.session.DisableEncodeUrlFilter.doFilterInternal(DisableEncodeUrlFilter.java:42)
		at org.springframework.web.filter.OncePerRequestFilter.doFilter(OncePerRequestFilter.java:116)
		at org.springframework.security.web.FilterChainProxy$VirtualFilterChain.doFilter(FilterChainProxy.java:374)
		at org.springframework.security.web.FilterChainProxy.doFilterInternal(FilterChainProxy.java:233)
		at org.springframework.security.web.FilterChainProxy.doFilter(FilterChainProxy.java:191)
		at org.springframework.web.filter.CompositeFilter$VirtualFilterChain.doFilter(CompositeFilter.java:113)
		at org.springframework.web.servlet.handler.HandlerMappingIntrospector.lambda$createCacheFilter$3(HandlerMappingIntrospector.java:195)
		at org.springframework.web.filter.CompositeFilter$VirtualFilterChain.doFilter(CompositeFilter.java:113)
		at org.springframework.web.filter.CompositeFilter.doFilter(CompositeFilter.java:74)
		at org.springframework.security.config.annotation.web.configuration.WebMvcSecurityConfiguration$CompositeFilterChainProxy.doFilter(WebMvcSecurityConfiguration.java:230)
		at org.springframework.web.filter.DelegatingFilterProxy.invokeDelegate(DelegatingFilterProxy.java:352)
		at org.springframework.web.filter.DelegatingFilterProxy.doFilter(DelegatingFilterProxy.java:268)
		at org.apache.catalina.core.ApplicationFilterChain.internalDoFilter(ApplicationFilterChain.java:174)
		at org.apache.catalina.core.ApplicationFilterChain.doFilter(ApplicationFilterChain.java:149)
		at org.springframework.web.filter.RequestContextFilter.doFilterInternal(RequestContextFilter.java:100)
		at org.springframework.web.filter.OncePerRequestFilter.doFilter(OncePerRequestFilter.java:116)
		at org.apache.catalina.core.ApplicationFilterChain.internalDoFilter(ApplicationFilterChain.java:174)
		at org.apache.catalina.core.ApplicationFilterChain.doFilter(ApplicationFilterChain.java:149)
		at org.springframework.web.filter.FormContentFilter.doFilterInternal(FormContentFilter.java:93)
		at org.springframework.web.filter.OncePerRequestFilter.doFilter(OncePerRequestFilter.java:116)
		at org.apache.catalina.core.ApplicationFilterChain.internalDoFilter(ApplicationFilterChain.java:174)
		at org.apache.catalina.core.ApplicationFilterChain.doFilter(ApplicationFilterChain.java:149)
		at org.springframework.web.filter.CharacterEncodingFilter.doFilterInternal(CharacterEncodingFilter.java:201)
		at org.springframework.web.filter.OncePerRequestFilter.doFilter(OncePerRequestFilter.java:116)
		at org.apache.catalina.core.ApplicationFilterChain.internalDoFilter(ApplicationFilterChain.java:174)
		at org.apache.catalina.core.ApplicationFilterChain.doFilter(ApplicationFilterChain.java:149)
		at org.apache.catalina.core.StandardWrapperValve.invoke(StandardWrapperValve.java:167)
		at org.apache.catalina.core.StandardContextValve.invoke(StandardContextValve.java:90)
		at org.apache.catalina.authenticator.AuthenticatorBase.invoke(AuthenticatorBase.java:482)
		at org.apache.catalina.core.StandardHostValve.invoke(StandardHostValve.java:115)
		at org.apache.catalina.valves.ErrorReportValve.invoke(ErrorReportValve.java:93)
		at org.apache.catalina.core.StandardEngineValve.invoke(StandardEngineValve.java:74)
		at org.apache.catalina.connector.CoyoteAdapter.service(CoyoteAdapter.java:344)
		at org.apache.coyote.http11.Http11Processor.service(Http11Processor.java:391)
		at org.apache.coyote.AbstractProcessorLight.process(AbstractProcessorLight.java:63)
		at org.apache.coyote.AbstractProtocol$ConnectionHandler.process(AbstractProtocol.java:896)
		at org.apache.tomcat.util.net.NioEndpoint$SocketProcessor.doRun(NioEndpoint.java:1744)
		at org.apache.tomcat.util.net.SocketProcessorBase.run(SocketProcessorBase.java:52)
		at org.apache.tomcat.util.threads.ThreadPoolExecutor.runWorker(ThreadPoolExecutor.java:1191)
		at org.apache.tomcat.util.threads.ThreadPoolExecutor$Worker.run(ThreadPoolExecutor.java:659)
		at org.apache.tomcat.util.threads.TaskThread$WrappingRunnable.run(TaskThread.java:63)
		at java.base/java.lang.Thread.run(Thread.java:840)
2025-07-14 19:47:58.064 [http-nio-8081-exec-4] ERROR M.a.service.AuthServiceImpl - Error registering user
org.springframework.web.reactive.function.client.WebClientResponseException$Conflict: 409 Conflict from POST http://localhost:8082/admin/realms/master/users
	at org.springframework.web.reactive.function.client.WebClientResponseException.create(WebClientResponseException.java:319)
	Suppressed: reactor.core.publisher.FluxOnAssembly$OnAssemblyException: 
Error has been observed at the following site(s):
	*__checkpoint ⇢ 409 CONFLICT from POST http://localhost:8082/admin/realms/master/users [DefaultWebClient]
Original Stack Trace:
		at org.springframework.web.reactive.function.client.WebClientResponseException.create(WebClientResponseException.java:319)
		at org.springframework.web.reactive.function.client.DefaultClientResponse.lambda$createException$1(DefaultClientResponse.java:214)
		at reactor.core.publisher.FluxMap$MapSubscriber.onNext(FluxMap.java:106)
		at reactor.core.publisher.FluxOnErrorReturn$ReturnSubscriber.onNext(FluxOnErrorReturn.java:162)
		at reactor.core.publisher.FluxDefaultIfEmpty$DefaultIfEmptySubscriber.onNext(FluxDefaultIfEmpty.java:122)
		at reactor.core.publisher.FluxMapFuseable$MapFuseableSubscriber.onNext(FluxMapFuseable.java:129)
		at reactor.core.publisher.FluxContextWrite$ContextWriteSubscriber.onNext(FluxContextWrite.java:107)
		at reactor.core.publisher.FluxMapFuseable$MapFuseableConditionalSubscriber.onNext(FluxMapFuseable.java:299)
		at reactor.core.publisher.FluxFilterFuseable$FilterFuseableConditionalSubscriber.onNext(FluxFilterFuseable.java:337)
		at reactor.core.publisher.Operators$BaseFluxToMonoOperator.completePossiblyEmpty(Operators.java:2071)
		at reactor.core.publisher.MonoCollect$CollectSubscriber.onComplete(MonoCollect.java:145)
		at reactor.core.publisher.FluxMap$MapSubscriber.onComplete(FluxMap.java:144)
		at reactor.core.publisher.FluxPeek$PeekSubscriber.onComplete(FluxPeek.java:260)
		at reactor.core.publisher.FluxMap$MapSubscriber.onComplete(FluxMap.java:144)
		at reactor.netty.channel.FluxReceive.onInboundComplete(FluxReceive.java:415)
		at reactor.netty.channel.ChannelOperations.onInboundComplete(ChannelOperations.java:446)
		at reactor.netty.channel.ChannelOperations.terminate(ChannelOperations.java:500)
		at reactor.netty.http.client.HttpClientOperations.onInboundNext(HttpClientOperations.java:782)
		at reactor.netty.channel.ChannelOperationsHandler.channelRead(ChannelOperationsHandler.java:114)
		at io.netty.channel.AbstractChannelHandlerContext.invokeChannelRead(AbstractChannelHandlerContext.java:444)
		at io.netty.channel.AbstractChannelHandlerContext.invokeChannelRead(AbstractChannelHandlerContext.java:420)
		at io.netty.channel.AbstractChannelHandlerContext.fireChannelRead(AbstractChannelHandlerContext.java:412)
		at io.netty.handler.codec.MessageToMessageDecoder.channelRead(MessageToMessageDecoder.java:103)
		at io.netty.channel.AbstractChannelHandlerContext.invokeChannelRead(AbstractChannelHandlerContext.java:444)
		at io.netty.channel.AbstractChannelHandlerContext.invokeChannelRead(AbstractChannelHandlerContext.java:420)
		at io.netty.channel.AbstractChannelHandlerContext.fireChannelRead(AbstractChannelHandlerContext.java:412)
		at io.netty.channel.CombinedChannelDuplexHandler$DelegatingChannelHandlerContext.fireChannelRead(CombinedChannelDuplexHandler.java:436)
		at io.netty.handler.codec.ByteToMessageDecoder.fireChannelRead(ByteToMessageDecoder.java:346)
		at io.netty.handler.codec.ByteToMessageDecoder.channelRead(ByteToMessageDecoder.java:318)
		at io.netty.channel.CombinedChannelDuplexHandler.channelRead(CombinedChannelDuplexHandler.java:251)
		at io.netty.channel.AbstractChannelHandlerContext.invokeChannelRead(AbstractChannelHandlerContext.java:442)
		at io.netty.channel.AbstractChannelHandlerContext.invokeChannelRead(AbstractChannelHandlerContext.java:420)
		at io.netty.channel.AbstractChannelHandlerContext.fireChannelRead(AbstractChannelHandlerContext.java:412)
		at io.netty.channel.DefaultChannelPipeline$HeadContext.channelRead(DefaultChannelPipeline.java:1410)
		at io.netty.channel.AbstractChannelHandlerContext.invokeChannelRead(AbstractChannelHandlerContext.java:440)
		at io.netty.channel.AbstractChannelHandlerContext.invokeChannelRead(AbstractChannelHandlerContext.java:420)
		at io.netty.channel.DefaultChannelPipeline.fireChannelRead(DefaultChannelPipeline.java:919)
		at io.netty.channel.nio.AbstractNioByteChannel$NioByteUnsafe.read(AbstractNioByteChannel.java:166)
		at io.netty.channel.nio.NioEventLoop.processSelectedKey(NioEventLoop.java:788)
		at io.netty.channel.nio.NioEventLoop.processSelectedKeysOptimized(NioEventLoop.java:724)
		at io.netty.channel.nio.NioEventLoop.processSelectedKeys(NioEventLoop.java:650)
		at io.netty.channel.nio.NioEventLoop.run(NioEventLoop.java:562)
		at io.netty.util.concurrent.SingleThreadEventExecutor$4.run(SingleThreadEventExecutor.java:997)
		at io.netty.util.internal.ThreadExecutorMap$2.run(ThreadExecutorMap.java:74)
		at io.netty.util.concurrent.FastThreadLocalRunnable.run(FastThreadLocalRunnable.java:30)
		at java.base/java.lang.Thread.run(Thread.java:840)
	Suppressed: java.lang.Exception: #block terminated with an error
		at reactor.core.publisher.BlockingSingleSubscriber.blockingGet(BlockingSingleSubscriber.java:103)
		at reactor.core.publisher.Mono.block(Mono.java:1712)
		at MIOSM.auth_service.service.AuthServiceImpl.register(AuthServiceImpl.java:66)
		at MIOSM.auth_service.controller.AuthController.register(AuthController.java:22)
		at java.base/jdk.internal.reflect.NativeMethodAccessorImpl.invoke0(Native Method)
		at java.base/jdk.internal.reflect.NativeMethodAccessorImpl.invoke(NativeMethodAccessorImpl.java:77)
		at java.base/jdk.internal.reflect.DelegatingMethodAccessorImpl.invoke(DelegatingMethodAccessorImpl.java:43)
		at java.base/java.lang.reflect.Method.invoke(Method.java:569)
		at org.springframework.web.method.support.InvocableHandlerMethod.doInvoke(InvocableHandlerMethod.java:205)
		at org.springframework.web.method.support.InvocableHandlerMethod.invokeForRequest(InvocableHandlerMethod.java:150)
		at org.springframework.web.servlet.mvc.method.annotation.ServletInvocableHandlerMethod.invokeAndHandle(ServletInvocableHandlerMethod.java:118)
		at org.springframework.web.servlet.mvc.method.annotation.RequestMappingHandlerAdapter.invokeHandlerMethod(RequestMappingHandlerAdapter.java:887)
		at org.springframework.web.servlet.mvc.method.annotation.RequestMappingHandlerAdapter.handleInternal(RequestMappingHandlerAdapter.java:798)
		at org.springframework.web.servlet.mvc.method.AbstractHandlerMethodAdapter.handle(AbstractHandlerMethodAdapter.java:87)
		at org.springframework.web.servlet.DispatcherServlet.doDispatch(DispatcherServlet.java:1081)
		at org.springframework.web.servlet.DispatcherServlet.doService(DispatcherServlet.java:974)
		at org.springframework.web.servlet.FrameworkServlet.processRequest(FrameworkServlet.java:1014)
		at org.springframework.web.servlet.FrameworkServlet.doPost(FrameworkServlet.java:914)
		at jakarta.servlet.http.HttpServlet.service(HttpServlet.java:590)
		at org.springframework.web.servlet.FrameworkServlet.service(FrameworkServlet.java:885)
		at jakarta.servlet.http.HttpServlet.service(HttpServlet.java:658)
		at org.apache.catalina.core.ApplicationFilterChain.internalDoFilter(ApplicationFilterChain.java:205)
		at org.apache.catalina.core.ApplicationFilterChain.doFilter(ApplicationFilterChain.java:149)
		at org.apache.tomcat.websocket.server.WsFilter.doFilter(WsFilter.java:51)
		at org.apache.catalina.core.ApplicationFilterChain.internalDoFilter(ApplicationFilterChain.java:174)
		at org.apache.catalina.core.ApplicationFilterChain.doFilter(ApplicationFilterChain.java:149)
		at org.springframework.web.filter.CompositeFilter$VirtualFilterChain.doFilter(CompositeFilter.java:108)
		at org.springframework.security.web.FilterChainProxy.lambda$doFilterInternal$3(FilterChainProxy.java:231)
		at org.springframework.security.web.FilterChainProxy$VirtualFilterChain.doFilter(FilterChainProxy.java:365)
		at org.springframework.security.web.access.intercept.AuthorizationFilter.doFilter(AuthorizationFilter.java:100)
		at org.springframework.security.web.FilterChainProxy$VirtualFilterChain.doFilter(FilterChainProxy.java:374)
		at org.springframework.security.web.access.ExceptionTranslationFilter.doFilter(ExceptionTranslationFilter.java:126)
		at org.springframework.security.web.access.ExceptionTranslationFilter.doFilter(ExceptionTranslationFilter.java:120)
		at org.springframework.security.web.FilterChainProxy$VirtualFilterChain.doFilter(FilterChainProxy.java:374)
		at org.springframework.security.web.authentication.AnonymousAuthenticationFilter.doFilter(AnonymousAuthenticationFilter.java:100)
		at org.springframework.security.web.FilterChainProxy$VirtualFilterChain.doFilter(FilterChainProxy.java:374)
		at org.springframework.security.web.servletapi.SecurityContextHolderAwareRequestFilter.doFilter(SecurityContextHolderAwareRequestFilter.java:179)
		at org.springframework.security.web.FilterChainProxy$VirtualFilterChain.doFilter(FilterChainProxy.java:374)
		at org.springframework.security.web.savedrequest.RequestCacheAwareFilter.doFilter(RequestCacheAwareFilter.java:63)
		at org.springframework.security.web.FilterChainProxy$VirtualFilterChain.doFilter(FilterChainProxy.java:374)
		at org.springframework.security.web.authentication.logout.LogoutFilter.doFilter(LogoutFilter.java:107)
		at org.springframework.security.web.authentication.logout.LogoutFilter.doFilter(LogoutFilter.java:93)
		at org.springframework.security.web.FilterChainProxy$VirtualFilterChain.doFilter(FilterChainProxy.java:374)
		at org.springframework.security.web.header.HeaderWriterFilter.doHeadersAfter(HeaderWriterFilter.java:90)
		at org.springframework.security.web.header.HeaderWriterFilter.doFilterInternal(HeaderWriterFilter.java:75)
		at org.springframework.web.filter.OncePerRequestFilter.doFilter(OncePerRequestFilter.java:116)
		at org.springframework.security.web.FilterChainProxy$VirtualFilterChain.doFilter(FilterChainProxy.java:374)
		at org.springframework.security.web.context.SecurityContextHolderFilter.doFilter(SecurityContextHolderFilter.java:82)
		at org.springframework.security.web.context.SecurityContextHolderFilter.doFilter(SecurityContextHolderFilter.java:69)
		at org.springframework.security.web.FilterChainProxy$VirtualFilterChain.doFilter(FilterChainProxy.java:374)
		at org.springframework.security.web.context.request.async.WebAsyncManagerIntegrationFilter.doFilterInternal(WebAsyncManagerIntegrationFilter.java:62)
		at org.springframework.web.filter.OncePerRequestFilter.doFilter(OncePerRequestFilter.java:116)
		at org.springframework.security.web.FilterChainProxy$VirtualFilterChain.doFilter(FilterChainProxy.java:374)
		at org.springframework.security.web.session.DisableEncodeUrlFilter.doFilterInternal(DisableEncodeUrlFilter.java:42)
		at org.springframework.web.filter.OncePerRequestFilter.doFilter(OncePerRequestFilter.java:116)
		at org.springframework.security.web.FilterChainProxy$VirtualFilterChain.doFilter(FilterChainProxy.java:374)
		at org.springframework.security.web.FilterChainProxy.doFilterInternal(FilterChainProxy.java:233)
		at org.springframework.security.web.FilterChainProxy.doFilter(FilterChainProxy.java:191)
		at org.springframework.web.filter.CompositeFilter$VirtualFilterChain.doFilter(CompositeFilter.java:113)
		at org.springframework.web.servlet.handler.HandlerMappingIntrospector.lambda$createCacheFilter$3(HandlerMappingIntrospector.java:195)
		at org.springframework.web.filter.CompositeFilter$VirtualFilterChain.doFilter(CompositeFilter.java:113)
		at org.springframework.web.filter.CompositeFilter.doFilter(CompositeFilter.java:74)
		at org.springframework.security.config.annotation.web.configuration.WebMvcSecurityConfiguration$CompositeFilterChainProxy.doFilter(WebMvcSecurityConfiguration.java:230)
		at org.springframework.web.filter.DelegatingFilterProxy.invokeDelegate(DelegatingFilterProxy.java:352)
		at org.springframework.web.filter.DelegatingFilterProxy.doFilter(DelegatingFilterProxy.java:268)
		at org.apache.catalina.core.ApplicationFilterChain.internalDoFilter(ApplicationFilterChain.java:174)
		at org.apache.catalina.core.ApplicationFilterChain.doFilter(ApplicationFilterChain.java:149)
		at org.springframework.web.filter.RequestContextFilter.doFilterInternal(RequestContextFilter.java:100)
		at org.springframework.web.filter.OncePerRequestFilter.doFilter(OncePerRequestFilter.java:116)
		at org.apache.catalina.core.ApplicationFilterChain.internalDoFilter(ApplicationFilterChain.java:174)
		at org.apache.catalina.core.ApplicationFilterChain.doFilter(ApplicationFilterChain.java:149)
		at org.springframework.web.filter.FormContentFilter.doFilterInternal(FormContentFilter.java:93)
		at org.springframework.web.filter.OncePerRequestFilter.doFilter(OncePerRequestFilter.java:116)
		at org.apache.catalina.core.ApplicationFilterChain.internalDoFilter(ApplicationFilterChain.java:174)
		at org.apache.catalina.core.ApplicationFilterChain.doFilter(ApplicationFilterChain.java:149)
		at org.springframework.web.filter.CharacterEncodingFilter.doFilterInternal(CharacterEncodingFilter.java:201)
		at org.springframework.web.filter.OncePerRequestFilter.doFilter(OncePerRequestFilter.java:116)
		at org.apache.catalina.core.ApplicationFilterChain.internalDoFilter(ApplicationFilterChain.java:174)
		at org.apache.catalina.core.ApplicationFilterChain.doFilter(ApplicationFilterChain.java:149)
		at org.apache.catalina.core.StandardWrapperValve.invoke(StandardWrapperValve.java:167)
		at org.apache.catalina.core.StandardContextValve.invoke(StandardContextValve.java:90)
		at org.apache.catalina.authenticator.AuthenticatorBase.invoke(AuthenticatorBase.java:482)
		at org.apache.catalina.core.StandardHostValve.invoke(StandardHostValve.java:115)
		at org.apache.catalina.valves.ErrorReportValve.invoke(ErrorReportValve.java:93)
		at org.apache.catalina.core.StandardEngineValve.invoke(StandardEngineValve.java:74)
		at org.apache.catalina.connector.CoyoteAdapter.service(CoyoteAdapter.java:344)
		at org.apache.coyote.http11.Http11Processor.service(Http11Processor.java:391)
		at org.apache.coyote.AbstractProcessorLight.process(AbstractProcessorLight.java:63)
		at org.apache.coyote.AbstractProtocol$ConnectionHandler.process(AbstractProtocol.java:896)
		at org.apache.tomcat.util.net.NioEndpoint$SocketProcessor.doRun(NioEndpoint.java:1744)
		at org.apache.tomcat.util.net.SocketProcessorBase.run(SocketProcessorBase.java:52)
		at org.apache.tomcat.util.threads.ThreadPoolExecutor.runWorker(ThreadPoolExecutor.java:1191)
		at org.apache.tomcat.util.threads.ThreadPoolExecutor$Worker.run(ThreadPoolExecutor.java:659)
		at org.apache.tomcat.util.threads.TaskThread$WrappingRunnable.run(TaskThread.java:63)
		at java.base/java.lang.Thread.run(Thread.java:840)
2025-07-14 19:48:37.629 [http-nio-8081-exec-5] INFO  M.a.service.AuthServiceImpl - User test2@gmail.com registered successfully
2025-07-14 19:48:44.963 [http-nio-8081-exec-7] ERROR M.a.service.AuthServiceImpl - Login failed
org.springframework.web.reactive.function.client.WebClientResponseException$Unauthorized: 401 Unauthorized from POST http://localhost:8082/realms/master/protocol/openid-connect/token
	at org.springframework.web.reactive.function.client.WebClientResponseException.create(WebClientResponseException.java:309)
	Suppressed: reactor.core.publisher.FluxOnAssembly$OnAssemblyException: 
Error has been observed at the following site(s):
	*__checkpoint ⇢ 401 UNAUTHORIZED from POST http://localhost:8082/realms/master/protocol/openid-connect/token [DefaultWebClient]
Original Stack Trace:
		at org.springframework.web.reactive.function.client.WebClientResponseException.create(WebClientResponseException.java:309)
		at org.springframework.web.reactive.function.client.DefaultClientResponse.lambda$createException$1(DefaultClientResponse.java:214)
		at reactor.core.publisher.FluxMap$MapSubscriber.onNext(FluxMap.java:106)
		at reactor.core.publisher.FluxOnErrorReturn$ReturnSubscriber.onNext(FluxOnErrorReturn.java:162)
		at reactor.core.publisher.FluxDefaultIfEmpty$DefaultIfEmptySubscriber.onNext(FluxDefaultIfEmpty.java:122)
		at reactor.core.publisher.FluxMapFuseable$MapFuseableSubscriber.onNext(FluxMapFuseable.java:129)
		at reactor.core.publisher.FluxContextWrite$ContextWriteSubscriber.onNext(FluxContextWrite.java:107)
		at reactor.core.publisher.FluxMapFuseable$MapFuseableConditionalSubscriber.onNext(FluxMapFuseable.java:299)
		at reactor.core.publisher.FluxFilterFuseable$FilterFuseableConditionalSubscriber.onNext(FluxFilterFuseable.java:337)
		at reactor.core.publisher.Operators$BaseFluxToMonoOperator.completePossiblyEmpty(Operators.java:2071)
		at reactor.core.publisher.MonoCollect$CollectSubscriber.onComplete(MonoCollect.java:145)
		at reactor.core.publisher.FluxMap$MapSubscriber.onComplete(FluxMap.java:144)
		at reactor.core.publisher.FluxPeek$PeekSubscriber.onComplete(FluxPeek.java:260)
		at reactor.core.publisher.FluxMap$MapSubscriber.onComplete(FluxMap.java:144)
		at reactor.netty.channel.FluxReceive.onInboundComplete(FluxReceive.java:415)
		at reactor.netty.channel.ChannelOperations.onInboundComplete(ChannelOperations.java:446)
		at reactor.netty.channel.ChannelOperations.terminate(ChannelOperations.java:500)
		at reactor.netty.http.client.HttpClientOperations.onInboundNext(HttpClientOperations.java:782)
		at reactor.netty.channel.ChannelOperationsHandler.channelRead(ChannelOperationsHandler.java:114)
		at io.netty.channel.AbstractChannelHandlerContext.invokeChannelRead(AbstractChannelHandlerContext.java:444)
		at io.netty.channel.AbstractChannelHandlerContext.invokeChannelRead(AbstractChannelHandlerContext.java:420)
		at io.netty.channel.AbstractChannelHandlerContext.fireChannelRead(AbstractChannelHandlerContext.java:412)
		at io.netty.handler.codec.MessageToMessageDecoder.channelRead(MessageToMessageDecoder.java:103)
		at io.netty.channel.AbstractChannelHandlerContext.invokeChannelRead(AbstractChannelHandlerContext.java:444)
		at io.netty.channel.AbstractChannelHandlerContext.invokeChannelRead(AbstractChannelHandlerContext.java:420)
		at io.netty.channel.AbstractChannelHandlerContext.fireChannelRead(AbstractChannelHandlerContext.java:412)
		at io.netty.channel.CombinedChannelDuplexHandler$DelegatingChannelHandlerContext.fireChannelRead(CombinedChannelDuplexHandler.java:436)
		at io.netty.handler.codec.ByteToMessageDecoder.fireChannelRead(ByteToMessageDecoder.java:346)
		at io.netty.handler.codec.ByteToMessageDecoder.channelRead(ByteToMessageDecoder.java:318)
		at io.netty.channel.CombinedChannelDuplexHandler.channelRead(CombinedChannelDuplexHandler.java:251)
		at io.netty.channel.AbstractChannelHandlerContext.invokeChannelRead(AbstractChannelHandlerContext.java:442)
		at io.netty.channel.AbstractChannelHandlerContext.invokeChannelRead(AbstractChannelHandlerContext.java:420)
		at io.netty.channel.AbstractChannelHandlerContext.fireChannelRead(AbstractChannelHandlerContext.java:412)
		at io.netty.channel.DefaultChannelPipeline$HeadContext.channelRead(DefaultChannelPipeline.java:1410)
		at io.netty.channel.AbstractChannelHandlerContext.invokeChannelRead(AbstractChannelHandlerContext.java:440)
		at io.netty.channel.AbstractChannelHandlerContext.invokeChannelRead(AbstractChannelHandlerContext.java:420)
		at io.netty.channel.DefaultChannelPipeline.fireChannelRead(DefaultChannelPipeline.java:919)
		at io.netty.channel.nio.AbstractNioByteChannel$NioByteUnsafe.read(AbstractNioByteChannel.java:166)
		at io.netty.channel.nio.NioEventLoop.processSelectedKey(NioEventLoop.java:788)
		at io.netty.channel.nio.NioEventLoop.processSelectedKeysOptimized(NioEventLoop.java:724)
		at io.netty.channel.nio.NioEventLoop.processSelectedKeys(NioEventLoop.java:650)
		at io.netty.channel.nio.NioEventLoop.run(NioEventLoop.java:562)
		at io.netty.util.concurrent.SingleThreadEventExecutor$4.run(SingleThreadEventExecutor.java:997)
		at io.netty.util.internal.ThreadExecutorMap$2.run(ThreadExecutorMap.java:74)
		at io.netty.util.concurrent.FastThreadLocalRunnable.run(FastThreadLocalRunnable.java:30)
		at java.base/java.lang.Thread.run(Thread.java:840)
	Suppressed: java.lang.Exception: #block terminated with an error
		at reactor.core.publisher.BlockingSingleSubscriber.blockingGet(BlockingSingleSubscriber.java:103)
		at reactor.core.publisher.Mono.block(Mono.java:1712)
		at MIOSM.auth_service.service.AuthServiceImpl.login(AuthServiceImpl.java:90)
		at MIOSM.auth_service.controller.AuthController.login(AuthController.java:28)
		at java.base/jdk.internal.reflect.NativeMethodAccessorImpl.invoke0(Native Method)
		at java.base/jdk.internal.reflect.NativeMethodAccessorImpl.invoke(NativeMethodAccessorImpl.java:77)
		at java.base/jdk.internal.reflect.DelegatingMethodAccessorImpl.invoke(DelegatingMethodAccessorImpl.java:43)
		at java.base/java.lang.reflect.Method.invoke(Method.java:569)
		at org.springframework.web.method.support.InvocableHandlerMethod.doInvoke(InvocableHandlerMethod.java:205)
		at org.springframework.web.method.support.InvocableHandlerMethod.invokeForRequest(InvocableHandlerMethod.java:150)
		at org.springframework.web.servlet.mvc.method.annotation.ServletInvocableHandlerMethod.invokeAndHandle(ServletInvocableHandlerMethod.java:118)
		at org.springframework.web.servlet.mvc.method.annotation.RequestMappingHandlerAdapter.invokeHandlerMethod(RequestMappingHandlerAdapter.java:887)
		at org.springframework.web.servlet.mvc.method.annotation.RequestMappingHandlerAdapter.handleInternal(RequestMappingHandlerAdapter.java:798)
		at org.springframework.web.servlet.mvc.method.AbstractHandlerMethodAdapter.handle(AbstractHandlerMethodAdapter.java:87)
		at org.springframework.web.servlet.DispatcherServlet.doDispatch(DispatcherServlet.java:1081)
		at org.springframework.web.servlet.DispatcherServlet.doService(DispatcherServlet.java:974)
		at org.springframework.web.servlet.FrameworkServlet.processRequest(FrameworkServlet.java:1014)
		at org.springframework.web.servlet.FrameworkServlet.doPost(FrameworkServlet.java:914)
		at jakarta.servlet.http.HttpServlet.service(HttpServlet.java:590)
		at org.springframework.web.servlet.FrameworkServlet.service(FrameworkServlet.java:885)
		at jakarta.servlet.http.HttpServlet.service(HttpServlet.java:658)
		at org.apache.catalina.core.ApplicationFilterChain.internalDoFilter(ApplicationFilterChain.java:205)
		at org.apache.catalina.core.ApplicationFilterChain.doFilter(ApplicationFilterChain.java:149)
		at org.apache.tomcat.websocket.server.WsFilter.doFilter(WsFilter.java:51)
		at org.apache.catalina.core.ApplicationFilterChain.internalDoFilter(ApplicationFilterChain.java:174)
		at org.apache.catalina.core.ApplicationFilterChain.doFilter(ApplicationFilterChain.java:149)
		at org.springframework.web.filter.CompositeFilter$VirtualFilterChain.doFilter(CompositeFilter.java:108)
		at org.springframework.security.web.FilterChainProxy.lambda$doFilterInternal$3(FilterChainProxy.java:231)
		at org.springframework.security.web.FilterChainProxy$VirtualFilterChain.doFilter(FilterChainProxy.java:365)
		at org.springframework.security.web.access.intercept.AuthorizationFilter.doFilter(AuthorizationFilter.java:100)
		at org.springframework.security.web.FilterChainProxy$VirtualFilterChain.doFilter(FilterChainProxy.java:374)
		at org.springframework.security.web.access.ExceptionTranslationFilter.doFilter(ExceptionTranslationFilter.java:126)
		at org.springframework.security.web.access.ExceptionTranslationFilter.doFilter(ExceptionTranslationFilter.java:120)
		at org.springframework.security.web.FilterChainProxy$VirtualFilterChain.doFilter(FilterChainProxy.java:374)
		at org.springframework.security.web.authentication.AnonymousAuthenticationFilter.doFilter(AnonymousAuthenticationFilter.java:100)
		at org.springframework.security.web.FilterChainProxy$VirtualFilterChain.doFilter(FilterChainProxy.java:374)
		at org.springframework.security.web.servletapi.SecurityContextHolderAwareRequestFilter.doFilter(SecurityContextHolderAwareRequestFilter.java:179)
		at org.springframework.security.web.FilterChainProxy$VirtualFilterChain.doFilter(FilterChainProxy.java:374)
		at org.springframework.security.web.savedrequest.RequestCacheAwareFilter.doFilter(RequestCacheAwareFilter.java:63)
		at org.springframework.security.web.FilterChainProxy$VirtualFilterChain.doFilter(FilterChainProxy.java:374)
		at org.springframework.security.web.authentication.logout.LogoutFilter.doFilter(LogoutFilter.java:107)
		at org.springframework.security.web.authentication.logout.LogoutFilter.doFilter(LogoutFilter.java:93)
		at org.springframework.security.web.FilterChainProxy$VirtualFilterChain.doFilter(FilterChainProxy.java:374)
		at org.springframework.security.web.header.HeaderWriterFilter.doHeadersAfter(HeaderWriterFilter.java:90)
		at org.springframework.security.web.header.HeaderWriterFilter.doFilterInternal(HeaderWriterFilter.java:75)
		at org.springframework.web.filter.OncePerRequestFilter.doFilter(OncePerRequestFilter.java:116)
		at org.springframework.security.web.FilterChainProxy$VirtualFilterChain.doFilter(FilterChainProxy.java:374)
		at org.springframework.security.web.context.SecurityContextHolderFilter.doFilter(SecurityContextHolderFilter.java:82)
		at org.springframework.security.web.context.SecurityContextHolderFilter.doFilter(SecurityContextHolderFilter.java:69)
		at org.springframework.security.web.FilterChainProxy$VirtualFilterChain.doFilter(FilterChainProxy.java:374)
		at org.springframework.security.web.context.request.async.WebAsyncManagerIntegrationFilter.doFilterInternal(WebAsyncManagerIntegrationFilter.java:62)
		at org.springframework.web.filter.OncePerRequestFilter.doFilter(OncePerRequestFilter.java:116)
		at org.springframework.security.web.FilterChainProxy$VirtualFilterChain.doFilter(FilterChainProxy.java:374)
		at org.springframework.security.web.session.DisableEncodeUrlFilter.doFilterInternal(DisableEncodeUrlFilter.java:42)
		at org.springframework.web.filter.OncePerRequestFilter.doFilter(OncePerRequestFilter.java:116)
		at org.springframework.security.web.FilterChainProxy$VirtualFilterChain.doFilter(FilterChainProxy.java:374)
		at org.springframework.security.web.FilterChainProxy.doFilterInternal(FilterChainProxy.java:233)
		at org.springframework.security.web.FilterChainProxy.doFilter(FilterChainProxy.java:191)
		at org.springframework.web.filter.CompositeFilter$VirtualFilterChain.doFilter(CompositeFilter.java:113)
		at org.springframework.web.servlet.handler.HandlerMappingIntrospector.lambda$createCacheFilter$3(HandlerMappingIntrospector.java:195)
		at org.springframework.web.filter.CompositeFilter$VirtualFilterChain.doFilter(CompositeFilter.java:113)
		at org.springframework.web.filter.CompositeFilter.doFilter(CompositeFilter.java:74)
		at org.springframework.security.config.annotation.web.configuration.WebMvcSecurityConfiguration$CompositeFilterChainProxy.doFilter(WebMvcSecurityConfiguration.java:230)
		at org.springframework.web.filter.DelegatingFilterProxy.invokeDelegate(DelegatingFilterProxy.java:352)
		at org.springframework.web.filter.DelegatingFilterProxy.doFilter(DelegatingFilterProxy.java:268)
		at org.apache.catalina.core.ApplicationFilterChain.internalDoFilter(ApplicationFilterChain.java:174)
		at org.apache.catalina.core.ApplicationFilterChain.doFilter(ApplicationFilterChain.java:149)
		at org.springframework.web.filter.RequestContextFilter.doFilterInternal(RequestContextFilter.java:100)
		at org.springframework.web.filter.OncePerRequestFilter.doFilter(OncePerRequestFilter.java:116)
		at org.apache.catalina.core.ApplicationFilterChain.internalDoFilter(ApplicationFilterChain.java:174)
		at org.apache.catalina.core.ApplicationFilterChain.doFilter(ApplicationFilterChain.java:149)
		at org.springframework.web.filter.FormContentFilter.doFilterInternal(FormContentFilter.java:93)
		at org.springframework.web.filter.OncePerRequestFilter.doFilter(OncePerRequestFilter.java:116)
		at org.apache.catalina.core.ApplicationFilterChain.internalDoFilter(ApplicationFilterChain.java:174)
		at org.apache.catalina.core.ApplicationFilterChain.doFilter(ApplicationFilterChain.java:149)
		at org.springframework.web.filter.CharacterEncodingFilter.doFilterInternal(CharacterEncodingFilter.java:201)
		at org.springframework.web.filter.OncePerRequestFilter.doFilter(OncePerRequestFilter.java:116)
		at org.apache.catalina.core.ApplicationFilterChain.internalDoFilter(ApplicationFilterChain.java:174)
		at org.apache.catalina.core.ApplicationFilterChain.doFilter(ApplicationFilterChain.java:149)
		at org.apache.catalina.core.StandardWrapperValve.invoke(StandardWrapperValve.java:167)
		at org.apache.catalina.core.StandardContextValve.invoke(StandardContextValve.java:90)
		at org.apache.catalina.authenticator.AuthenticatorBase.invoke(AuthenticatorBase.java:482)
		at org.apache.catalina.core.StandardHostValve.invoke(StandardHostValve.java:115)
		at org.apache.catalina.valves.ErrorReportValve.invoke(ErrorReportValve.java:93)
		at org.apache.catalina.core.StandardEngineValve.invoke(StandardEngineValve.java:74)
		at org.apache.catalina.connector.CoyoteAdapter.service(CoyoteAdapter.java:344)
		at org.apache.coyote.http11.Http11Processor.service(Http11Processor.java:391)
		at org.apache.coyote.AbstractProcessorLight.process(AbstractProcessorLight.java:63)
		at org.apache.coyote.AbstractProtocol$ConnectionHandler.process(AbstractProtocol.java:896)
		at org.apache.tomcat.util.net.NioEndpoint$SocketProcessor.doRun(NioEndpoint.java:1744)
		at org.apache.tomcat.util.net.SocketProcessorBase.run(SocketProcessorBase.java:52)
		at org.apache.tomcat.util.threads.ThreadPoolExecutor.runWorker(ThreadPoolExecutor.java:1191)
		at org.apache.tomcat.util.threads.ThreadPoolExecutor$Worker.run(ThreadPoolExecutor.java:659)
		at org.apache.tomcat.util.threads.TaskThread$WrappingRunnable.run(TaskThread.java:63)
		at java.base/java.lang.Thread.run(Thread.java:840)
2025-07-14 19:52:37.606 [AsyncResolver-bootstrap-executor-0] INFO  c.n.d.s.r.aws.ConfigClusterResolver - Resolving eureka endpoints via configuration
2025-07-14 19:57:37.620 [AsyncResolver-bootstrap-executor-0] INFO  c.n.d.s.r.aws.ConfigClusterResolver - Resolving eureka endpoints via configuration
2025-07-14 20:02:37.633 [AsyncResolver-bootstrap-executor-0] INFO  c.n.d.s.r.aws.ConfigClusterResolver - Resolving eureka endpoints via configuration
2025-07-14 20:07:37.637 [AsyncResolver-bootstrap-executor-0] INFO  c.n.d.s.r.aws.ConfigClusterResolver - Resolving eureka endpoints via configuration
2025-07-14 20:12:37.649 [AsyncResolver-bootstrap-executor-0] INFO  c.n.d.s.r.aws.ConfigClusterResolver - Resolving eureka endpoints via configuration
2025-07-14 20:17:37.652 [AsyncResolver-bootstrap-executor-0] INFO  c.n.d.s.r.aws.ConfigClusterResolver - Resolving eureka endpoints via configuration
2025-07-14 20:22:37.654 [AsyncResolver-bootstrap-executor-0] INFO  c.n.d.s.r.aws.ConfigClusterResolver - Resolving eureka endpoints via configuration
2025-07-14 20:27:37.669 [AsyncResolver-bootstrap-executor-0] INFO  c.n.d.s.r.aws.ConfigClusterResolver - Resolving eureka endpoints via configuration
2025-07-14 20:32:37.683 [AsyncResolver-bootstrap-executor-0] INFO  c.n.d.s.r.aws.ConfigClusterResolver - Resolving eureka endpoints via configuration
2025-07-14 20:37:37.697 [AsyncResolver-bootstrap-executor-0] INFO  c.n.d.s.r.aws.ConfigClusterResolver - Resolving eureka endpoints via configuration
2025-07-14 20:42:37.706 [AsyncResolver-bootstrap-executor-0] INFO  c.n.d.s.r.aws.ConfigClusterResolver - Resolving eureka endpoints via configuration
2025-07-14 20:47:37.714 [AsyncResolver-bootstrap-executor-0] INFO  c.n.d.s.r.aws.ConfigClusterResolver - Resolving eureka endpoints via configuration
2025-07-14 20:52:37.726 [AsyncResolver-bootstrap-executor-0] INFO  c.n.d.s.r.aws.ConfigClusterResolver - Resolving eureka endpoints via configuration
2025-07-14 20:57:37.739 [AsyncResolver-bootstrap-executor-0] INFO  c.n.d.s.r.aws.ConfigClusterResolver - Resolving eureka endpoints via configuration
2025-07-14 21:02:37.751 [AsyncResolver-bootstrap-executor-0] INFO  c.n.d.s.r.aws.ConfigClusterResolver - Resolving eureka endpoints via configuration
2025-07-14 21:07:37.760 [AsyncResolver-bootstrap-executor-0] INFO  c.n.d.s.r.aws.ConfigClusterResolver - Resolving eureka endpoints via configuration
2025-07-14 21:12:37.768 [AsyncResolver-bootstrap-executor-0] INFO  c.n.d.s.r.aws.ConfigClusterResolver - Resolving eureka endpoints via configuration
2025-07-14 21:17:37.777 [AsyncResolver-bootstrap-executor-0] INFO  c.n.d.s.r.aws.ConfigClusterResolver - Resolving eureka endpoints via configuration
2025-07-14 21:22:37.790 [AsyncResolver-bootstrap-executor-0] INFO  c.n.d.s.r.aws.ConfigClusterResolver - Resolving eureka endpoints via configuration
2025-07-14 21:27:37.791 [AsyncResolver-bootstrap-executor-0] INFO  c.n.d.s.r.aws.ConfigClusterResolver - Resolving eureka endpoints via configuration
2025-07-14 21:32:37.806 [AsyncResolver-bootstrap-executor-0] INFO  c.n.d.s.r.aws.ConfigClusterResolver - Resolving eureka endpoints via configuration
2025-07-14 21:37:37.815 [AsyncResolver-bootstrap-executor-0] INFO  c.n.d.s.r.aws.ConfigClusterResolver - Resolving eureka endpoints via configuration
2025-07-14 21:42:37.825 [AsyncResolver-bootstrap-executor-0] INFO  c.n.d.s.r.aws.ConfigClusterResolver - Resolving eureka endpoints via configuration
2025-07-14 21:47:37.829 [AsyncResolver-bootstrap-executor-0] INFO  c.n.d.s.r.aws.ConfigClusterResolver - Resolving eureka endpoints via configuration
2025-07-14 21:52:37.840 [AsyncResolver-bootstrap-executor-0] INFO  c.n.d.s.r.aws.ConfigClusterResolver - Resolving eureka endpoints via configuration
2025-07-14 21:57:37.847 [AsyncResolver-bootstrap-executor-0] INFO  c.n.d.s.r.aws.ConfigClusterResolver - Resolving eureka endpoints via configuration
2025-07-14 22:02:37.850 [AsyncResolver-bootstrap-executor-0] INFO  c.n.d.s.r.aws.ConfigClusterResolver - Resolving eureka endpoints via configuration
2025-07-14 22:07:37.859 [AsyncResolver-bootstrap-executor-0] INFO  c.n.d.s.r.aws.ConfigClusterResolver - Resolving eureka endpoints via configuration
2025-07-14 22:10:20.910 [http-nio-8081-exec-8] INFO  M.a.service.AuthServiceImpl - User test@example.com registered successfully
2025-07-14 22:12:37.871 [AsyncResolver-bootstrap-executor-0] INFO  c.n.d.s.r.aws.ConfigClusterResolver - Resolving eureka endpoints via configuration
2025-07-14 22:20:56.114 [main] INFO  M.a.AuthServiceApplication - Starting AuthServiceApplication using Java 17.0.15 with PID 19264 (E:\miosm\auth-service\build\classes\java\main started by admin in E:\miosm\auth-service)
2025-07-14 22:20:56.140 [main] INFO  M.a.AuthServiceApplication - No active profile set, falling back to 1 default profile: "default"
2025-07-14 22:20:58.136 [main] INFO  o.s.cloud.context.scope.GenericScope - BeanFactory id=5bdfa0c1-91af-3992-8af0-959e80992370
2025-07-14 22:20:58.315 [main] WARN  o.s.c.s.PostProcessorRegistrationDelegate$BeanPostProcessorChecker - Bean 'org.springframework.cloud.client.loadbalancer.reactive.LoadBalancerBeanPostProcessorAutoConfiguration' of type [org.springframework.cloud.client.loadbalancer.reactive.LoadBalancerBeanPostProcessorAutoConfiguration] is not eligible for getting processed by all BeanPostProcessors (for example: not eligible for auto-proxying). The currently created BeanPostProcessor [loadBalancerWebClientBuilderBeanPostProcessor] is declared through a non-static factory method on that class; consider declaring it as static instead.
2025-07-14 22:20:58.324 [main] WARN  o.s.b.w.s.c.AnnotationConfigServletWebServerApplicationContext - Exception encountered during context initialization - cancelling refresh attempt: org.springframework.beans.factory.UnsatisfiedDependencyException: Error creating bean with name 'loadBalancerWebClientBuilderBeanPostProcessor' defined in class path resource [org/springframework/cloud/client/loadbalancer/reactive/LoadBalancerBeanPostProcessorAutoConfiguration.class]: Unsatisfied dependency expressed through method 'loadBalancerWebClientBuilderBeanPostProcessor' parameter 0: Invalid bean definition with name 'MIOSM.auth_service.client.UserServiceClient' defined in null: Invalid value type for attribute 'factoryBeanObjectType': java.lang.String
2025-07-14 22:20:58.372 [main] INFO  o.s.b.a.l.ConditionEvaluationReportLogger - 

Error starting ApplicationContext. To display the condition evaluation report re-run your application with 'debug' enabled.
2025-07-14 22:20:58.420 [main] ERROR o.s.boot.SpringApplication - Application run failed
org.springframework.beans.factory.UnsatisfiedDependencyException: Error creating bean with name 'loadBalancerWebClientBuilderBeanPostProcessor' defined in class path resource [org/springframework/cloud/client/loadbalancer/reactive/LoadBalancerBeanPostProcessorAutoConfiguration.class]: Unsatisfied dependency expressed through method 'loadBalancerWebClientBuilderBeanPostProcessor' parameter 0: Invalid bean definition with name 'MIOSM.auth_service.client.UserServiceClient' defined in null: Invalid value type for attribute 'factoryBeanObjectType': java.lang.String
	at org.springframework.beans.factory.support.ConstructorResolver.createArgumentArray(ConstructorResolver.java:804)
	at org.springframework.beans.factory.support.ConstructorResolver.instantiateUsingFactoryMethod(ConstructorResolver.java:546)
	at org.springframework.beans.factory.support.AbstractAutowireCapableBeanFactory.instantiateUsingFactoryMethod(AbstractAutowireCapableBeanFactory.java:1375)
	at org.springframework.beans.factory.support.AbstractAutowireCapableBeanFactory.createBeanInstance(AbstractAutowireCapableBeanFactory.java:1205)
	at org.springframework.beans.factory.support.AbstractAutowireCapableBeanFactory.doCreateBean(AbstractAutowireCapableBeanFactory.java:569)
	at org.springframework.beans.factory.support.AbstractAutowireCapableBeanFactory.createBean(AbstractAutowireCapableBeanFactory.java:529)
	at org.springframework.beans.factory.support.AbstractBeanFactory.lambda$doGetBean$0(AbstractBeanFactory.java:339)
	at org.springframework.beans.factory.support.DefaultSingletonBeanRegistry.getSingleton(DefaultSingletonBeanRegistry.java:373)
	at org.springframework.beans.factory.support.AbstractBeanFactory.doGetBean(AbstractBeanFactory.java:337)
	at org.springframework.beans.factory.support.AbstractBeanFactory.getBean(AbstractBeanFactory.java:207)
	at org.springframework.context.support.PostProcessorRegistrationDelegate.registerBeanPostProcessors(PostProcessorRegistrationDelegate.java:277)
	at org.springframework.context.support.AbstractApplicationContext.registerBeanPostProcessors(AbstractApplicationContext.java:808)
	at org.springframework.context.support.AbstractApplicationContext.refresh(AbstractApplicationContext.java:611)
	at org.springframework.boot.web.servlet.context.ServletWebServerApplicationContext.refresh(ServletWebServerApplicationContext.java:146)
	at org.springframework.boot.SpringApplication.refresh(SpringApplication.java:752)
	at org.springframework.boot.SpringApplication.refreshContext(SpringApplication.java:439)
	at org.springframework.boot.SpringApplication.run(SpringApplication.java:318)
	at org.springframework.boot.SpringApplication.run(SpringApplication.java:1361)
	at org.springframework.boot.SpringApplication.run(SpringApplication.java:1350)
	at MIOSM.auth_service.AuthServiceApplication.main(AuthServiceApplication.java:12)
Caused by: org.springframework.beans.factory.BeanDefinitionStoreException: Invalid bean definition with name 'MIOSM.auth_service.client.UserServiceClient' defined in null: Invalid value type for attribute 'factoryBeanObjectType': java.lang.String
	at org.springframework.beans.factory.support.AbstractAutowireCapableBeanFactory.getTypeForFactoryBean(AbstractAutowireCapableBeanFactory.java:864)
	at org.springframework.beans.factory.support.AbstractBeanFactory.isTypeMatch(AbstractBeanFactory.java:665)
	at org.springframework.beans.factory.support.DefaultListableBeanFactory.doGetBeanNamesForType(DefaultListableBeanFactory.java:651)
	at org.springframework.beans.factory.support.DefaultListableBeanFactory.getBeanNamesForType(DefaultListableBeanFactory.java:611)
	at org.springframework.beans.factory.BeanFactoryUtils.beanNamesForTypeIncludingAncestors(BeanFactoryUtils.java:264)
	at org.springframework.beans.factory.support.DefaultListableBeanFactory.findAutowireCandidates(DefaultListableBeanFactory.java:1944)
	at org.springframework.beans.factory.support.DefaultListableBeanFactory.doResolveDependency(DefaultListableBeanFactory.java:1699)
	at org.springframework.beans.factory.support.DefaultListableBeanFactory.resolveDependency(DefaultListableBeanFactory.java:1628)
	at org.springframework.beans.factory.support.ConstructorResolver.resolveAutowiredArgument(ConstructorResolver.java:913)
	at org.springframework.beans.factory.support.ConstructorResolver.createArgumentArray(ConstructorResolver.java:791)
	... 19 common frames omitted
2025-07-14 22:23:04.611 [Test worker] INFO  M.a.AuthServiceApplicationTests - Starting AuthServiceApplicationTests using Java 17.0.15 with PID 20968 (started by admin in E:\miosm\auth-service)
2025-07-14 22:23:04.613 [Test worker] INFO  M.a.AuthServiceApplicationTests - No active profile set, falling back to 1 default profile: "default"
2025-07-14 22:23:06.056 [Test worker] INFO  o.s.cloud.context.scope.GenericScope - BeanFactory id=c48aedf0-8a98-3d62-b16f-9e5b50688f20
2025-07-14 22:23:06.218 [Test worker] WARN  o.s.c.s.PostProcessorRegistrationDelegate$BeanPostProcessorChecker - Bean 'org.springframework.cloud.client.loadbalancer.reactive.LoadBalancerBeanPostProcessorAutoConfiguration' of type [org.springframework.cloud.client.loadbalancer.reactive.LoadBalancerBeanPostProcessorAutoConfiguration] is not eligible for getting processed by all BeanPostProcessors (for example: not eligible for auto-proxying). The currently created BeanPostProcessor [loadBalancerWebClientBuilderBeanPostProcessor] is declared through a non-static factory method on that class; consider declaring it as static instead.
2025-07-14 22:23:06.222 [Test worker] WARN  o.s.w.c.s.GenericWebApplicationContext - Exception encountered during context initialization - cancelling refresh attempt: org.springframework.beans.factory.UnsatisfiedDependencyException: Error creating bean with name 'loadBalancerWebClientBuilderBeanPostProcessor' defined in class path resource [org/springframework/cloud/client/loadbalancer/reactive/LoadBalancerBeanPostProcessorAutoConfiguration.class]: Unsatisfied dependency expressed through method 'loadBalancerWebClientBuilderBeanPostProcessor' parameter 0: Invalid bean definition with name 'MIOSM.auth_service.client.UserServiceClient' defined in null: Invalid value type for attribute 'factoryBeanObjectType': java.lang.String
2025-07-14 22:23:06.305 [Test worker] INFO  o.s.b.a.l.ConditionEvaluationReportLogger - 

Error starting ApplicationContext. To display the condition evaluation report re-run your application with 'debug' enabled.
2025-07-14 22:23:06.336 [Test worker] ERROR o.s.boot.SpringApplication - Application run failed
org.springframework.beans.factory.UnsatisfiedDependencyException: Error creating bean with name 'loadBalancerWebClientBuilderBeanPostProcessor' defined in class path resource [org/springframework/cloud/client/loadbalancer/reactive/LoadBalancerBeanPostProcessorAutoConfiguration.class]: Unsatisfied dependency expressed through method 'loadBalancerWebClientBuilderBeanPostProcessor' parameter 0: Invalid bean definition with name 'MIOSM.auth_service.client.UserServiceClient' defined in null: Invalid value type for attribute 'factoryBeanObjectType': java.lang.String
	at org.springframework.beans.factory.support.ConstructorResolver.createArgumentArray(ConstructorResolver.java:804)
	at org.springframework.beans.factory.support.ConstructorResolver.instantiateUsingFactoryMethod(ConstructorResolver.java:546)
	at org.springframework.beans.factory.support.AbstractAutowireCapableBeanFactory.instantiateUsingFactoryMethod(AbstractAutowireCapableBeanFactory.java:1375)
	at org.springframework.beans.factory.support.AbstractAutowireCapableBeanFactory.createBeanInstance(AbstractAutowireCapableBeanFactory.java:1205)
	at org.springframework.beans.factory.support.AbstractAutowireCapableBeanFactory.doCreateBean(AbstractAutowireCapableBeanFactory.java:569)
	at org.springframework.beans.factory.support.AbstractAutowireCapableBeanFactory.createBean(AbstractAutowireCapableBeanFactory.java:529)
	at org.springframework.beans.factory.support.AbstractBeanFactory.lambda$doGetBean$0(AbstractBeanFactory.java:339)
	at org.springframework.beans.factory.support.DefaultSingletonBeanRegistry.getSingleton(DefaultSingletonBeanRegistry.java:373)
	at org.springframework.beans.factory.support.AbstractBeanFactory.doGetBean(AbstractBeanFactory.java:337)
	at org.springframework.beans.factory.support.AbstractBeanFactory.getBean(AbstractBeanFactory.java:207)
	at org.springframework.context.support.PostProcessorRegistrationDelegate.registerBeanPostProcessors(PostProcessorRegistrationDelegate.java:277)
	at org.springframework.context.support.AbstractApplicationContext.registerBeanPostProcessors(AbstractApplicationContext.java:808)
	at org.springframework.context.support.AbstractApplicationContext.refresh(AbstractApplicationContext.java:611)
	at org.springframework.boot.SpringApplication.refresh(SpringApplication.java:752)
	at org.springframework.boot.SpringApplication.refreshContext(SpringApplication.java:439)
	at org.springframework.boot.SpringApplication.run(SpringApplication.java:318)
	at org.springframework.boot.test.context.SpringBootContextLoader.lambda$loadContext$3(SpringBootContextLoader.java:144)
	at org.springframework.util.function.ThrowingSupplier.get(ThrowingSupplier.java:58)
	at org.springframework.util.function.ThrowingSupplier.get(ThrowingSupplier.java:46)
	at org.springframework.boot.SpringApplication.withHook(SpringApplication.java:1461)
	at org.springframework.boot.test.context.SpringBootContextLoader$ContextLoaderHook.run(SpringBootContextLoader.java:563)
	at org.springframework.boot.test.context.SpringBootContextLoader.loadContext(SpringBootContextLoader.java:144)
	at org.springframework.boot.test.context.SpringBootContextLoader.loadContext(SpringBootContextLoader.java:110)
	at org.springframework.test.context.cache.DefaultCacheAwareContextLoaderDelegate.loadContextInternal(DefaultCacheAwareContextLoaderDelegate.java:225)
	at org.springframework.test.context.cache.DefaultCacheAwareContextLoaderDelegate.loadContext(DefaultCacheAwareContextLoaderDelegate.java:152)
	at org.springframework.test.context.support.DefaultTestContext.getApplicationContext(DefaultTestContext.java:130)
	at org.springframework.test.context.web.ServletTestExecutionListener.setUpRequestContextIfNecessary(ServletTestExecutionListener.java:200)
	at org.springframework.test.context.web.ServletTestExecutionListener.prepareTestInstance(ServletTestExecutionListener.java:139)
	at org.springframework.test.context.TestContextManager.prepareTestInstance(TestContextManager.java:260)
	at org.springframework.test.context.junit.jupiter.SpringExtension.postProcessTestInstance(SpringExtension.java:159)
	at org.junit.jupiter.engine.descriptor.ClassBasedTestDescriptor.lambda$invokeTestInstancePostProcessors$10(ClassBasedTestDescriptor.java:383)
	at org.junit.jupiter.engine.descriptor.ClassBasedTestDescriptor.executeAndMaskThrowable(ClassBasedTestDescriptor.java:388)
	at org.junit.jupiter.engine.descriptor.ClassBasedTestDescriptor.lambda$invokeTestInstancePostProcessors$11(ClassBasedTestDescriptor.java:382)
	at java.base/java.util.stream.ForEachOps$ForEachOp$OfRef.accept(ForEachOps.java:183)
	at java.base/java.util.stream.ReferencePipeline$3$1.accept(ReferencePipeline.java:197)
	at java.base/java.util.stream.ReferencePipeline$2$1.accept(ReferencePipeline.java:179)
	at java.base/java.util.stream.ReferencePipeline$3$1.accept(ReferencePipeline.java:197)
	at java.base/java.util.ArrayList$ArrayListSpliterator.forEachRemaining(ArrayList.java:1625)
	at java.base/java.util.stream.AbstractPipeline.copyInto(AbstractPipeline.java:509)
	at java.base/java.util.stream.AbstractPipeline.wrapAndCopyInto(AbstractPipeline.java:499)
	at java.base/java.util.stream.ForEachOps$ForEachOp.evaluateSequential(ForEachOps.java:150)
	at java.base/java.util.stream.ForEachOps$ForEachOp$OfRef.evaluateSequential(ForEachOps.java:173)
	at java.base/java.util.stream.AbstractPipeline.evaluate(AbstractPipeline.java:234)
	at java.base/java.util.stream.ReferencePipeline.forEach(ReferencePipeline.java:596)
	at org.junit.jupiter.engine.descriptor.ClassBasedTestDescriptor.invokeTestInstancePostProcessors(ClassBasedTestDescriptor.java:382)
	at org.junit.jupiter.engine.descriptor.ClassBasedTestDescriptor.lambda$instantiateAndPostProcessTestInstance$6(ClassBasedTestDescriptor.java:293)
	at org.junit.platform.engine.support.hierarchical.ThrowableCollector.execute(ThrowableCollector.java:73)
	at org.junit.jupiter.engine.descriptor.ClassBasedTestDescriptor.instantiateAndPostProcessTestInstance(ClassBasedTestDescriptor.java:292)
	at org.junit.jupiter.engine.descriptor.ClassBasedTestDescriptor.lambda$testInstancesProvider$4(ClassBasedTestDescriptor.java:281)
	at java.base/java.util.Optional.orElseGet(Optional.java:364)
	at org.junit.jupiter.engine.descriptor.ClassBasedTestDescriptor.lambda$testInstancesProvider$5(ClassBasedTestDescriptor.java:280)
	at org.junit.jupiter.engine.execution.TestInstancesProvider.getTestInstances(TestInstancesProvider.java:27)
	at org.junit.jupiter.engine.descriptor.TestMethodTestDescriptor.lambda$prepare$0(TestMethodTestDescriptor.java:112)
	at org.junit.platform.engine.support.hierarchical.ThrowableCollector.execute(ThrowableCollector.java:73)
	at org.junit.jupiter.engine.descriptor.TestMethodTestDescriptor.prepare(TestMethodTestDescriptor.java:111)
	at org.junit.jupiter.engine.descriptor.TestMethodTestDescriptor.prepare(TestMethodTestDescriptor.java:69)
	at org.junit.platform.engine.support.hierarchical.NodeTestTask.lambda$prepare$2(NodeTestTask.java:128)
	at org.junit.platform.engine.support.hierarchical.ThrowableCollector.execute(ThrowableCollector.java:73)
	at org.junit.platform.engine.support.hierarchical.NodeTestTask.prepare(NodeTestTask.java:128)
	at org.junit.platform.engine.support.hierarchical.NodeTestTask.execute(NodeTestTask.java:95)
	at java.base/java.util.ArrayList.forEach(ArrayList.java:1511)
	at org.junit.platform.engine.support.hierarchical.SameThreadHierarchicalTestExecutorService.invokeAll(SameThreadHierarchicalTestExecutorService.java:41)
	at org.junit.platform.engine.support.hierarchical.NodeTestTask.lambda$executeRecursively$6(NodeTestTask.java:160)
	at org.junit.platform.engine.support.hierarchical.ThrowableCollector.execute(ThrowableCollector.java:73)
	at org.junit.platform.engine.support.hierarchical.NodeTestTask.lambda$executeRecursively$8(NodeTestTask.java:146)
	at org.junit.platform.engine.support.hierarchical.Node.around(Node.java:137)
	at org.junit.platform.engine.support.hierarchical.NodeTestTask.lambda$executeRecursively$9(NodeTestTask.java:144)
	at org.junit.platform.engine.support.hierarchical.ThrowableCollector.execute(ThrowableCollector.java:73)
	at org.junit.platform.engine.support.hierarchical.NodeTestTask.executeRecursively(NodeTestTask.java:143)
	at org.junit.platform.engine.support.hierarchical.NodeTestTask.execute(NodeTestTask.java:100)
	at java.base/java.util.ArrayList.forEach(ArrayList.java:1511)
	at org.junit.platform.engine.support.hierarchical.SameThreadHierarchicalTestExecutorService.invokeAll(SameThreadHierarchicalTestExecutorService.java:41)
	at org.junit.platform.engine.support.hierarchical.NodeTestTask.lambda$executeRecursively$6(NodeTestTask.java:160)
	at org.junit.platform.engine.support.hierarchical.ThrowableCollector.execute(ThrowableCollector.java:73)
	at org.junit.platform.engine.support.hierarchical.NodeTestTask.lambda$executeRecursively$8(NodeTestTask.java:146)
	at org.junit.platform.engine.support.hierarchical.Node.around(Node.java:137)
	at org.junit.platform.engine.support.hierarchical.NodeTestTask.lambda$executeRecursively$9(NodeTestTask.java:144)
	at org.junit.platform.engine.support.hierarchical.ThrowableCollector.execute(ThrowableCollector.java:73)
	at org.junit.platform.engine.support.hierarchical.NodeTestTask.executeRecursively(NodeTestTask.java:143)
	at org.junit.platform.engine.support.hierarchical.NodeTestTask.execute(NodeTestTask.java:100)
	at org.junit.platform.engine.support.hierarchical.SameThreadHierarchicalTestExecutorService.submit(SameThreadHierarchicalTestExecutorService.java:35)
	at org.junit.platform.engine.support.hierarchical.HierarchicalTestExecutor.execute(HierarchicalTestExecutor.java:57)
	at org.junit.platform.engine.support.hierarchical.HierarchicalTestEngine.execute(HierarchicalTestEngine.java:54)
	at org.junit.platform.launcher.core.EngineExecutionOrchestrator.execute(EngineExecutionOrchestrator.java:201)
	at org.junit.platform.launcher.core.EngineExecutionOrchestrator.execute(EngineExecutionOrchestrator.java:170)
	at org.junit.platform.launcher.core.EngineExecutionOrchestrator.execute(EngineExecutionOrchestrator.java:94)
	at org.junit.platform.launcher.core.EngineExecutionOrchestrator.lambda$execute$0(EngineExecutionOrchestrator.java:59)
	at org.junit.platform.launcher.core.EngineExecutionOrchestrator.withInterceptedStreams(EngineExecutionOrchestrator.java:142)
	at org.junit.platform.launcher.core.EngineExecutionOrchestrator.execute(EngineExecutionOrchestrator.java:58)
	at org.junit.platform.launcher.core.DefaultLauncher.execute(DefaultLauncher.java:103)
	at org.junit.platform.launcher.core.DefaultLauncher.execute(DefaultLauncher.java:85)
	at org.junit.platform.launcher.core.DelegatingLauncher.execute(DelegatingLauncher.java:47)
	at org.junit.platform.launcher.core.InterceptingLauncher.lambda$execute$1(InterceptingLauncher.java:39)
	at org.junit.platform.launcher.core.ClasspathAlignmentCheckingLauncherInterceptor.intercept(ClasspathAlignmentCheckingLauncherInterceptor.java:25)
	at org.junit.platform.launcher.core.InterceptingLauncher.execute(InterceptingLauncher.java:38)
	at org.junit.platform.launcher.core.DelegatingLauncher.execute(DelegatingLauncher.java:47)
	at org.gradle.api.internal.tasks.testing.junitplatform.JUnitPlatformTestClassProcessor$CollectAllTestClassesExecutor.processAllTestClasses(JUnitPlatformTestClassProcessor.java:124)
	at org.gradle.api.internal.tasks.testing.junitplatform.JUnitPlatformTestClassProcessor$CollectAllTestClassesExecutor.access$000(JUnitPlatformTestClassProcessor.java:99)
	at org.gradle.api.internal.tasks.testing.junitplatform.JUnitPlatformTestClassProcessor.stop(JUnitPlatformTestClassProcessor.java:94)
	at org.gradle.api.internal.tasks.testing.SuiteTestClassProcessor.stop(SuiteTestClassProcessor.java:63)
	at java.base/jdk.internal.reflect.NativeMethodAccessorImpl.invoke0(Native Method)
	at java.base/jdk.internal.reflect.NativeMethodAccessorImpl.invoke(NativeMethodAccessorImpl.java:77)
	at java.base/jdk.internal.reflect.DelegatingMethodAccessorImpl.invoke(DelegatingMethodAccessorImpl.java:43)
	at java.base/java.lang.reflect.Method.invoke(Method.java:569)
	at org.gradle.internal.dispatch.ReflectionDispatch.dispatch(ReflectionDispatch.java:36)
	at org.gradle.internal.dispatch.ReflectionDispatch.dispatch(ReflectionDispatch.java:24)
	at org.gradle.internal.dispatch.ContextClassLoaderDispatch.dispatch(ContextClassLoaderDispatch.java:33)
	at org.gradle.internal.dispatch.ProxyDispatchAdapter$DispatchingInvocationHandler.invoke(ProxyDispatchAdapter.java:92)
	at jdk.proxy1/jdk.proxy1.$Proxy4.stop(Unknown Source)
	at org.gradle.api.internal.tasks.testing.worker.TestWorker$3.run(TestWorker.java:200)
	at org.gradle.api.internal.tasks.testing.worker.TestWorker.executeAndMaintainThreadName(TestWorker.java:132)
	at org.gradle.api.internal.tasks.testing.worker.TestWorker.execute(TestWorker.java:103)
	at org.gradle.api.internal.tasks.testing.worker.TestWorker.execute(TestWorker.java:63)
	at org.gradle.process.internal.worker.child.ActionExecutionWorker.execute(ActionExecutionWorker.java:56)
	at org.gradle.process.internal.worker.child.SystemApplicationClassLoaderWorker.call(SystemApplicationClassLoaderWorker.java:122)
	at org.gradle.process.internal.worker.child.SystemApplicationClassLoaderWorker.call(SystemApplicationClassLoaderWorker.java:72)
	at worker.org.gradle.process.internal.worker.GradleWorkerMain.run(GradleWorkerMain.java:69)
	at worker.org.gradle.process.internal.worker.GradleWorkerMain.main(GradleWorkerMain.java:74)
Caused by: org.springframework.beans.factory.BeanDefinitionStoreException: Invalid bean definition with name 'MIOSM.auth_service.client.UserServiceClient' defined in null: Invalid value type for attribute 'factoryBeanObjectType': java.lang.String
	at org.springframework.beans.factory.support.AbstractAutowireCapableBeanFactory.getTypeForFactoryBean(AbstractAutowireCapableBeanFactory.java:864)
	at org.springframework.beans.factory.support.AbstractBeanFactory.isTypeMatch(AbstractBeanFactory.java:665)
	at org.springframework.beans.factory.support.DefaultListableBeanFactory.doGetBeanNamesForType(DefaultListableBeanFactory.java:651)
	at org.springframework.beans.factory.support.DefaultListableBeanFactory.getBeanNamesForType(DefaultListableBeanFactory.java:611)
	at org.springframework.beans.factory.BeanFactoryUtils.beanNamesForTypeIncludingAncestors(BeanFactoryUtils.java:264)
	at org.springframework.beans.factory.support.DefaultListableBeanFactory.findAutowireCandidates(DefaultListableBeanFactory.java:1944)
	at org.springframework.beans.factory.support.DefaultListableBeanFactory.doResolveDependency(DefaultListableBeanFactory.java:1699)
	at org.springframework.beans.factory.support.DefaultListableBeanFactory.resolveDependency(DefaultListableBeanFactory.java:1628)
	at org.springframework.beans.factory.support.ConstructorResolver.resolveAutowiredArgument(ConstructorResolver.java:913)
	at org.springframework.beans.factory.support.ConstructorResolver.createArgumentArray(ConstructorResolver.java:791)
	... 117 common frames omitted
2025-07-14 22:23:06.347 [Test worker] WARN  o.s.test.context.TestContextManager - Caught exception while allowing TestExecutionListener [org.springframework.test.context.web.ServletTestExecutionListener] to prepare test instance [MIOSM.auth_service.AuthServiceApplicationTests@6d969330]
java.lang.IllegalStateException: Failed to load ApplicationContext for [WebMergedContextConfiguration@687eb455 testClass = MIOSM.auth_service.AuthServiceApplicationTests, locations = [], classes = [MIOSM.auth_service.AuthServiceApplication], contextInitializerClasses = [], activeProfiles = [], propertySourceDescriptors = [], propertySourceProperties = ["org.springframework.boot.test.context.SpringBootTestContextBootstrapper=true"], contextCustomizers = [org.springframework.boot.test.autoconfigure.OnFailureConditionReportContextCustomizerFactory$OnFailureConditionReportContextCustomizer@686449f9, org.springframework.boot.test.autoconfigure.actuate.observability.ObservabilityContextCustomizerFactory$DisableObservabilityContextCustomizer@1f, org.springframework.boot.test.autoconfigure.properties.PropertyMappingContextCustomizer@0, org.springframework.boot.test.autoconfigure.web.servlet.WebDriverContextCustomizer@56a4479a, org.springframework.boot.test.context.filter.ExcludeFilterContextCustomizer@4504d271, org.springframework.boot.test.json.DuplicateJsonObjectContextCustomizerFactory$DuplicateJsonObjectContextCustomizer@2b5825fa, org.springframework.boot.test.mock.mockito.MockitoContextCustomizer@0, org.springframework.boot.test.web.client.TestRestTemplateContextCustomizer@42f48531, org.springframework.boot.test.web.reactive.server.WebTestClientContextCustomizer@338494fa, org.springframework.boot.test.web.reactor.netty.DisableReactorResourceFactoryGlobalResourcesContextCustomizerFactory$DisableReactorResourceFactoryGlobalResourcesContextCustomizerCustomizer@56bca85b, org.springframework.test.context.support.DynamicPropertiesContextCustomizer@0, org.springframework.boot.test.context.SpringBootTestAnnotation@68b685e9], resourceBasePath = "src/main/webapp", contextLoader = org.springframework.boot.test.context.SpringBootContextLoader, parent = null]
	at org.springframework.test.context.cache.DefaultCacheAwareContextLoaderDelegate.loadContext(DefaultCacheAwareContextLoaderDelegate.java:180)
	at org.springframework.test.context.support.DefaultTestContext.getApplicationContext(DefaultTestContext.java:130)
	at org.springframework.test.context.web.ServletTestExecutionListener.setUpRequestContextIfNecessary(ServletTestExecutionListener.java:200)
	at org.springframework.test.context.web.ServletTestExecutionListener.prepareTestInstance(ServletTestExecutionListener.java:139)
	at org.springframework.test.context.TestContextManager.prepareTestInstance(TestContextManager.java:260)
	at org.springframework.test.context.junit.jupiter.SpringExtension.postProcessTestInstance(SpringExtension.java:159)
	at org.junit.jupiter.engine.descriptor.ClassBasedTestDescriptor.lambda$invokeTestInstancePostProcessors$10(ClassBasedTestDescriptor.java:383)
	at org.junit.jupiter.engine.descriptor.ClassBasedTestDescriptor.executeAndMaskThrowable(ClassBasedTestDescriptor.java:388)
	at org.junit.jupiter.engine.descriptor.ClassBasedTestDescriptor.lambda$invokeTestInstancePostProcessors$11(ClassBasedTestDescriptor.java:382)
	at java.base/java.util.stream.ForEachOps$ForEachOp$OfRef.accept(ForEachOps.java:183)
	at java.base/java.util.stream.ReferencePipeline$3$1.accept(ReferencePipeline.java:197)
	at java.base/java.util.stream.ReferencePipeline$2$1.accept(ReferencePipeline.java:179)
	at java.base/java.util.stream.ReferencePipeline$3$1.accept(ReferencePipeline.java:197)
	at java.base/java.util.ArrayList$ArrayListSpliterator.forEachRemaining(ArrayList.java:1625)
	at java.base/java.util.stream.AbstractPipeline.copyInto(AbstractPipeline.java:509)
	at java.base/java.util.stream.AbstractPipeline.wrapAndCopyInto(AbstractPipeline.java:499)
	at java.base/java.util.stream.ForEachOps$ForEachOp.evaluateSequential(ForEachOps.java:150)
	at java.base/java.util.stream.ForEachOps$ForEachOp$OfRef.evaluateSequential(ForEachOps.java:173)
	at java.base/java.util.stream.AbstractPipeline.evaluate(AbstractPipeline.java:234)
	at java.base/java.util.stream.ReferencePipeline.forEach(ReferencePipeline.java:596)
	at org.junit.jupiter.engine.descriptor.ClassBasedTestDescriptor.invokeTestInstancePostProcessors(ClassBasedTestDescriptor.java:382)
	at org.junit.jupiter.engine.descriptor.ClassBasedTestDescriptor.lambda$instantiateAndPostProcessTestInstance$6(ClassBasedTestDescriptor.java:293)
	at org.junit.platform.engine.support.hierarchical.ThrowableCollector.execute(ThrowableCollector.java:73)
	at org.junit.jupiter.engine.descriptor.ClassBasedTestDescriptor.instantiateAndPostProcessTestInstance(ClassBasedTestDescriptor.java:292)
	at org.junit.jupiter.engine.descriptor.ClassBasedTestDescriptor.lambda$testInstancesProvider$4(ClassBasedTestDescriptor.java:281)
	at java.base/java.util.Optional.orElseGet(Optional.java:364)
	at org.junit.jupiter.engine.descriptor.ClassBasedTestDescriptor.lambda$testInstancesProvider$5(ClassBasedTestDescriptor.java:280)
	at org.junit.jupiter.engine.execution.TestInstancesProvider.getTestInstances(TestInstancesProvider.java:27)
	at org.junit.jupiter.engine.descriptor.TestMethodTestDescriptor.lambda$prepare$0(TestMethodTestDescriptor.java:112)
	at org.junit.platform.engine.support.hierarchical.ThrowableCollector.execute(ThrowableCollector.java:73)
	at org.junit.jupiter.engine.descriptor.TestMethodTestDescriptor.prepare(TestMethodTestDescriptor.java:111)
	at org.junit.jupiter.engine.descriptor.TestMethodTestDescriptor.prepare(TestMethodTestDescriptor.java:69)
	at org.junit.platform.engine.support.hierarchical.NodeTestTask.lambda$prepare$2(NodeTestTask.java:128)
	at org.junit.platform.engine.support.hierarchical.ThrowableCollector.execute(ThrowableCollector.java:73)
	at org.junit.platform.engine.support.hierarchical.NodeTestTask.prepare(NodeTestTask.java:128)
	at org.junit.platform.engine.support.hierarchical.NodeTestTask.execute(NodeTestTask.java:95)
	at java.base/java.util.ArrayList.forEach(ArrayList.java:1511)
	at org.junit.platform.engine.support.hierarchical.SameThreadHierarchicalTestExecutorService.invokeAll(SameThreadHierarchicalTestExecutorService.java:41)
	at org.junit.platform.engine.support.hierarchical.NodeTestTask.lambda$executeRecursively$6(NodeTestTask.java:160)
	at org.junit.platform.engine.support.hierarchical.ThrowableCollector.execute(ThrowableCollector.java:73)
	at org.junit.platform.engine.support.hierarchical.NodeTestTask.lambda$executeRecursively$8(NodeTestTask.java:146)
	at org.junit.platform.engine.support.hierarchical.Node.around(Node.java:137)
	at org.junit.platform.engine.support.hierarchical.NodeTestTask.lambda$executeRecursively$9(NodeTestTask.java:144)
	at org.junit.platform.engine.support.hierarchical.ThrowableCollector.execute(ThrowableCollector.java:73)
	at org.junit.platform.engine.support.hierarchical.NodeTestTask.executeRecursively(NodeTestTask.java:143)
	at org.junit.platform.engine.support.hierarchical.NodeTestTask.execute(NodeTestTask.java:100)
	at java.base/java.util.ArrayList.forEach(ArrayList.java:1511)
	at org.junit.platform.engine.support.hierarchical.SameThreadHierarchicalTestExecutorService.invokeAll(SameThreadHierarchicalTestExecutorService.java:41)
	at org.junit.platform.engine.support.hierarchical.NodeTestTask.lambda$executeRecursively$6(NodeTestTask.java:160)
	at org.junit.platform.engine.support.hierarchical.ThrowableCollector.execute(ThrowableCollector.java:73)
	at org.junit.platform.engine.support.hierarchical.NodeTestTask.lambda$executeRecursively$8(NodeTestTask.java:146)
	at org.junit.platform.engine.support.hierarchical.Node.around(Node.java:137)
	at org.junit.platform.engine.support.hierarchical.NodeTestTask.lambda$executeRecursively$9(NodeTestTask.java:144)
	at org.junit.platform.engine.support.hierarchical.ThrowableCollector.execute(ThrowableCollector.java:73)
	at org.junit.platform.engine.support.hierarchical.NodeTestTask.executeRecursively(NodeTestTask.java:143)
	at org.junit.platform.engine.support.hierarchical.NodeTestTask.execute(NodeTestTask.java:100)
	at org.junit.platform.engine.support.hierarchical.SameThreadHierarchicalTestExecutorService.submit(SameThreadHierarchicalTestExecutorService.java:35)
	at org.junit.platform.engine.support.hierarchical.HierarchicalTestExecutor.execute(HierarchicalTestExecutor.java:57)
	at org.junit.platform.engine.support.hierarchical.HierarchicalTestEngine.execute(HierarchicalTestEngine.java:54)
	at org.junit.platform.launcher.core.EngineExecutionOrchestrator.execute(EngineExecutionOrchestrator.java:201)
	at org.junit.platform.launcher.core.EngineExecutionOrchestrator.execute(EngineExecutionOrchestrator.java:170)
	at org.junit.platform.launcher.core.EngineExecutionOrchestrator.execute(EngineExecutionOrchestrator.java:94)
	at org.junit.platform.launcher.core.EngineExecutionOrchestrator.lambda$execute$0(EngineExecutionOrchestrator.java:59)
	at org.junit.platform.launcher.core.EngineExecutionOrchestrator.withInterceptedStreams(EngineExecutionOrchestrator.java:142)
	at org.junit.platform.launcher.core.EngineExecutionOrchestrator.execute(EngineExecutionOrchestrator.java:58)
	at org.junit.platform.launcher.core.DefaultLauncher.execute(DefaultLauncher.java:103)
	at org.junit.platform.launcher.core.DefaultLauncher.execute(DefaultLauncher.java:85)
	at org.junit.platform.launcher.core.DelegatingLauncher.execute(DelegatingLauncher.java:47)
	at org.junit.platform.launcher.core.InterceptingLauncher.lambda$execute$1(InterceptingLauncher.java:39)
	at org.junit.platform.launcher.core.ClasspathAlignmentCheckingLauncherInterceptor.intercept(ClasspathAlignmentCheckingLauncherInterceptor.java:25)
	at org.junit.platform.launcher.core.InterceptingLauncher.execute(InterceptingLauncher.java:38)
	at org.junit.platform.launcher.core.DelegatingLauncher.execute(DelegatingLauncher.java:47)
	at org.gradle.api.internal.tasks.testing.junitplatform.JUnitPlatformTestClassProcessor$CollectAllTestClassesExecutor.processAllTestClasses(JUnitPlatformTestClassProcessor.java:124)
	at org.gradle.api.internal.tasks.testing.junitplatform.JUnitPlatformTestClassProcessor$CollectAllTestClassesExecutor.access$000(JUnitPlatformTestClassProcessor.java:99)
	at org.gradle.api.internal.tasks.testing.junitplatform.JUnitPlatformTestClassProcessor.stop(JUnitPlatformTestClassProcessor.java:94)
	at org.gradle.api.internal.tasks.testing.SuiteTestClassProcessor.stop(SuiteTestClassProcessor.java:63)
	at java.base/jdk.internal.reflect.NativeMethodAccessorImpl.invoke0(Native Method)
	at java.base/jdk.internal.reflect.NativeMethodAccessorImpl.invoke(NativeMethodAccessorImpl.java:77)
	at java.base/jdk.internal.reflect.DelegatingMethodAccessorImpl.invoke(DelegatingMethodAccessorImpl.java:43)
	at java.base/java.lang.reflect.Method.invoke(Method.java:569)
	at org.gradle.internal.dispatch.ReflectionDispatch.dispatch(ReflectionDispatch.java:36)
	at org.gradle.internal.dispatch.ReflectionDispatch.dispatch(ReflectionDispatch.java:24)
	at org.gradle.internal.dispatch.ContextClassLoaderDispatch.dispatch(ContextClassLoaderDispatch.java:33)
	at org.gradle.internal.dispatch.ProxyDispatchAdapter$DispatchingInvocationHandler.invoke(ProxyDispatchAdapter.java:92)
	at jdk.proxy1/jdk.proxy1.$Proxy4.stop(Unknown Source)
	at org.gradle.api.internal.tasks.testing.worker.TestWorker$3.run(TestWorker.java:200)
	at org.gradle.api.internal.tasks.testing.worker.TestWorker.executeAndMaintainThreadName(TestWorker.java:132)
	at org.gradle.api.internal.tasks.testing.worker.TestWorker.execute(TestWorker.java:103)
	at org.gradle.api.internal.tasks.testing.worker.TestWorker.execute(TestWorker.java:63)
	at org.gradle.process.internal.worker.child.ActionExecutionWorker.execute(ActionExecutionWorker.java:56)
	at org.gradle.process.internal.worker.child.SystemApplicationClassLoaderWorker.call(SystemApplicationClassLoaderWorker.java:122)
	at org.gradle.process.internal.worker.child.SystemApplicationClassLoaderWorker.call(SystemApplicationClassLoaderWorker.java:72)
	at worker.org.gradle.process.internal.worker.GradleWorkerMain.run(GradleWorkerMain.java:69)
	at worker.org.gradle.process.internal.worker.GradleWorkerMain.main(GradleWorkerMain.java:74)
Caused by: org.springframework.beans.factory.UnsatisfiedDependencyException: Error creating bean with name 'loadBalancerWebClientBuilderBeanPostProcessor' defined in class path resource [org/springframework/cloud/client/loadbalancer/reactive/LoadBalancerBeanPostProcessorAutoConfiguration.class]: Unsatisfied dependency expressed through method 'loadBalancerWebClientBuilderBeanPostProcessor' parameter 0: Invalid bean definition with name 'MIOSM.auth_service.client.UserServiceClient' defined in null: Invalid value type for attribute 'factoryBeanObjectType': java.lang.String
	at org.springframework.beans.factory.support.ConstructorResolver.createArgumentArray(ConstructorResolver.java:804)
	at org.springframework.beans.factory.support.ConstructorResolver.instantiateUsingFactoryMethod(ConstructorResolver.java:546)
	at org.springframework.beans.factory.support.AbstractAutowireCapableBeanFactory.instantiateUsingFactoryMethod(AbstractAutowireCapableBeanFactory.java:1375)
	at org.springframework.beans.factory.support.AbstractAutowireCapableBeanFactory.createBeanInstance(AbstractAutowireCapableBeanFactory.java:1205)
	at org.springframework.beans.factory.support.AbstractAutowireCapableBeanFactory.doCreateBean(AbstractAutowireCapableBeanFactory.java:569)
	at org.springframework.beans.factory.support.AbstractAutowireCapableBeanFactory.createBean(AbstractAutowireCapableBeanFactory.java:529)
	at org.springframework.beans.factory.support.AbstractBeanFactory.lambda$doGetBean$0(AbstractBeanFactory.java:339)
	at org.springframework.beans.factory.support.DefaultSingletonBeanRegistry.getSingleton(DefaultSingletonBeanRegistry.java:373)
	at org.springframework.beans.factory.support.AbstractBeanFactory.doGetBean(AbstractBeanFactory.java:337)
	at org.springframework.beans.factory.support.AbstractBeanFactory.getBean(AbstractBeanFactory.java:207)
	at org.springframework.context.support.PostProcessorRegistrationDelegate.registerBeanPostProcessors(PostProcessorRegistrationDelegate.java:277)
	at org.springframework.context.support.AbstractApplicationContext.registerBeanPostProcessors(AbstractApplicationContext.java:808)
	at org.springframework.context.support.AbstractApplicationContext.refresh(AbstractApplicationContext.java:611)
	at org.springframework.boot.SpringApplication.refresh(SpringApplication.java:752)
	at org.springframework.boot.SpringApplication.refreshContext(SpringApplication.java:439)
	at org.springframework.boot.SpringApplication.run(SpringApplication.java:318)
	at org.springframework.boot.test.context.SpringBootContextLoader.lambda$loadContext$3(SpringBootContextLoader.java:144)
	at org.springframework.util.function.ThrowingSupplier.get(ThrowingSupplier.java:58)
	at org.springframework.util.function.ThrowingSupplier.get(ThrowingSupplier.java:46)
	at org.springframework.boot.SpringApplication.withHook(SpringApplication.java:1461)
	at org.springframework.boot.test.context.SpringBootContextLoader$ContextLoaderHook.run(SpringBootContextLoader.java:563)
	at org.springframework.boot.test.context.SpringBootContextLoader.loadContext(SpringBootContextLoader.java:144)
	at org.springframework.boot.test.context.SpringBootContextLoader.loadContext(SpringBootContextLoader.java:110)
	at org.springframework.test.context.cache.DefaultCacheAwareContextLoaderDelegate.loadContextInternal(DefaultCacheAwareContextLoaderDelegate.java:225)
	at org.springframework.test.context.cache.DefaultCacheAwareContextLoaderDelegate.loadContext(DefaultCacheAwareContextLoaderDelegate.java:152)
	... 93 common frames omitted
Caused by: org.springframework.beans.factory.BeanDefinitionStoreException: Invalid bean definition with name 'MIOSM.auth_service.client.UserServiceClient' defined in null: Invalid value type for attribute 'factoryBeanObjectType': java.lang.String
	at org.springframework.beans.factory.support.AbstractAutowireCapableBeanFactory.getTypeForFactoryBean(AbstractAutowireCapableBeanFactory.java:864)
	at org.springframework.beans.factory.support.AbstractBeanFactory.isTypeMatch(AbstractBeanFactory.java:665)
	at org.springframework.beans.factory.support.DefaultListableBeanFactory.doGetBeanNamesForType(DefaultListableBeanFactory.java:651)
	at org.springframework.beans.factory.support.DefaultListableBeanFactory.getBeanNamesForType(DefaultListableBeanFactory.java:611)
	at org.springframework.beans.factory.BeanFactoryUtils.beanNamesForTypeIncludingAncestors(BeanFactoryUtils.java:264)
	at org.springframework.beans.factory.support.DefaultListableBeanFactory.findAutowireCandidates(DefaultListableBeanFactory.java:1944)
	at org.springframework.beans.factory.support.DefaultListableBeanFactory.doResolveDependency(DefaultListableBeanFactory.java:1699)
	at org.springframework.beans.factory.support.DefaultListableBeanFactory.resolveDependency(DefaultListableBeanFactory.java:1628)
	at org.springframework.beans.factory.support.ConstructorResolver.resolveAutowiredArgument(ConstructorResolver.java:913)
	at org.springframework.beans.factory.support.ConstructorResolver.createArgumentArray(ConstructorResolver.java:791)
	... 117 common frames omitted
2025-07-14 22:25:13.107 [main] INFO  M.a.AuthServiceApplication - Starting AuthServiceApplication using Java 17.0.15 with PID 17684 (E:\miosm\auth-service\build\classes\java\main started by admin in E:\miosm\auth-service)
2025-07-14 22:25:13.115 [main] INFO  M.a.AuthServiceApplication - No active profile set, falling back to 1 default profile: "default"
2025-07-14 22:25:15.086 [main] INFO  o.s.cloud.context.scope.GenericScope - BeanFactory id=5bdfa0c1-91af-3992-8af0-959e80992370
2025-07-14 22:25:15.236 [main] WARN  o.s.c.s.PostProcessorRegistrationDelegate$BeanPostProcessorChecker - Bean 'org.springframework.cloud.client.loadbalancer.reactive.LoadBalancerBeanPostProcessorAutoConfiguration' of type [org.springframework.cloud.client.loadbalancer.reactive.LoadBalancerBeanPostProcessorAutoConfiguration] is not eligible for getting processed by all BeanPostProcessors (for example: not eligible for auto-proxying). The currently created BeanPostProcessor [loadBalancerWebClientBuilderBeanPostProcessor] is declared through a non-static factory method on that class; consider declaring it as static instead.
2025-07-14 22:25:15.243 [main] WARN  o.s.b.w.s.c.AnnotationConfigServletWebServerApplicationContext - Exception encountered during context initialization - cancelling refresh attempt: org.springframework.beans.factory.UnsatisfiedDependencyException: Error creating bean with name 'loadBalancerWebClientBuilderBeanPostProcessor' defined in class path resource [org/springframework/cloud/client/loadbalancer/reactive/LoadBalancerBeanPostProcessorAutoConfiguration.class]: Unsatisfied dependency expressed through method 'loadBalancerWebClientBuilderBeanPostProcessor' parameter 0: Invalid bean definition with name 'MIOSM.auth_service.client.UserServiceClient' defined in null: Invalid value type for attribute 'factoryBeanObjectType': java.lang.String
2025-07-14 22:25:15.269 [main] INFO  o.s.b.a.l.ConditionEvaluationReportLogger - 

Error starting ApplicationContext. To display the condition evaluation report re-run your application with 'debug' enabled.
2025-07-14 22:25:15.311 [main] ERROR o.s.boot.SpringApplication - Application run failed
org.springframework.beans.factory.UnsatisfiedDependencyException: Error creating bean with name 'loadBalancerWebClientBuilderBeanPostProcessor' defined in class path resource [org/springframework/cloud/client/loadbalancer/reactive/LoadBalancerBeanPostProcessorAutoConfiguration.class]: Unsatisfied dependency expressed through method 'loadBalancerWebClientBuilderBeanPostProcessor' parameter 0: Invalid bean definition with name 'MIOSM.auth_service.client.UserServiceClient' defined in null: Invalid value type for attribute 'factoryBeanObjectType': java.lang.String
	at org.springframework.beans.factory.support.ConstructorResolver.createArgumentArray(ConstructorResolver.java:804)
	at org.springframework.beans.factory.support.ConstructorResolver.instantiateUsingFactoryMethod(ConstructorResolver.java:546)
	at org.springframework.beans.factory.support.AbstractAutowireCapableBeanFactory.instantiateUsingFactoryMethod(AbstractAutowireCapableBeanFactory.java:1375)
	at org.springframework.beans.factory.support.AbstractAutowireCapableBeanFactory.createBeanInstance(AbstractAutowireCapableBeanFactory.java:1205)
	at org.springframework.beans.factory.support.AbstractAutowireCapableBeanFactory.doCreateBean(AbstractAutowireCapableBeanFactory.java:569)
	at org.springframework.beans.factory.support.AbstractAutowireCapableBeanFactory.createBean(AbstractAutowireCapableBeanFactory.java:529)
	at org.springframework.beans.factory.support.AbstractBeanFactory.lambda$doGetBean$0(AbstractBeanFactory.java:339)
	at org.springframework.beans.factory.support.DefaultSingletonBeanRegistry.getSingleton(DefaultSingletonBeanRegistry.java:373)
	at org.springframework.beans.factory.support.AbstractBeanFactory.doGetBean(AbstractBeanFactory.java:337)
	at org.springframework.beans.factory.support.AbstractBeanFactory.getBean(AbstractBeanFactory.java:207)
	at org.springframework.context.support.PostProcessorRegistrationDelegate.registerBeanPostProcessors(PostProcessorRegistrationDelegate.java:277)
	at org.springframework.context.support.AbstractApplicationContext.registerBeanPostProcessors(AbstractApplicationContext.java:808)
	at org.springframework.context.support.AbstractApplicationContext.refresh(AbstractApplicationContext.java:611)
	at org.springframework.boot.web.servlet.context.ServletWebServerApplicationContext.refresh(ServletWebServerApplicationContext.java:146)
	at org.springframework.boot.SpringApplication.refresh(SpringApplication.java:752)
	at org.springframework.boot.SpringApplication.refreshContext(SpringApplication.java:439)
	at org.springframework.boot.SpringApplication.run(SpringApplication.java:318)
	at org.springframework.boot.SpringApplication.run(SpringApplication.java:1361)
	at org.springframework.boot.SpringApplication.run(SpringApplication.java:1350)
	at MIOSM.auth_service.AuthServiceApplication.main(AuthServiceApplication.java:12)
Caused by: org.springframework.beans.factory.BeanDefinitionStoreException: Invalid bean definition with name 'MIOSM.auth_service.client.UserServiceClient' defined in null: Invalid value type for attribute 'factoryBeanObjectType': java.lang.String
	at org.springframework.beans.factory.support.AbstractAutowireCapableBeanFactory.getTypeForFactoryBean(AbstractAutowireCapableBeanFactory.java:864)
	at org.springframework.beans.factory.support.AbstractBeanFactory.isTypeMatch(AbstractBeanFactory.java:665)
	at org.springframework.beans.factory.support.DefaultListableBeanFactory.doGetBeanNamesForType(DefaultListableBeanFactory.java:651)
	at org.springframework.beans.factory.support.DefaultListableBeanFactory.getBeanNamesForType(DefaultListableBeanFactory.java:611)
	at org.springframework.beans.factory.BeanFactoryUtils.beanNamesForTypeIncludingAncestors(BeanFactoryUtils.java:264)
	at org.springframework.beans.factory.support.DefaultListableBeanFactory.findAutowireCandidates(DefaultListableBeanFactory.java:1944)
	at org.springframework.beans.factory.support.DefaultListableBeanFactory.doResolveDependency(DefaultListableBeanFactory.java:1699)
	at org.springframework.beans.factory.support.DefaultListableBeanFactory.resolveDependency(DefaultListableBeanFactory.java:1628)
	at org.springframework.beans.factory.support.ConstructorResolver.resolveAutowiredArgument(ConstructorResolver.java:913)
	at org.springframework.beans.factory.support.ConstructorResolver.createArgumentArray(ConstructorResolver.java:791)
	... 19 common frames omitted
2025-07-14 22:26:36.116 [main] INFO  M.a.AuthServiceApplication - Starting AuthServiceApplication using Java 17.0.15 with PID 21012 (E:\miosm\auth-service\build\classes\java\main started by admin in E:\miosm\auth-service)
2025-07-14 22:26:36.123 [main] INFO  M.a.AuthServiceApplication - No active profile set, falling back to 1 default profile: "default"
2025-07-14 22:26:38.142 [main] INFO  o.s.cloud.context.scope.GenericScope - BeanFactory id=5bdfa0c1-91af-3992-8af0-959e80992370
2025-07-14 22:26:38.301 [main] WARN  o.s.c.s.PostProcessorRegistrationDelegate$BeanPostProcessorChecker - Bean 'org.springframework.cloud.client.loadbalancer.reactive.LoadBalancerBeanPostProcessorAutoConfiguration' of type [org.springframework.cloud.client.loadbalancer.reactive.LoadBalancerBeanPostProcessorAutoConfiguration] is not eligible for getting processed by all BeanPostProcessors (for example: not eligible for auto-proxying). The currently created BeanPostProcessor [loadBalancerWebClientBuilderBeanPostProcessor] is declared through a non-static factory method on that class; consider declaring it as static instead.
2025-07-14 22:26:38.307 [main] WARN  o.s.b.w.s.c.AnnotationConfigServletWebServerApplicationContext - Exception encountered during context initialization - cancelling refresh attempt: org.springframework.beans.factory.UnsatisfiedDependencyException: Error creating bean with name 'loadBalancerWebClientBuilderBeanPostProcessor' defined in class path resource [org/springframework/cloud/client/loadbalancer/reactive/LoadBalancerBeanPostProcessorAutoConfiguration.class]: Unsatisfied dependency expressed through method 'loadBalancerWebClientBuilderBeanPostProcessor' parameter 0: Invalid bean definition with name 'MIOSM.auth_service.client.UserServiceClient' defined in null: Invalid value type for attribute 'factoryBeanObjectType': java.lang.String
2025-07-14 22:26:38.332 [main] INFO  o.s.b.a.l.ConditionEvaluationReportLogger - 

Error starting ApplicationContext. To display the condition evaluation report re-run your application with 'debug' enabled.
2025-07-14 22:26:38.367 [main] ERROR o.s.boot.SpringApplication - Application run failed
org.springframework.beans.factory.UnsatisfiedDependencyException: Error creating bean with name 'loadBalancerWebClientBuilderBeanPostProcessor' defined in class path resource [org/springframework/cloud/client/loadbalancer/reactive/LoadBalancerBeanPostProcessorAutoConfiguration.class]: Unsatisfied dependency expressed through method 'loadBalancerWebClientBuilderBeanPostProcessor' parameter 0: Invalid bean definition with name 'MIOSM.auth_service.client.UserServiceClient' defined in null: Invalid value type for attribute 'factoryBeanObjectType': java.lang.String
	at org.springframework.beans.factory.support.ConstructorResolver.createArgumentArray(ConstructorResolver.java:804)
	at org.springframework.beans.factory.support.ConstructorResolver.instantiateUsingFactoryMethod(ConstructorResolver.java:546)
	at org.springframework.beans.factory.support.AbstractAutowireCapableBeanFactory.instantiateUsingFactoryMethod(AbstractAutowireCapableBeanFactory.java:1375)
	at org.springframework.beans.factory.support.AbstractAutowireCapableBeanFactory.createBeanInstance(AbstractAutowireCapableBeanFactory.java:1205)
	at org.springframework.beans.factory.support.AbstractAutowireCapableBeanFactory.doCreateBean(AbstractAutowireCapableBeanFactory.java:569)
	at org.springframework.beans.factory.support.AbstractAutowireCapableBeanFactory.createBean(AbstractAutowireCapableBeanFactory.java:529)
	at org.springframework.beans.factory.support.AbstractBeanFactory.lambda$doGetBean$0(AbstractBeanFactory.java:339)
	at org.springframework.beans.factory.support.DefaultSingletonBeanRegistry.getSingleton(DefaultSingletonBeanRegistry.java:373)
	at org.springframework.beans.factory.support.AbstractBeanFactory.doGetBean(AbstractBeanFactory.java:337)
	at org.springframework.beans.factory.support.AbstractBeanFactory.getBean(AbstractBeanFactory.java:207)
	at org.springframework.context.support.PostProcessorRegistrationDelegate.registerBeanPostProcessors(PostProcessorRegistrationDelegate.java:277)
	at org.springframework.context.support.AbstractApplicationContext.registerBeanPostProcessors(AbstractApplicationContext.java:808)
	at org.springframework.context.support.AbstractApplicationContext.refresh(AbstractApplicationContext.java:611)
	at org.springframework.boot.web.servlet.context.ServletWebServerApplicationContext.refresh(ServletWebServerApplicationContext.java:146)
	at org.springframework.boot.SpringApplication.refresh(SpringApplication.java:752)
	at org.springframework.boot.SpringApplication.refreshContext(SpringApplication.java:439)
	at org.springframework.boot.SpringApplication.run(SpringApplication.java:318)
	at org.springframework.boot.SpringApplication.run(SpringApplication.java:1361)
	at org.springframework.boot.SpringApplication.run(SpringApplication.java:1350)
	at MIOSM.auth_service.AuthServiceApplication.main(AuthServiceApplication.java:12)
Caused by: org.springframework.beans.factory.BeanDefinitionStoreException: Invalid bean definition with name 'MIOSM.auth_service.client.UserServiceClient' defined in null: Invalid value type for attribute 'factoryBeanObjectType': java.lang.String
	at org.springframework.beans.factory.support.AbstractAutowireCapableBeanFactory.getTypeForFactoryBean(AbstractAutowireCapableBeanFactory.java:864)
	at org.springframework.beans.factory.support.AbstractBeanFactory.isTypeMatch(AbstractBeanFactory.java:665)
	at org.springframework.beans.factory.support.DefaultListableBeanFactory.doGetBeanNamesForType(DefaultListableBeanFactory.java:651)
	at org.springframework.beans.factory.support.DefaultListableBeanFactory.getBeanNamesForType(DefaultListableBeanFactory.java:611)
	at org.springframework.beans.factory.BeanFactoryUtils.beanNamesForTypeIncludingAncestors(BeanFactoryUtils.java:264)
	at org.springframework.beans.factory.support.DefaultListableBeanFactory.findAutowireCandidates(DefaultListableBeanFactory.java:1944)
	at org.springframework.beans.factory.support.DefaultListableBeanFactory.doResolveDependency(DefaultListableBeanFactory.java:1699)
	at org.springframework.beans.factory.support.DefaultListableBeanFactory.resolveDependency(DefaultListableBeanFactory.java:1628)
	at org.springframework.beans.factory.support.ConstructorResolver.resolveAutowiredArgument(ConstructorResolver.java:913)
	at org.springframework.beans.factory.support.ConstructorResolver.createArgumentArray(ConstructorResolver.java:791)
	... 19 common frames omitted
2025-07-14 22:29:00.077 [main] INFO  M.a.AuthServiceApplication - Starting AuthServiceApplication using Java 17.0.15 with PID 20168 (E:\miosm\auth-service\build\classes\java\main started by admin in E:\miosm\auth-service)
2025-07-14 22:29:00.083 [main] INFO  M.a.AuthServiceApplication - No active profile set, falling back to 1 default profile: "default"
2025-07-14 22:29:02.342 [main] INFO  o.s.cloud.context.scope.GenericScope - BeanFactory id=5bdfa0c1-91af-3992-8af0-959e80992370
2025-07-14 22:29:02.465 [main] WARN  o.s.c.s.PostProcessorRegistrationDelegate$BeanPostProcessorChecker - Bean 'org.springframework.cloud.client.loadbalancer.reactive.LoadBalancerBeanPostProcessorAutoConfiguration' of type [org.springframework.cloud.client.loadbalancer.reactive.LoadBalancerBeanPostProcessorAutoConfiguration] is not eligible for getting processed by all BeanPostProcessors (for example: not eligible for auto-proxying). The currently created BeanPostProcessor [loadBalancerWebClientBuilderBeanPostProcessor] is declared through a non-static factory method on that class; consider declaring it as static instead.
2025-07-14 22:29:02.469 [main] WARN  o.s.b.w.s.c.AnnotationConfigServletWebServerApplicationContext - Exception encountered during context initialization - cancelling refresh attempt: org.springframework.beans.factory.UnsatisfiedDependencyException: Error creating bean with name 'loadBalancerWebClientBuilderBeanPostProcessor' defined in class path resource [org/springframework/cloud/client/loadbalancer/reactive/LoadBalancerBeanPostProcessorAutoConfiguration.class]: Unsatisfied dependency expressed through method 'loadBalancerWebClientBuilderBeanPostProcessor' parameter 0: Invalid bean definition with name 'MIOSM.auth_service.client.UserServiceClient' defined in null: Invalid value type for attribute 'factoryBeanObjectType': java.lang.String
2025-07-14 22:29:02.483 [main] INFO  o.s.b.a.l.ConditionEvaluationReportLogger - 

Error starting ApplicationContext. To display the condition evaluation report re-run your application with 'debug' enabled.
2025-07-14 22:29:02.515 [main] ERROR o.s.boot.SpringApplication - Application run failed
org.springframework.beans.factory.UnsatisfiedDependencyException: Error creating bean with name 'loadBalancerWebClientBuilderBeanPostProcessor' defined in class path resource [org/springframework/cloud/client/loadbalancer/reactive/LoadBalancerBeanPostProcessorAutoConfiguration.class]: Unsatisfied dependency expressed through method 'loadBalancerWebClientBuilderBeanPostProcessor' parameter 0: Invalid bean definition with name 'MIOSM.auth_service.client.UserServiceClient' defined in null: Invalid value type for attribute 'factoryBeanObjectType': java.lang.String
	at org.springframework.beans.factory.support.ConstructorResolver.createArgumentArray(ConstructorResolver.java:804)
	at org.springframework.beans.factory.support.ConstructorResolver.instantiateUsingFactoryMethod(ConstructorResolver.java:546)
	at org.springframework.beans.factory.support.AbstractAutowireCapableBeanFactory.instantiateUsingFactoryMethod(AbstractAutowireCapableBeanFactory.java:1375)
	at org.springframework.beans.factory.support.AbstractAutowireCapableBeanFactory.createBeanInstance(AbstractAutowireCapableBeanFactory.java:1205)
	at org.springframework.beans.factory.support.AbstractAutowireCapableBeanFactory.doCreateBean(AbstractAutowireCapableBeanFactory.java:569)
	at org.springframework.beans.factory.support.AbstractAutowireCapableBeanFactory.createBean(AbstractAutowireCapableBeanFactory.java:529)
	at org.springframework.beans.factory.support.AbstractBeanFactory.lambda$doGetBean$0(AbstractBeanFactory.java:339)
	at org.springframework.beans.factory.support.DefaultSingletonBeanRegistry.getSingleton(DefaultSingletonBeanRegistry.java:373)
	at org.springframework.beans.factory.support.AbstractBeanFactory.doGetBean(AbstractBeanFactory.java:337)
	at org.springframework.beans.factory.support.AbstractBeanFactory.getBean(AbstractBeanFactory.java:207)
	at org.springframework.context.support.PostProcessorRegistrationDelegate.registerBeanPostProcessors(PostProcessorRegistrationDelegate.java:277)
	at org.springframework.context.support.AbstractApplicationContext.registerBeanPostProcessors(AbstractApplicationContext.java:808)
	at org.springframework.context.support.AbstractApplicationContext.refresh(AbstractApplicationContext.java:611)
	at org.springframework.boot.web.servlet.context.ServletWebServerApplicationContext.refresh(ServletWebServerApplicationContext.java:146)
	at org.springframework.boot.SpringApplication.refresh(SpringApplication.java:752)
	at org.springframework.boot.SpringApplication.refreshContext(SpringApplication.java:439)
	at org.springframework.boot.SpringApplication.run(SpringApplication.java:318)
	at org.springframework.boot.SpringApplication.run(SpringApplication.java:1361)
	at org.springframework.boot.SpringApplication.run(SpringApplication.java:1350)
	at MIOSM.auth_service.AuthServiceApplication.main(AuthServiceApplication.java:12)
Caused by: org.springframework.beans.factory.BeanDefinitionStoreException: Invalid bean definition with name 'MIOSM.auth_service.client.UserServiceClient' defined in null: Invalid value type for attribute 'factoryBeanObjectType': java.lang.String
	at org.springframework.beans.factory.support.AbstractAutowireCapableBeanFactory.getTypeForFactoryBean(AbstractAutowireCapableBeanFactory.java:864)
	at org.springframework.beans.factory.support.AbstractBeanFactory.isTypeMatch(AbstractBeanFactory.java:665)
	at org.springframework.beans.factory.support.DefaultListableBeanFactory.doGetBeanNamesForType(DefaultListableBeanFactory.java:651)
	at org.springframework.beans.factory.support.DefaultListableBeanFactory.getBeanNamesForType(DefaultListableBeanFactory.java:611)
	at org.springframework.beans.factory.BeanFactoryUtils.beanNamesForTypeIncludingAncestors(BeanFactoryUtils.java:264)
	at org.springframework.beans.factory.support.DefaultListableBeanFactory.findAutowireCandidates(DefaultListableBeanFactory.java:1944)
	at org.springframework.beans.factory.support.DefaultListableBeanFactory.doResolveDependency(DefaultListableBeanFactory.java:1699)
	at org.springframework.beans.factory.support.DefaultListableBeanFactory.resolveDependency(DefaultListableBeanFactory.java:1628)
	at org.springframework.beans.factory.support.ConstructorResolver.resolveAutowiredArgument(ConstructorResolver.java:913)
	at org.springframework.beans.factory.support.ConstructorResolver.createArgumentArray(ConstructorResolver.java:791)
	... 19 common frames omitted
2025-07-14 22:29:35.001 [main] INFO  M.a.AuthServiceApplication - Starting AuthServiceApplication using Java 17.0.15 with PID 12908 (E:\miosm\auth-service\build\classes\java\main started by admin in E:\miosm\auth-service)
2025-07-14 22:29:35.006 [main] INFO  M.a.AuthServiceApplication - No active profile set, falling back to 1 default profile: "default"
2025-07-14 22:29:36.842 [main] INFO  o.s.cloud.context.scope.GenericScope - BeanFactory id=613bdb91-442c-3622-8c8b-637bff7c6843
2025-07-14 22:29:36.971 [main] WARN  o.s.c.s.PostProcessorRegistrationDelegate$BeanPostProcessorChecker - Bean 'org.springframework.cloud.client.loadbalancer.reactive.LoadBalancerBeanPostProcessorAutoConfiguration' of type [org.springframework.cloud.client.loadbalancer.reactive.LoadBalancerBeanPostProcessorAutoConfiguration] is not eligible for getting processed by all BeanPostProcessors (for example: not eligible for auto-proxying). The currently created BeanPostProcessor [loadBalancerWebClientBuilderBeanPostProcessor] is declared through a non-static factory method on that class; consider declaring it as static instead.
2025-07-14 22:29:36.977 [main] WARN  o.s.c.s.PostProcessorRegistrationDelegate$BeanPostProcessorChecker - Bean 'org.springframework.cloud.client.loadbalancer.reactive.LoadBalancerBeanPostProcessorAutoConfiguration$ReactorDeferringLoadBalancerFilterConfig' of type [org.springframework.cloud.client.loadbalancer.reactive.LoadBalancerBeanPostProcessorAutoConfiguration$ReactorDeferringLoadBalancerFilterConfig] is not eligible for getting processed by all BeanPostProcessors (for example: not eligible for auto-proxying). Is this bean getting eagerly injected/applied to a currently created BeanPostProcessor [loadBalancerWebClientBuilderBeanPostProcessor]? Check the corresponding BeanPostProcessor declaration and its dependencies/advisors. If this bean does not have to be post-processed, declare it with ROLE_INFRASTRUCTURE.
2025-07-14 22:29:36.982 [main] WARN  o.s.c.s.PostProcessorRegistrationDelegate$BeanPostProcessorChecker - Bean 'reactorDeferringLoadBalancerExchangeFilterFunction' of type [org.springframework.cloud.client.loadbalancer.reactive.DeferringLoadBalancerExchangeFilterFunction] is not eligible for getting processed by all BeanPostProcessors (for example: not eligible for auto-proxying). Is this bean getting eagerly injected/applied to a currently created BeanPostProcessor [loadBalancerWebClientBuilderBeanPostProcessor]? Check the corresponding BeanPostProcessor declaration and its dependencies/advisors. If this bean does not have to be post-processed, declare it with ROLE_INFRASTRUCTURE.
2025-07-14 22:29:37.424 [main] INFO  o.s.b.w.e.tomcat.TomcatWebServer - Tomcat initialized with port 8081 (http)
2025-07-14 22:29:37.441 [main] INFO  o.a.coyote.http11.Http11NioProtocol - Initializing ProtocolHandler ["http-nio-8081"]
2025-07-14 22:29:37.445 [main] INFO  o.a.catalina.core.StandardService - Starting service [Tomcat]
2025-07-14 22:29:37.445 [main] INFO  o.a.catalina.core.StandardEngine - Starting Servlet engine: [Apache Tomcat/10.1.42]
2025-07-14 22:29:37.557 [main] INFO  o.a.c.c.C.[Tomcat].[localhost].[/] - Initializing Spring embedded WebApplicationContext
2025-07-14 22:29:37.559 [main] INFO  o.s.b.w.s.c.ServletWebServerApplicationContext - Root WebApplicationContext: initialization completed in 2455 ms
2025-07-14 22:29:37.985 [main] WARN  o.s.b.w.s.c.AnnotationConfigServletWebServerApplicationContext - Exception encountered during context initialization - cancelling refresh attempt: org.springframework.beans.factory.UnsatisfiedDependencyException: Error creating bean with name 'authController' defined in file [E:\miosm\auth-service\build\classes\java\main\MIOSM\auth_service\controller\AuthController.class]: Unsatisfied dependency expressed through constructor parameter 0: Error creating bean with name 'authServiceImpl' defined in file [E:\miosm\auth-service\build\classes\java\main\MIOSM\auth_service\service\AuthServiceImpl.class]: Unsatisfied dependency expressed through constructor parameter 1: No qualifying bean of type 'MIOSM.auth_service.client.UserServiceClient' available: expected at least 1 bean which qualifies as autowire candidate. Dependency annotations: {}
2025-07-14 22:29:37.990 [main] INFO  o.a.catalina.core.StandardService - Stopping service [Tomcat]
2025-07-14 22:29:38.017 [main] INFO  o.s.b.a.l.ConditionEvaluationReportLogger - 

Error starting ApplicationContext. To display the condition evaluation report re-run your application with 'debug' enabled.
2025-07-14 22:29:38.052 [main] ERROR o.s.b.d.LoggingFailureAnalysisReporter - 

***************************
APPLICATION FAILED TO START
***************************

Description:

Parameter 1 of constructor in MIOSM.auth_service.service.AuthServiceImpl required a bean of type 'MIOSM.auth_service.client.UserServiceClient' that could not be found.


Action:

Consider defining a bean of type 'MIOSM.auth_service.client.UserServiceClient' in your configuration.

2025-07-14 22:29:49.925 [main] INFO  M.a.AuthServiceApplication - Starting AuthServiceApplication using Java 17.0.15 with PID 20760 (E:\miosm\auth-service\build\classes\java\main started by admin in E:\miosm\auth-service)
2025-07-14 22:29:49.932 [main] INFO  M.a.AuthServiceApplication - No active profile set, falling back to 1 default profile: "default"
2025-07-14 22:29:51.738 [main] INFO  o.s.cloud.context.scope.GenericScope - BeanFactory id=5bdfa0c1-91af-3992-8af0-959e80992370
2025-07-14 22:29:51.895 [main] WARN  o.s.c.s.PostProcessorRegistrationDelegate$BeanPostProcessorChecker - Bean 'org.springframework.cloud.client.loadbalancer.reactive.LoadBalancerBeanPostProcessorAutoConfiguration' of type [org.springframework.cloud.client.loadbalancer.reactive.LoadBalancerBeanPostProcessorAutoConfiguration] is not eligible for getting processed by all BeanPostProcessors (for example: not eligible for auto-proxying). The currently created BeanPostProcessor [loadBalancerWebClientBuilderBeanPostProcessor] is declared through a non-static factory method on that class; consider declaring it as static instead.
2025-07-14 22:29:51.902 [main] WARN  o.s.b.w.s.c.AnnotationConfigServletWebServerApplicationContext - Exception encountered during context initialization - cancelling refresh attempt: org.springframework.beans.factory.UnsatisfiedDependencyException: Error creating bean with name 'loadBalancerWebClientBuilderBeanPostProcessor' defined in class path resource [org/springframework/cloud/client/loadbalancer/reactive/LoadBalancerBeanPostProcessorAutoConfiguration.class]: Unsatisfied dependency expressed through method 'loadBalancerWebClientBuilderBeanPostProcessor' parameter 0: Invalid bean definition with name 'MIOSM.auth_service.client.UserServiceClient' defined in null: Invalid value type for attribute 'factoryBeanObjectType': java.lang.String
2025-07-14 22:29:51.925 [main] INFO  o.s.b.a.l.ConditionEvaluationReportLogger - 

Error starting ApplicationContext. To display the condition evaluation report re-run your application with 'debug' enabled.
2025-07-14 22:29:51.959 [main] ERROR o.s.boot.SpringApplication - Application run failed
org.springframework.beans.factory.UnsatisfiedDependencyException: Error creating bean with name 'loadBalancerWebClientBuilderBeanPostProcessor' defined in class path resource [org/springframework/cloud/client/loadbalancer/reactive/LoadBalancerBeanPostProcessorAutoConfiguration.class]: Unsatisfied dependency expressed through method 'loadBalancerWebClientBuilderBeanPostProcessor' parameter 0: Invalid bean definition with name 'MIOSM.auth_service.client.UserServiceClient' defined in null: Invalid value type for attribute 'factoryBeanObjectType': java.lang.String
	at org.springframework.beans.factory.support.ConstructorResolver.createArgumentArray(ConstructorResolver.java:804)
	at org.springframework.beans.factory.support.ConstructorResolver.instantiateUsingFactoryMethod(ConstructorResolver.java:546)
	at org.springframework.beans.factory.support.AbstractAutowireCapableBeanFactory.instantiateUsingFactoryMethod(AbstractAutowireCapableBeanFactory.java:1375)
	at org.springframework.beans.factory.support.AbstractAutowireCapableBeanFactory.createBeanInstance(AbstractAutowireCapableBeanFactory.java:1205)
	at org.springframework.beans.factory.support.AbstractAutowireCapableBeanFactory.doCreateBean(AbstractAutowireCapableBeanFactory.java:569)
	at org.springframework.beans.factory.support.AbstractAutowireCapableBeanFactory.createBean(AbstractAutowireCapableBeanFactory.java:529)
	at org.springframework.beans.factory.support.AbstractBeanFactory.lambda$doGetBean$0(AbstractBeanFactory.java:339)
	at org.springframework.beans.factory.support.DefaultSingletonBeanRegistry.getSingleton(DefaultSingletonBeanRegistry.java:373)
	at org.springframework.beans.factory.support.AbstractBeanFactory.doGetBean(AbstractBeanFactory.java:337)
	at org.springframework.beans.factory.support.AbstractBeanFactory.getBean(AbstractBeanFactory.java:207)
	at org.springframework.context.support.PostProcessorRegistrationDelegate.registerBeanPostProcessors(PostProcessorRegistrationDelegate.java:277)
	at org.springframework.context.support.AbstractApplicationContext.registerBeanPostProcessors(AbstractApplicationContext.java:808)
	at org.springframework.context.support.AbstractApplicationContext.refresh(AbstractApplicationContext.java:611)
	at org.springframework.boot.web.servlet.context.ServletWebServerApplicationContext.refresh(ServletWebServerApplicationContext.java:146)
	at org.springframework.boot.SpringApplication.refresh(SpringApplication.java:752)
	at org.springframework.boot.SpringApplication.refreshContext(SpringApplication.java:439)
	at org.springframework.boot.SpringApplication.run(SpringApplication.java:318)
	at org.springframework.boot.SpringApplication.run(SpringApplication.java:1361)
	at org.springframework.boot.SpringApplication.run(SpringApplication.java:1350)
	at MIOSM.auth_service.AuthServiceApplication.main(AuthServiceApplication.java:12)
Caused by: org.springframework.beans.factory.BeanDefinitionStoreException: Invalid bean definition with name 'MIOSM.auth_service.client.UserServiceClient' defined in null: Invalid value type for attribute 'factoryBeanObjectType': java.lang.String
	at org.springframework.beans.factory.support.AbstractAutowireCapableBeanFactory.getTypeForFactoryBean(AbstractAutowireCapableBeanFactory.java:864)
	at org.springframework.beans.factory.support.AbstractBeanFactory.isTypeMatch(AbstractBeanFactory.java:665)
	at org.springframework.beans.factory.support.DefaultListableBeanFactory.doGetBeanNamesForType(DefaultListableBeanFactory.java:651)
	at org.springframework.beans.factory.support.DefaultListableBeanFactory.getBeanNamesForType(DefaultListableBeanFactory.java:611)
	at org.springframework.beans.factory.BeanFactoryUtils.beanNamesForTypeIncludingAncestors(BeanFactoryUtils.java:264)
	at org.springframework.beans.factory.support.DefaultListableBeanFactory.findAutowireCandidates(DefaultListableBeanFactory.java:1944)
	at org.springframework.beans.factory.support.DefaultListableBeanFactory.doResolveDependency(DefaultListableBeanFactory.java:1699)
	at org.springframework.beans.factory.support.DefaultListableBeanFactory.resolveDependency(DefaultListableBeanFactory.java:1628)
	at org.springframework.beans.factory.support.ConstructorResolver.resolveAutowiredArgument(ConstructorResolver.java:913)
	at org.springframework.beans.factory.support.ConstructorResolver.createArgumentArray(ConstructorResolver.java:791)
	... 19 common frames omitted
