2025-07-16 16:48:00.422 [main] INFO  M.a.AuthServiceApplication - Starting AuthServiceApplication using Java 17.0.15 with PID 14688 (E:\miosm\auth-service\build\classes\java\main started by admin in E:\miosm\auth-service)
2025-07-16 16:48:00.432 [main] INFO  M.a.AuthServiceApplication - No active profile set, falling back to 1 default profile: "default"
2025-07-16 16:48:02.826 [main] INFO  o.s.cloud.context.scope.GenericScope - BeanFactory id=5bdfa0c1-91af-3992-8af0-959e80992370
2025-07-16 16:48:03.010 [main] WARN  o.s.c.s.PostProcessorRegistrationDelegate$BeanPostProcessorChecker - Bean 'org.springframework.cloud.client.loadbalancer.reactive.LoadBalancerBeanPostProcessorAutoConfiguration' of type [org.springframework.cloud.client.loadbalancer.reactive.LoadBalancerBeanPostProcessorAutoConfiguration] is not eligible for getting processed by all BeanPostProcessors (for example: not eligible for auto-proxying). The currently created BeanPostProcessor [loadBalancerWebClientBuilderBeanPostProcessor] is declared through a non-static factory method on that class; consider declaring it as static instead.
2025-07-16 16:48:03.015 [main] WARN  o.s.b.w.s.c.AnnotationConfigServletWebServerApplicationContext - Exception encountered during context initialization - cancelling refresh attempt: org.springframework.beans.factory.UnsatisfiedDependencyException: Error creating bean with name 'loadBalancerWebClientBuilderBeanPostProcessor' defined in class path resource [org/springframework/cloud/client/loadbalancer/reactive/LoadBalancerBeanPostProcessorAutoConfiguration.class]: Unsatisfied dependency expressed through method 'loadBalancerWebClientBuilderBeanPostProcessor' parameter 0: Invalid bean definition with name 'MIOSM.auth_service.client.UserServiceClient' defined in null: Invalid value type for attribute 'factoryBeanObjectType': java.lang.String
2025-07-16 16:48:03.033 [main] INFO  o.s.b.a.l.ConditionEvaluationReportLogger - 

Error starting ApplicationContext. To display the condition evaluation report re-run your application with 'debug' enabled.
2025-07-16 16:48:03.063 [main] ERROR o.s.boot.SpringApplication - Application run failed
org.springframework.beans.factory.UnsatisfiedDependencyException: Error creating bean with name 'loadBalancerWebClientBuilderBeanPostProcessor' defined in class path resource [org/springframework/cloud/client/loadbalancer/reactive/LoadBalancerBeanPostProcessorAutoConfiguration.class]: Unsatisfied dependency expressed through method 'loadBalancerWebClientBuilderBeanPostProcessor' parameter 0: Invalid bean definition with name 'MIOSM.auth_service.client.UserServiceClient' defined in null: Invalid value type for attribute 'factoryBeanObjectType': java.lang.String
	at org.springframework.beans.factory.support.ConstructorResolver.createArgumentArray(ConstructorResolver.java:804)
	at org.springframework.beans.factory.support.ConstructorResolver.instantiateUsingFactoryMethod(ConstructorResolver.java:546)
	at org.springframework.beans.factory.support.AbstractAutowireCapableBeanFactory.instantiateUsingFactoryMethod(AbstractAutowireCapableBeanFactory.java:1375)
	at org.springframework.beans.factory.support.AbstractAutowireCapableBeanFactory.createBeanInstance(AbstractAutowireCapableBeanFactory.java:1205)
	at org.springframework.beans.factory.support.AbstractAutowireCapableBeanFactory.doCreateBean(AbstractAutowireCapableBeanFactory.java:569)
	at org.springframework.beans.factory.support.AbstractAutowireCapableBeanFactory.createBean(AbstractAutowireCapableBeanFactory.java:529)
	at org.springframework.beans.factory.support.AbstractBeanFactory.lambda$doGetBean$0(AbstractBeanFactory.java:339)
	at org.springframework.beans.factory.support.DefaultSingletonBeanRegistry.getSingleton(DefaultSingletonBeanRegistry.java:373)
	at org.springframework.beans.factory.support.AbstractBeanFactory.doGetBean(AbstractBeanFactory.java:337)
	at org.springframework.beans.factory.support.AbstractBeanFactory.getBean(AbstractBeanFactory.java:207)
	at org.springframework.context.support.PostProcessorRegistrationDelegate.registerBeanPostProcessors(PostProcessorRegistrationDelegate.java:277)
	at org.springframework.context.support.AbstractApplicationContext.registerBeanPostProcessors(AbstractApplicationContext.java:808)
	at org.springframework.context.support.AbstractApplicationContext.refresh(AbstractApplicationContext.java:611)
	at org.springframework.boot.web.servlet.context.ServletWebServerApplicationContext.refresh(ServletWebServerApplicationContext.java:146)
	at org.springframework.boot.SpringApplication.refresh(SpringApplication.java:752)
	at org.springframework.boot.SpringApplication.refreshContext(SpringApplication.java:439)
	at org.springframework.boot.SpringApplication.run(SpringApplication.java:318)
	at org.springframework.boot.SpringApplication.run(SpringApplication.java:1361)
	at org.springframework.boot.SpringApplication.run(SpringApplication.java:1350)
	at MIOSM.auth_service.AuthServiceApplication.main(AuthServiceApplication.java:12)
Caused by: org.springframework.beans.factory.BeanDefinitionStoreException: Invalid bean definition with name 'MIOSM.auth_service.client.UserServiceClient' defined in null: Invalid value type for attribute 'factoryBeanObjectType': java.lang.String
	at org.springframework.beans.factory.support.AbstractAutowireCapableBeanFactory.getTypeForFactoryBean(AbstractAutowireCapableBeanFactory.java:864)
	at org.springframework.beans.factory.support.AbstractBeanFactory.isTypeMatch(AbstractBeanFactory.java:665)
	at org.springframework.beans.factory.support.DefaultListableBeanFactory.doGetBeanNamesForType(DefaultListableBeanFactory.java:651)
	at org.springframework.beans.factory.support.DefaultListableBeanFactory.getBeanNamesForType(DefaultListableBeanFactory.java:611)
	at org.springframework.beans.factory.BeanFactoryUtils.beanNamesForTypeIncludingAncestors(BeanFactoryUtils.java:264)
	at org.springframework.beans.factory.support.DefaultListableBeanFactory.findAutowireCandidates(DefaultListableBeanFactory.java:1944)
	at org.springframework.beans.factory.support.DefaultListableBeanFactory.doResolveDependency(DefaultListableBeanFactory.java:1699)
	at org.springframework.beans.factory.support.DefaultListableBeanFactory.resolveDependency(DefaultListableBeanFactory.java:1628)
	at org.springframework.beans.factory.support.ConstructorResolver.resolveAutowiredArgument(ConstructorResolver.java:913)
	at org.springframework.beans.factory.support.ConstructorResolver.createArgumentArray(ConstructorResolver.java:791)
	... 19 common frames omitted
2025-07-16 16:55:52.967 [main] INFO  M.a.AuthServiceApplication - Starting AuthServiceApplication using Java 17.0.15 with PID 18200 (E:\miosm\auth-service\build\classes\java\main started by admin in E:\miosm\auth-service)
2025-07-16 16:55:52.973 [main] INFO  M.a.AuthServiceApplication - No active profile set, falling back to 1 default profile: "default"
2025-07-16 16:55:54.720 [main] INFO  o.s.cloud.context.scope.GenericScope - BeanFactory id=5bdfa0c1-91af-3992-8af0-959e80992370
2025-07-16 16:55:54.852 [main] WARN  o.s.c.s.PostProcessorRegistrationDelegate$BeanPostProcessorChecker - Bean 'org.springframework.cloud.client.loadbalancer.reactive.LoadBalancerBeanPostProcessorAutoConfiguration' of type [org.springframework.cloud.client.loadbalancer.reactive.LoadBalancerBeanPostProcessorAutoConfiguration] is not eligible for getting processed by all BeanPostProcessors (for example: not eligible for auto-proxying). The currently created BeanPostProcessor [loadBalancerWebClientBuilderBeanPostProcessor] is declared through a non-static factory method on that class; consider declaring it as static instead.
2025-07-16 16:55:54.857 [main] WARN  o.s.b.w.s.c.AnnotationConfigServletWebServerApplicationContext - Exception encountered during context initialization - cancelling refresh attempt: org.springframework.beans.factory.UnsatisfiedDependencyException: Error creating bean with name 'loadBalancerWebClientBuilderBeanPostProcessor' defined in class path resource [org/springframework/cloud/client/loadbalancer/reactive/LoadBalancerBeanPostProcessorAutoConfiguration.class]: Unsatisfied dependency expressed through method 'loadBalancerWebClientBuilderBeanPostProcessor' parameter 0: Invalid bean definition with name 'MIOSM.auth_service.client.UserServiceClient' defined in null: Invalid value type for attribute 'factoryBeanObjectType': java.lang.String
2025-07-16 16:55:54.875 [main] INFO  o.s.b.a.l.ConditionEvaluationReportLogger - 

Error starting ApplicationContext. To display the condition evaluation report re-run your application with 'debug' enabled.
2025-07-16 16:55:54.903 [main] ERROR o.s.boot.SpringApplication - Application run failed
org.springframework.beans.factory.UnsatisfiedDependencyException: Error creating bean with name 'loadBalancerWebClientBuilderBeanPostProcessor' defined in class path resource [org/springframework/cloud/client/loadbalancer/reactive/LoadBalancerBeanPostProcessorAutoConfiguration.class]: Unsatisfied dependency expressed through method 'loadBalancerWebClientBuilderBeanPostProcessor' parameter 0: Invalid bean definition with name 'MIOSM.auth_service.client.UserServiceClient' defined in null: Invalid value type for attribute 'factoryBeanObjectType': java.lang.String
	at org.springframework.beans.factory.support.ConstructorResolver.createArgumentArray(ConstructorResolver.java:804)
	at org.springframework.beans.factory.support.ConstructorResolver.instantiateUsingFactoryMethod(ConstructorResolver.java:546)
	at org.springframework.beans.factory.support.AbstractAutowireCapableBeanFactory.instantiateUsingFactoryMethod(AbstractAutowireCapableBeanFactory.java:1375)
	at org.springframework.beans.factory.support.AbstractAutowireCapableBeanFactory.createBeanInstance(AbstractAutowireCapableBeanFactory.java:1205)
	at org.springframework.beans.factory.support.AbstractAutowireCapableBeanFactory.doCreateBean(AbstractAutowireCapableBeanFactory.java:569)
	at org.springframework.beans.factory.support.AbstractAutowireCapableBeanFactory.createBean(AbstractAutowireCapableBeanFactory.java:529)
	at org.springframework.beans.factory.support.AbstractBeanFactory.lambda$doGetBean$0(AbstractBeanFactory.java:339)
	at org.springframework.beans.factory.support.DefaultSingletonBeanRegistry.getSingleton(DefaultSingletonBeanRegistry.java:373)
	at org.springframework.beans.factory.support.AbstractBeanFactory.doGetBean(AbstractBeanFactory.java:337)
	at org.springframework.beans.factory.support.AbstractBeanFactory.getBean(AbstractBeanFactory.java:207)
	at org.springframework.context.support.PostProcessorRegistrationDelegate.registerBeanPostProcessors(PostProcessorRegistrationDelegate.java:277)
	at org.springframework.context.support.AbstractApplicationContext.registerBeanPostProcessors(AbstractApplicationContext.java:808)
	at org.springframework.context.support.AbstractApplicationContext.refresh(AbstractApplicationContext.java:611)
	at org.springframework.boot.web.servlet.context.ServletWebServerApplicationContext.refresh(ServletWebServerApplicationContext.java:146)
	at org.springframework.boot.SpringApplication.refresh(SpringApplication.java:752)
	at org.springframework.boot.SpringApplication.refreshContext(SpringApplication.java:439)
	at org.springframework.boot.SpringApplication.run(SpringApplication.java:318)
	at org.springframework.boot.SpringApplication.run(SpringApplication.java:1361)
	at org.springframework.boot.SpringApplication.run(SpringApplication.java:1350)
	at MIOSM.auth_service.AuthServiceApplication.main(AuthServiceApplication.java:12)
Caused by: org.springframework.beans.factory.BeanDefinitionStoreException: Invalid bean definition with name 'MIOSM.auth_service.client.UserServiceClient' defined in null: Invalid value type for attribute 'factoryBeanObjectType': java.lang.String
	at org.springframework.beans.factory.support.AbstractAutowireCapableBeanFactory.getTypeForFactoryBean(AbstractAutowireCapableBeanFactory.java:864)
	at org.springframework.beans.factory.support.AbstractBeanFactory.isTypeMatch(AbstractBeanFactory.java:665)
	at org.springframework.beans.factory.support.DefaultListableBeanFactory.doGetBeanNamesForType(DefaultListableBeanFactory.java:651)
	at org.springframework.beans.factory.support.DefaultListableBeanFactory.getBeanNamesForType(DefaultListableBeanFactory.java:611)
	at org.springframework.beans.factory.BeanFactoryUtils.beanNamesForTypeIncludingAncestors(BeanFactoryUtils.java:264)
	at org.springframework.beans.factory.support.DefaultListableBeanFactory.findAutowireCandidates(DefaultListableBeanFactory.java:1944)
	at org.springframework.beans.factory.support.DefaultListableBeanFactory.doResolveDependency(DefaultListableBeanFactory.java:1699)
	at org.springframework.beans.factory.support.DefaultListableBeanFactory.resolveDependency(DefaultListableBeanFactory.java:1628)
	at org.springframework.beans.factory.support.ConstructorResolver.resolveAutowiredArgument(ConstructorResolver.java:913)
	at org.springframework.beans.factory.support.ConstructorResolver.createArgumentArray(ConstructorResolver.java:791)
	... 19 common frames omitted
2025-07-16 17:01:09.784 [main] INFO  M.a.AuthServiceApplication - Starting AuthServiceApplication using Java 17.0.15 with PID 10936 (E:\miosm\auth-service\build\classes\java\main started by admin in E:\miosm\auth-service)
2025-07-16 17:01:09.790 [main] INFO  M.a.AuthServiceApplication - No active profile set, falling back to 1 default profile: "default"
2025-07-16 17:01:11.570 [main] INFO  o.s.cloud.context.scope.GenericScope - BeanFactory id=0f691d4c-e6b1-35bd-84a2-e54b47161180
2025-07-16 17:01:12.045 [main] INFO  o.s.b.w.e.tomcat.TomcatWebServer - Tomcat initialized with port 8081 (http)
2025-07-16 17:01:12.059 [main] INFO  o.a.coyote.http11.Http11NioProtocol - Initializing ProtocolHandler ["http-nio-8081"]
2025-07-16 17:01:12.062 [main] INFO  o.a.catalina.core.StandardService - Starting service [Tomcat]
2025-07-16 17:01:12.064 [main] INFO  o.a.catalina.core.StandardEngine - Starting Servlet engine: [Apache Tomcat/10.1.42]
2025-07-16 17:01:12.176 [main] INFO  o.a.c.c.C.[Tomcat].[localhost].[/] - Initializing Spring embedded WebApplicationContext
2025-07-16 17:01:12.178 [main] INFO  o.s.b.w.s.c.ServletWebServerApplicationContext - Root WebApplicationContext: initialization completed in 2303 ms
2025-07-16 17:01:12.973 [main] INFO  o.s.c.o.FeignClientFactoryBean - For 'user-service' URL not provided. Will try picking an instance via load-balancing.
2025-07-16 17:01:14.224 [main] INFO  o.s.c.n.e.c.DiscoveryClientOptionalArgsConfiguration - Eureka HTTP Client uses RestTemplate.
2025-07-16 17:01:14.368 [main] WARN  o.s.c.l.c.LoadBalancerCacheAutoConfiguration$LoadBalancerCaffeineWarnLogger - Spring Cloud LoadBalancer is currently working with the default cache. While this cache implementation is useful for development and tests, it's recommended to use Caffeine cache in production.You can switch to using Caffeine cache, by adding it and org.springframework.cache.caffeine.CaffeineCacheManager to the classpath.
2025-07-16 17:01:14.420 [main] INFO  o.s.c.n.eureka.InstanceInfoFactory - Setting initial instance status as: STARTING
2025-07-16 17:01:14.477 [main] INFO  c.netflix.discovery.DiscoveryClient - Initializing Eureka in region us-east-1
2025-07-16 17:01:14.486 [main] INFO  c.n.d.s.r.aws.ConfigClusterResolver - Resolving eureka endpoints via configuration
2025-07-16 17:01:14.500 [main] INFO  c.netflix.discovery.DiscoveryClient - Disable delta property : false
2025-07-16 17:01:14.501 [main] INFO  c.netflix.discovery.DiscoveryClient - Single vip registry refresh property : null
2025-07-16 17:01:14.501 [main] INFO  c.netflix.discovery.DiscoveryClient - Force full registry fetch : false
2025-07-16 17:01:14.501 [main] INFO  c.netflix.discovery.DiscoveryClient - Application is null : false
2025-07-16 17:01:14.502 [main] INFO  c.netflix.discovery.DiscoveryClient - Registered Applications size is zero : true
2025-07-16 17:01:14.502 [main] INFO  c.netflix.discovery.DiscoveryClient - Application version is -1: true
2025-07-16 17:01:14.502 [main] INFO  c.netflix.discovery.DiscoveryClient - Getting all instance registry info from the eureka server
2025-07-16 17:01:15.323 [main] INFO  c.netflix.discovery.DiscoveryClient - The response status is 200
2025-07-16 17:01:15.327 [main] INFO  c.netflix.discovery.DiscoveryClient - Starting heartbeat executor: renew interval is: 30
2025-07-16 17:01:15.330 [main] INFO  c.n.discovery.InstanceInfoReplicator - InstanceInfoReplicator onDemand update allowed rate per min is 4
2025-07-16 17:01:15.335 [main] INFO  c.netflix.discovery.DiscoveryClient - Discovery Client initialized at timestamp 1752678075333 with initial instances count: 2
2025-07-16 17:01:15.342 [main] INFO  o.s.c.n.e.s.EurekaServiceRegistry - Registering application UNKNOWN with eureka with status UP
2025-07-16 17:01:15.344 [main] INFO  c.netflix.discovery.DiscoveryClient - Saw local status change event StatusChangeEvent [timestamp=1752678075344, current=UP, previous=STARTING]
2025-07-16 17:01:15.347 [main] INFO  o.a.coyote.http11.Http11NioProtocol - Starting ProtocolHandler ["http-nio-8081"]
2025-07-16 17:01:15.346 [DiscoveryClient-InstanceInfoReplicator-%d] INFO  c.netflix.discovery.DiscoveryClient - DiscoveryClient_UNKNOWN/192.168.137.1:8081: registering service...
2025-07-16 17:01:15.384 [main] INFO  o.s.b.w.e.tomcat.TomcatWebServer - Tomcat started on port 8081 (http) with context path '/'
2025-07-16 17:01:15.387 [main] INFO  o.s.c.n.e.s.EurekaAutoServiceRegistration - Updating port to 8081
2025-07-16 17:01:15.431 [DiscoveryClient-InstanceInfoReplicator-%d] INFO  c.netflix.discovery.DiscoveryClient - DiscoveryClient_UNKNOWN/192.168.137.1:8081 - registration status: 204
2025-07-16 17:01:15.574 [main] INFO  M.a.AuthServiceApplication - Started AuthServiceApplication in 6.928 seconds (process running for 7.814)
2025-07-16 17:02:08.805 [main] INFO  M.a.AuthServiceApplication - Starting AuthServiceApplication using Java 17.0.15 with PID 5232 (E:\miosm\auth-service\build\classes\java\main started by admin in E:\miosm\auth-service)
2025-07-16 17:02:08.809 [main] INFO  M.a.AuthServiceApplication - No active profile set, falling back to 1 default profile: "default"
2025-07-16 17:02:10.507 [main] INFO  o.s.cloud.context.scope.GenericScope - BeanFactory id=0f691d4c-e6b1-35bd-84a2-e54b47161180
2025-07-16 17:02:10.953 [main] INFO  o.s.b.w.e.tomcat.TomcatWebServer - Tomcat initialized with port 8081 (http)
2025-07-16 17:02:10.966 [main] INFO  o.a.coyote.http11.Http11NioProtocol - Initializing ProtocolHandler ["http-nio-8081"]
2025-07-16 17:02:10.968 [main] INFO  o.a.catalina.core.StandardService - Starting service [Tomcat]
2025-07-16 17:02:10.968 [main] INFO  o.a.catalina.core.StandardEngine - Starting Servlet engine: [Apache Tomcat/10.1.42]
2025-07-16 17:02:11.073 [main] INFO  o.a.c.c.C.[Tomcat].[localhost].[/] - Initializing Spring embedded WebApplicationContext
2025-07-16 17:02:11.074 [main] INFO  o.s.b.w.s.c.ServletWebServerApplicationContext - Root WebApplicationContext: initialization completed in 2183 ms
2025-07-16 17:02:11.897 [main] INFO  o.s.c.o.FeignClientFactoryBean - For 'user-service' URL not provided. Will try picking an instance via load-balancing.
2025-07-16 17:02:13.057 [main] INFO  o.s.c.n.e.c.DiscoveryClientOptionalArgsConfiguration - Eureka HTTP Client uses RestTemplate.
2025-07-16 17:02:13.206 [main] WARN  o.s.c.l.c.LoadBalancerCacheAutoConfiguration$LoadBalancerCaffeineWarnLogger - Spring Cloud LoadBalancer is currently working with the default cache. While this cache implementation is useful for development and tests, it's recommended to use Caffeine cache in production.You can switch to using Caffeine cache, by adding it and org.springframework.cache.caffeine.CaffeineCacheManager to the classpath.
2025-07-16 17:02:13.262 [main] INFO  o.s.c.n.eureka.InstanceInfoFactory - Setting initial instance status as: STARTING
2025-07-16 17:02:13.305 [main] INFO  c.netflix.discovery.DiscoveryClient - Initializing Eureka in region us-east-1
2025-07-16 17:02:13.317 [main] INFO  c.n.d.s.r.aws.ConfigClusterResolver - Resolving eureka endpoints via configuration
2025-07-16 17:02:13.332 [main] INFO  c.netflix.discovery.DiscoveryClient - Disable delta property : false
2025-07-16 17:02:13.333 [main] INFO  c.netflix.discovery.DiscoveryClient - Single vip registry refresh property : null
2025-07-16 17:02:13.333 [main] INFO  c.netflix.discovery.DiscoveryClient - Force full registry fetch : false
2025-07-16 17:02:13.333 [main] INFO  c.netflix.discovery.DiscoveryClient - Application is null : false
2025-07-16 17:02:13.333 [main] INFO  c.netflix.discovery.DiscoveryClient - Registered Applications size is zero : true
2025-07-16 17:02:13.333 [main] INFO  c.netflix.discovery.DiscoveryClient - Application version is -1: true
2025-07-16 17:02:13.334 [main] INFO  c.netflix.discovery.DiscoveryClient - Getting all instance registry info from the eureka server
2025-07-16 17:02:14.001 [main] INFO  c.netflix.discovery.DiscoveryClient - The response status is 200
2025-07-16 17:02:14.005 [main] INFO  c.netflix.discovery.DiscoveryClient - Starting heartbeat executor: renew interval is: 30
2025-07-16 17:02:14.009 [main] INFO  c.n.discovery.InstanceInfoReplicator - InstanceInfoReplicator onDemand update allowed rate per min is 4
2025-07-16 17:02:14.013 [main] INFO  c.netflix.discovery.DiscoveryClient - Discovery Client initialized at timestamp 1752678134011 with initial instances count: 3
2025-07-16 17:02:14.018 [main] INFO  o.s.c.n.e.s.EurekaServiceRegistry - Registering application USER-SERVICE with eureka with status UP
2025-07-16 17:02:14.019 [main] INFO  c.netflix.discovery.DiscoveryClient - Saw local status change event StatusChangeEvent [timestamp=1752678134019, current=UP, previous=STARTING]
2025-07-16 17:02:14.022 [main] INFO  o.a.coyote.http11.Http11NioProtocol - Starting ProtocolHandler ["http-nio-8081"]
2025-07-16 17:02:14.022 [DiscoveryClient-InstanceInfoReplicator-%d] INFO  c.netflix.discovery.DiscoveryClient - DiscoveryClient_USER-SERVICE/192.168.137.1:user-service:8081: registering service...
2025-07-16 17:02:14.059 [main] INFO  o.s.b.w.e.tomcat.TomcatWebServer - Tomcat started on port 8081 (http) with context path '/'
2025-07-16 17:02:14.061 [main] INFO  o.s.c.n.e.s.EurekaAutoServiceRegistration - Updating port to 8081
2025-07-16 17:02:14.100 [DiscoveryClient-InstanceInfoReplicator-%d] INFO  c.netflix.discovery.DiscoveryClient - DiscoveryClient_USER-SERVICE/192.168.137.1:user-service:8081 - registration status: 204
2025-07-16 17:02:14.248 [main] INFO  M.a.AuthServiceApplication - Started AuthServiceApplication in 6.574 seconds (process running for 7.462)
2025-07-16 17:02:58.879 [main] INFO  M.a.AuthServiceApplication - Starting AuthServiceApplication using Java 17.0.15 with PID 8996 (E:\miosm\auth-service\build\classes\java\main started by admin in E:\miosm\auth-service)
2025-07-16 17:02:58.885 [main] INFO  M.a.AuthServiceApplication - No active profile set, falling back to 1 default profile: "default"
2025-07-16 17:03:00.725 [main] INFO  o.s.cloud.context.scope.GenericScope - BeanFactory id=0f691d4c-e6b1-35bd-84a2-e54b47161180
2025-07-16 17:03:01.183 [main] INFO  o.s.b.w.e.tomcat.TomcatWebServer - Tomcat initialized with port 8081 (http)
2025-07-16 17:03:01.196 [main] INFO  o.a.coyote.http11.Http11NioProtocol - Initializing ProtocolHandler ["http-nio-8081"]
2025-07-16 17:03:01.199 [main] INFO  o.a.catalina.core.StandardService - Starting service [Tomcat]
2025-07-16 17:03:01.199 [main] INFO  o.a.catalina.core.StandardEngine - Starting Servlet engine: [Apache Tomcat/10.1.42]
2025-07-16 17:03:01.308 [main] INFO  o.a.c.c.C.[Tomcat].[localhost].[/] - Initializing Spring embedded WebApplicationContext
2025-07-16 17:03:01.310 [main] INFO  o.s.b.w.s.c.ServletWebServerApplicationContext - Root WebApplicationContext: initialization completed in 2340 ms
2025-07-16 17:03:02.169 [main] INFO  o.s.c.o.FeignClientFactoryBean - For 'user-service' URL not provided. Will try picking an instance via load-balancing.
2025-07-16 17:03:03.413 [main] INFO  o.s.c.n.e.c.DiscoveryClientOptionalArgsConfiguration - Eureka HTTP Client uses RestTemplate.
2025-07-16 17:03:03.551 [main] WARN  o.s.c.l.c.LoadBalancerCacheAutoConfiguration$LoadBalancerCaffeineWarnLogger - Spring Cloud LoadBalancer is currently working with the default cache. While this cache implementation is useful for development and tests, it's recommended to use Caffeine cache in production.You can switch to using Caffeine cache, by adding it and org.springframework.cache.caffeine.CaffeineCacheManager to the classpath.
2025-07-16 17:03:03.613 [main] INFO  o.s.c.n.eureka.InstanceInfoFactory - Setting initial instance status as: STARTING
2025-07-16 17:03:03.657 [main] INFO  c.netflix.discovery.DiscoveryClient - Initializing Eureka in region us-east-1
2025-07-16 17:03:03.673 [main] INFO  c.n.d.s.r.aws.ConfigClusterResolver - Resolving eureka endpoints via configuration
2025-07-16 17:03:03.690 [main] INFO  c.netflix.discovery.DiscoveryClient - Disable delta property : false
2025-07-16 17:03:03.691 [main] INFO  c.netflix.discovery.DiscoveryClient - Single vip registry refresh property : null
2025-07-16 17:03:03.691 [main] INFO  c.netflix.discovery.DiscoveryClient - Force full registry fetch : false
2025-07-16 17:03:03.691 [main] INFO  c.netflix.discovery.DiscoveryClient - Application is null : false
2025-07-16 17:03:03.691 [main] INFO  c.netflix.discovery.DiscoveryClient - Registered Applications size is zero : true
2025-07-16 17:03:03.691 [main] INFO  c.netflix.discovery.DiscoveryClient - Application version is -1: true
2025-07-16 17:03:03.691 [main] INFO  c.netflix.discovery.DiscoveryClient - Getting all instance registry info from the eureka server
2025-07-16 17:03:04.350 [main] INFO  c.netflix.discovery.DiscoveryClient - The response status is 200
2025-07-16 17:03:04.353 [main] INFO  c.netflix.discovery.DiscoveryClient - Starting heartbeat executor: renew interval is: 30
2025-07-16 17:03:04.357 [main] INFO  c.n.discovery.InstanceInfoReplicator - InstanceInfoReplicator onDemand update allowed rate per min is 4
2025-07-16 17:03:04.360 [main] INFO  c.netflix.discovery.DiscoveryClient - Discovery Client initialized at timestamp 1752678184359 with initial instances count: 4
2025-07-16 17:03:04.367 [main] INFO  o.s.c.n.e.s.EurekaServiceRegistry - Registering application AUTH-SERVICE with eureka with status UP
2025-07-16 17:03:04.369 [main] INFO  c.netflix.discovery.DiscoveryClient - Saw local status change event StatusChangeEvent [timestamp=1752678184369, current=UP, previous=STARTING]
2025-07-16 17:03:04.371 [DiscoveryClient-InstanceInfoReplicator-%d] INFO  c.netflix.discovery.DiscoveryClient - DiscoveryClient_AUTH-SERVICE/192.168.137.1:auth-service:8081: registering service...
2025-07-16 17:03:04.372 [main] INFO  o.a.coyote.http11.Http11NioProtocol - Starting ProtocolHandler ["http-nio-8081"]
2025-07-16 17:03:04.414 [main] INFO  o.s.b.w.e.tomcat.TomcatWebServer - Tomcat started on port 8081 (http) with context path '/'
2025-07-16 17:03:04.416 [main] INFO  o.s.c.n.e.s.EurekaAutoServiceRegistration - Updating port to 8081
2025-07-16 17:03:04.451 [DiscoveryClient-InstanceInfoReplicator-%d] INFO  c.netflix.discovery.DiscoveryClient - DiscoveryClient_AUTH-SERVICE/192.168.137.1:auth-service:8081 - registration status: 204
2025-07-16 17:03:04.594 [main] INFO  M.a.AuthServiceApplication - Started AuthServiceApplication in 6.871 seconds (process running for 7.73)
2025-07-16 17:04:07.195 [main] INFO  M.a.AuthServiceApplication - Starting AuthServiceApplication using Java 17.0.15 with PID 1456 (E:\miosm\auth-service\build\classes\java\main started by admin in E:\miosm\auth-service)
2025-07-16 17:04:07.200 [main] INFO  M.a.AuthServiceApplication - No active profile set, falling back to 1 default profile: "default"
2025-07-16 17:04:08.975 [main] INFO  o.s.cloud.context.scope.GenericScope - BeanFactory id=0f691d4c-e6b1-35bd-84a2-e54b47161180
2025-07-16 17:04:09.518 [main] INFO  o.s.b.w.e.tomcat.TomcatWebServer - Tomcat initialized with port 8081 (http)
2025-07-16 17:04:09.533 [main] INFO  o.a.coyote.http11.Http11NioProtocol - Initializing ProtocolHandler ["http-nio-8081"]
2025-07-16 17:04:09.537 [main] INFO  o.a.catalina.core.StandardService - Starting service [Tomcat]
2025-07-16 17:04:09.537 [main] INFO  o.a.catalina.core.StandardEngine - Starting Servlet engine: [Apache Tomcat/10.1.42]
2025-07-16 17:04:09.645 [main] INFO  o.a.c.c.C.[Tomcat].[localhost].[/] - Initializing Spring embedded WebApplicationContext
2025-07-16 17:04:09.647 [main] INFO  o.s.b.w.s.c.ServletWebServerApplicationContext - Root WebApplicationContext: initialization completed in 2360 ms
2025-07-16 17:04:10.471 [main] INFO  o.s.c.o.FeignClientFactoryBean - For 'user-service' URL not provided. Will try picking an instance via load-balancing.
2025-07-16 17:04:11.626 [main] INFO  o.s.c.n.e.c.DiscoveryClientOptionalArgsConfiguration - Eureka HTTP Client uses RestTemplate.
2025-07-16 17:04:11.764 [main] WARN  o.s.c.l.c.LoadBalancerCacheAutoConfiguration$LoadBalancerCaffeineWarnLogger - Spring Cloud LoadBalancer is currently working with the default cache. While this cache implementation is useful for development and tests, it's recommended to use Caffeine cache in production.You can switch to using Caffeine cache, by adding it and org.springframework.cache.caffeine.CaffeineCacheManager to the classpath.
2025-07-16 17:04:11.813 [main] INFO  o.s.c.n.eureka.InstanceInfoFactory - Setting initial instance status as: STARTING
2025-07-16 17:04:11.860 [main] INFO  c.netflix.discovery.DiscoveryClient - Initializing Eureka in region us-east-1
2025-07-16 17:04:11.870 [main] INFO  c.n.d.s.r.aws.ConfigClusterResolver - Resolving eureka endpoints via configuration
2025-07-16 17:04:11.888 [main] INFO  c.netflix.discovery.DiscoveryClient - Disable delta property : false
2025-07-16 17:04:11.888 [main] INFO  c.netflix.discovery.DiscoveryClient - Single vip registry refresh property : null
2025-07-16 17:04:11.888 [main] INFO  c.netflix.discovery.DiscoveryClient - Force full registry fetch : false
2025-07-16 17:04:11.888 [main] INFO  c.netflix.discovery.DiscoveryClient - Application is null : false
2025-07-16 17:04:11.888 [main] INFO  c.netflix.discovery.DiscoveryClient - Registered Applications size is zero : true
2025-07-16 17:04:11.890 [main] INFO  c.netflix.discovery.DiscoveryClient - Application version is -1: true
2025-07-16 17:04:11.890 [main] INFO  c.netflix.discovery.DiscoveryClient - Getting all instance registry info from the eureka server
2025-07-16 17:04:12.557 [main] INFO  c.netflix.discovery.DiscoveryClient - The response status is 200
2025-07-16 17:04:12.561 [main] INFO  c.netflix.discovery.DiscoveryClient - Starting heartbeat executor: renew interval is: 30
2025-07-16 17:04:12.564 [main] INFO  c.n.discovery.InstanceInfoReplicator - InstanceInfoReplicator onDemand update allowed rate per min is 4
2025-07-16 17:04:12.567 [main] INFO  c.netflix.discovery.DiscoveryClient - Discovery Client initialized at timestamp 1752678252566 with initial instances count: 5
2025-07-16 17:04:12.574 [main] INFO  o.s.c.n.e.s.EurekaServiceRegistry - Registering application AUTH-SERVICE with eureka with status UP
2025-07-16 17:04:12.574 [main] INFO  c.netflix.discovery.DiscoveryClient - Saw local status change event StatusChangeEvent [timestamp=1752678252574, current=UP, previous=STARTING]
2025-07-16 17:04:12.576 [main] INFO  o.a.coyote.http11.Http11NioProtocol - Starting ProtocolHandler ["http-nio-8081"]
2025-07-16 17:04:12.577 [DiscoveryClient-InstanceInfoReplicator-%d] INFO  c.netflix.discovery.DiscoveryClient - DiscoveryClient_AUTH-SERVICE/192.168.137.1:auth-service:8081: registering service...
2025-07-16 17:04:12.614 [main] INFO  o.s.b.w.e.tomcat.TomcatWebServer - Tomcat started on port 8081 (http) with context path '/'
2025-07-16 17:04:12.616 [main] INFO  o.s.c.n.e.s.EurekaAutoServiceRegistration - Updating port to 8081
2025-07-16 17:04:12.647 [DiscoveryClient-InstanceInfoReplicator-%d] INFO  c.netflix.discovery.DiscoveryClient - DiscoveryClient_AUTH-SERVICE/192.168.137.1:auth-service:8081 - registration status: 204
2025-07-16 17:04:12.787 [main] INFO  M.a.AuthServiceApplication - Started AuthServiceApplication in 6.793 seconds (process running for 7.637)
2025-07-16 17:05:43.537 [main] INFO  M.a.AuthServiceApplication - Starting AuthServiceApplication using Java 17.0.15 with PID 19728 (E:\miosm\auth-service\build\classes\java\main started by admin in E:\miosm\auth-service)
2025-07-16 17:05:43.544 [main] INFO  M.a.AuthServiceApplication - No active profile set, falling back to 1 default profile: "default"
2025-07-16 17:05:45.783 [main] INFO  o.s.cloud.context.scope.GenericScope - BeanFactory id=0f691d4c-e6b1-35bd-84a2-e54b47161180
2025-07-16 17:05:46.248 [main] INFO  o.s.b.w.e.tomcat.TomcatWebServer - Tomcat initialized with port 8081 (http)
2025-07-16 17:05:46.261 [main] INFO  o.a.coyote.http11.Http11NioProtocol - Initializing ProtocolHandler ["http-nio-8081"]
2025-07-16 17:05:46.264 [main] INFO  o.a.catalina.core.StandardService - Starting service [Tomcat]
2025-07-16 17:05:46.264 [main] INFO  o.a.catalina.core.StandardEngine - Starting Servlet engine: [Apache Tomcat/10.1.42]
2025-07-16 17:05:46.435 [main] INFO  o.a.c.c.C.[Tomcat].[localhost].[/] - Initializing Spring embedded WebApplicationContext
2025-07-16 17:05:46.439 [main] INFO  o.s.b.w.s.c.ServletWebServerApplicationContext - Root WebApplicationContext: initialization completed in 2782 ms
2025-07-16 17:05:47.334 [main] INFO  o.s.c.o.FeignClientFactoryBean - For 'user-service' URL not provided. Will try picking an instance via load-balancing.
2025-07-16 17:05:48.537 [main] INFO  o.s.c.n.e.c.DiscoveryClientOptionalArgsConfiguration - Eureka HTTP Client uses RestTemplate.
2025-07-16 17:05:48.698 [main] WARN  o.s.c.l.c.LoadBalancerCacheAutoConfiguration$LoadBalancerCaffeineWarnLogger - Spring Cloud LoadBalancer is currently working with the default cache. While this cache implementation is useful for development and tests, it's recommended to use Caffeine cache in production.You can switch to using Caffeine cache, by adding it and org.springframework.cache.caffeine.CaffeineCacheManager to the classpath.
2025-07-16 17:05:48.750 [main] INFO  o.s.c.n.eureka.InstanceInfoFactory - Setting initial instance status as: STARTING
2025-07-16 17:05:48.790 [main] INFO  c.netflix.discovery.DiscoveryClient - Initializing Eureka in region us-east-1
2025-07-16 17:05:48.798 [main] INFO  c.n.d.s.r.aws.ConfigClusterResolver - Resolving eureka endpoints via configuration
2025-07-16 17:05:48.814 [main] INFO  c.netflix.discovery.DiscoveryClient - Disable delta property : false
2025-07-16 17:05:48.815 [main] INFO  c.netflix.discovery.DiscoveryClient - Single vip registry refresh property : null
2025-07-16 17:05:48.815 [main] INFO  c.netflix.discovery.DiscoveryClient - Force full registry fetch : false
2025-07-16 17:05:48.815 [main] INFO  c.netflix.discovery.DiscoveryClient - Application is null : false
2025-07-16 17:05:48.815 [main] INFO  c.netflix.discovery.DiscoveryClient - Registered Applications size is zero : true
2025-07-16 17:05:48.815 [main] INFO  c.netflix.discovery.DiscoveryClient - Application version is -1: true
2025-07-16 17:05:48.815 [main] INFO  c.netflix.discovery.DiscoveryClient - Getting all instance registry info from the eureka server
2025-07-16 17:05:49.565 [main] INFO  c.netflix.discovery.DiscoveryClient - The response status is 200
2025-07-16 17:05:49.568 [main] INFO  c.netflix.discovery.DiscoveryClient - Starting heartbeat executor: renew interval is: 30
2025-07-16 17:05:49.572 [main] INFO  c.n.discovery.InstanceInfoReplicator - InstanceInfoReplicator onDemand update allowed rate per min is 4
2025-07-16 17:05:49.578 [main] INFO  c.netflix.discovery.DiscoveryClient - Discovery Client initialized at timestamp 1752678349574 with initial instances count: 5
2025-07-16 17:05:49.585 [main] INFO  o.s.c.n.e.s.EurekaServiceRegistry - Registering application AUTH-SERVICE with eureka with status UP
2025-07-16 17:05:49.585 [main] INFO  c.netflix.discovery.DiscoveryClient - Saw local status change event StatusChangeEvent [timestamp=1752678349585, current=UP, previous=STARTING]
2025-07-16 17:05:49.588 [DiscoveryClient-InstanceInfoReplicator-%d] INFO  c.netflix.discovery.DiscoveryClient - DiscoveryClient_AUTH-SERVICE/192.168.137.1:auth-service:8081: registering service...
2025-07-16 17:05:49.588 [main] INFO  o.a.coyote.http11.Http11NioProtocol - Starting ProtocolHandler ["http-nio-8081"]
2025-07-16 17:05:49.630 [main] INFO  o.s.b.w.e.tomcat.TomcatWebServer - Tomcat started on port 8081 (http) with context path '/'
2025-07-16 17:05:49.632 [main] INFO  o.s.c.n.e.s.EurekaAutoServiceRegistration - Updating port to 8081
2025-07-16 17:05:49.697 [DiscoveryClient-InstanceInfoReplicator-%d] INFO  c.netflix.discovery.DiscoveryClient - DiscoveryClient_AUTH-SERVICE/192.168.137.1:auth-service:8081 - registration status: 204
2025-07-16 17:05:49.916 [main] INFO  M.a.AuthServiceApplication - Started AuthServiceApplication in 7.468 seconds (process running for 8.353)
2025-07-16 17:07:24.031 [http-nio-8081-exec-2] INFO  o.a.c.c.C.[Tomcat].[localhost].[/] - Initializing Spring DispatcherServlet 'dispatcherServlet'
2025-07-16 17:07:24.032 [http-nio-8081-exec-2] INFO  o.s.web.servlet.DispatcherServlet - Initializing Servlet 'dispatcherServlet'
2025-07-16 17:07:24.034 [http-nio-8081-exec-2] INFO  o.s.web.servlet.DispatcherServlet - Completed initialization in 2 ms
2025-07-16 17:10:48.821 [AsyncResolver-bootstrap-executor-%d] INFO  c.n.d.s.r.aws.ConfigClusterResolver - Resolving eureka endpoints via configuration
2025-07-16 17:15:48.823 [AsyncResolver-bootstrap-executor-%d] INFO  c.n.d.s.r.aws.ConfigClusterResolver - Resolving eureka endpoints via configuration
2025-07-16 17:17:56.198 [main] INFO  M.a.AuthServiceApplication - Starting AuthServiceApplication using Java 17.0.15 with PID 13464 (E:\miosm\auth-service\build\classes\java\main started by admin in E:\miosm\auth-service)
2025-07-16 17:17:56.204 [main] INFO  M.a.AuthServiceApplication - No active profile set, falling back to 1 default profile: "default"
2025-07-16 17:17:58.097 [main] INFO  o.s.cloud.context.scope.GenericScope - BeanFactory id=b78c5eb6-8b88-3850-beab-29defd507459
2025-07-16 17:17:58.617 [main] INFO  o.s.b.w.e.tomcat.TomcatWebServer - Tomcat initialized with port 8081 (http)
2025-07-16 17:17:58.630 [main] INFO  o.a.coyote.http11.Http11NioProtocol - Initializing ProtocolHandler ["http-nio-8081"]
2025-07-16 17:17:58.634 [main] INFO  o.a.catalina.core.StandardService - Starting service [Tomcat]
2025-07-16 17:17:58.634 [main] INFO  o.a.catalina.core.StandardEngine - Starting Servlet engine: [Apache Tomcat/10.1.42]
2025-07-16 17:17:58.740 [main] INFO  o.a.c.c.C.[Tomcat].[localhost].[/] - Initializing Spring embedded WebApplicationContext
2025-07-16 17:17:58.743 [main] INFO  o.s.b.w.s.c.ServletWebServerApplicationContext - Root WebApplicationContext: initialization completed in 2451 ms
2025-07-16 17:17:59.669 [main] INFO  o.s.c.o.FeignClientFactoryBean - For 'user-service' URL not provided. Will try picking an instance via load-balancing.
2025-07-16 17:18:00.936 [main] INFO  o.s.c.n.e.c.DiscoveryClientOptionalArgsConfiguration - Eureka HTTP Client uses RestTemplate.
2025-07-16 17:18:01.083 [main] WARN  o.s.c.l.c.LoadBalancerCacheAutoConfiguration$LoadBalancerCaffeineWarnLogger - Spring Cloud LoadBalancer is currently working with the default cache. While this cache implementation is useful for development and tests, it's recommended to use Caffeine cache in production.You can switch to using Caffeine cache, by adding it and org.springframework.cache.caffeine.CaffeineCacheManager to the classpath.
2025-07-16 17:18:01.142 [main] INFO  o.s.c.n.eureka.InstanceInfoFactory - Setting initial instance status as: STARTING
2025-07-16 17:18:01.184 [main] INFO  c.netflix.discovery.DiscoveryClient - Initializing Eureka in region us-east-1
2025-07-16 17:18:01.192 [main] INFO  c.n.d.s.r.aws.ConfigClusterResolver - Resolving eureka endpoints via configuration
2025-07-16 17:18:01.209 [main] INFO  c.netflix.discovery.DiscoveryClient - Disable delta property : false
2025-07-16 17:18:01.209 [main] INFO  c.netflix.discovery.DiscoveryClient - Single vip registry refresh property : null
2025-07-16 17:18:01.209 [main] INFO  c.netflix.discovery.DiscoveryClient - Force full registry fetch : false
2025-07-16 17:18:01.209 [main] INFO  c.netflix.discovery.DiscoveryClient - Application is null : false
2025-07-16 17:18:01.210 [main] INFO  c.netflix.discovery.DiscoveryClient - Registered Applications size is zero : true
2025-07-16 17:18:01.210 [main] INFO  c.netflix.discovery.DiscoveryClient - Application version is -1: true
2025-07-16 17:18:01.210 [main] INFO  c.netflix.discovery.DiscoveryClient - Getting all instance registry info from the eureka server
2025-07-16 17:18:01.951 [main] INFO  c.netflix.discovery.DiscoveryClient - The response status is 200
2025-07-16 17:18:01.956 [main] INFO  c.netflix.discovery.DiscoveryClient - Starting heartbeat executor: renew interval is: 30
2025-07-16 17:18:01.958 [main] INFO  c.n.discovery.InstanceInfoReplicator - InstanceInfoReplicator onDemand update allowed rate per min is 4
2025-07-16 17:18:01.962 [main] INFO  c.netflix.discovery.DiscoveryClient - Discovery Client initialized at timestamp 1752679081960 with initial instances count: 3
2025-07-16 17:18:01.968 [main] INFO  o.s.c.n.e.s.EurekaServiceRegistry - Registering application AUTH-SERVICE with eureka with status UP
2025-07-16 17:18:01.968 [main] INFO  c.netflix.discovery.DiscoveryClient - Saw local status change event StatusChangeEvent [timestamp=1752679081968, current=UP, previous=STARTING]
2025-07-16 17:18:01.971 [main] INFO  o.a.coyote.http11.Http11NioProtocol - Starting ProtocolHandler ["http-nio-8081"]
2025-07-16 17:18:01.971 [DiscoveryClient-InstanceInfoReplicator-%d] INFO  c.netflix.discovery.DiscoveryClient - DiscoveryClient_AUTH-SERVICE/192.168.137.1:auth-service:8081: registering service...
2025-07-16 17:18:02.013 [main] INFO  o.s.b.w.e.tomcat.TomcatWebServer - Tomcat started on port 8081 (http) with context path '/'
2025-07-16 17:18:02.015 [main] INFO  o.s.c.n.e.s.EurekaAutoServiceRegistration - Updating port to 8081
2025-07-16 17:18:02.057 [DiscoveryClient-InstanceInfoReplicator-%d] INFO  c.netflix.discovery.DiscoveryClient - DiscoveryClient_AUTH-SERVICE/192.168.137.1:auth-service:8081 - registration status: 204
2025-07-16 17:18:02.214 [main] INFO  M.a.AuthServiceApplication - Started AuthServiceApplication in 7.099 seconds (process running for 8.046)
2025-07-16 17:18:07.580 [http-nio-8081-exec-2] INFO  o.a.c.c.C.[Tomcat].[localhost].[/] - Initializing Spring DispatcherServlet 'dispatcherServlet'
2025-07-16 17:18:07.580 [http-nio-8081-exec-2] INFO  o.s.web.servlet.DispatcherServlet - Initializing Servlet 'dispatcherServlet'
2025-07-16 17:18:07.582 [http-nio-8081-exec-2] INFO  o.s.web.servlet.DispatcherServlet - Completed initialization in 1 ms
2025-07-16 17:18:08.088 [reactor-http-nio-2] WARN  r.n.http.client.HttpClientConnect - [4c3a7107-1, L:/127.0.0.1:50870 - R:localhost/127.0.0.1:8082] The connection observed an error
org.springframework.web.reactive.function.UnsupportedMediaTypeException: Content type 'application/x-www-form-urlencoded' not supported for bodyType=java.util.ImmutableCollections$MapN<?, ?>
	at org.springframework.web.reactive.function.BodyInserters.unsupportedError(BodyInserters.java:466)
	at org.springframework.web.reactive.function.BodyInserters.writeWithMessageWriters(BodyInserters.java:456)
	at org.springframework.web.reactive.function.BodyInserters.lambda$fromValue$1(BodyInserters.java:103)
	at org.springframework.web.reactive.function.client.DefaultClientRequestBuilder$BodyInserterRequest.writeTo(DefaultClientRequestBuilder.java:276)
	at org.springframework.web.reactive.function.client.ExchangeFunctions$DefaultExchangeFunction.lambda$exchange$1(ExchangeFunctions.java:103)
	at org.springframework.http.client.reactive.ReactorClientHttpConnector.lambda$connect$2(ReactorClientHttpConnector.java:169)
	at reactor.netty.http.client.HttpClientConnect$HttpClientHandler.requestWithBody(HttpClientConnect.java:633)
	at reactor.netty.http.client.HttpClientConnect$HttpIOHandlerObserver.lambda$onStateChange$0(HttpClientConnect.java:458)
	at reactor.core.publisher.MonoDefer.subscribe(MonoDefer.java:45)
	at reactor.netty.http.client.HttpClientConnect$HttpIOHandlerObserver.onStateChange(HttpClientConnect.java:459)
	at reactor.netty.ReactorNetty$CompositeConnectionObserver.onStateChange(ReactorNetty.java:722)
	at reactor.netty.resources.DefaultPooledConnectionProvider$DisposableAcquire.onStateChange(DefaultPooledConnectionProvider.java:207)
	at reactor.netty.resources.DefaultPooledConnectionProvider$PooledConnection.onStateChange(DefaultPooledConnectionProvider.java:468)
	at reactor.netty.channel.ChannelOperationsHandler.channelActive(ChannelOperationsHandler.java:62)
	at io.netty.channel.AbstractChannelHandlerContext.invokeChannelActive(AbstractChannelHandlerContext.java:260)
	at io.netty.channel.AbstractChannelHandlerContext.invokeChannelActive(AbstractChannelHandlerContext.java:238)
	at io.netty.channel.AbstractChannelHandlerContext.fireChannelActive(AbstractChannelHandlerContext.java:231)
	at io.netty.channel.CombinedChannelDuplexHandler$DelegatingChannelHandlerContext.fireChannelActive(CombinedChannelDuplexHandler.java:412)
	at io.netty.channel.ChannelInboundHandlerAdapter.channelActive(ChannelInboundHandlerAdapter.java:69)
	at io.netty.channel.CombinedChannelDuplexHandler.channelActive(CombinedChannelDuplexHandler.java:211)
	at io.netty.channel.AbstractChannelHandlerContext.invokeChannelActive(AbstractChannelHandlerContext.java:260)
	at io.netty.channel.AbstractChannelHandlerContext.invokeChannelActive(AbstractChannelHandlerContext.java:238)
	at io.netty.channel.AbstractChannelHandlerContext.fireChannelActive(AbstractChannelHandlerContext.java:231)
	at io.netty.channel.DefaultChannelPipeline$HeadContext.channelActive(DefaultChannelPipeline.java:1345)
	at io.netty.channel.AbstractChannelHandlerContext.invokeChannelActive(AbstractChannelHandlerContext.java:258)
	at io.netty.channel.AbstractChannelHandlerContext.invokeChannelActive(AbstractChannelHandlerContext.java:238)
	at io.netty.channel.DefaultChannelPipeline.fireChannelActive(DefaultChannelPipeline.java:844)
	at io.netty.channel.nio.AbstractNioChannel$AbstractNioUnsafe.fulfillConnectPromise(AbstractNioChannel.java:310)
	at io.netty.channel.nio.AbstractNioChannel$AbstractNioUnsafe.finishConnect(AbstractNioChannel.java:340)
	at io.netty.channel.nio.NioEventLoop.processSelectedKey(NioEventLoop.java:784)
	at io.netty.channel.nio.NioEventLoop.processSelectedKeysOptimized(NioEventLoop.java:732)
	at io.netty.channel.nio.NioEventLoop.processSelectedKeys(NioEventLoop.java:658)
	at io.netty.channel.nio.NioEventLoop.run(NioEventLoop.java:562)
	at io.netty.util.concurrent.SingleThreadEventExecutor$4.run(SingleThreadEventExecutor.java:998)
	at io.netty.util.internal.ThreadExecutorMap$2.run(ThreadExecutorMap.java:74)
	at io.netty.util.concurrent.FastThreadLocalRunnable.run(FastThreadLocalRunnable.java:30)
	at java.base/java.lang.Thread.run(Thread.java:840)
2025-07-16 17:18:08.100 [http-nio-8081-exec-2] ERROR M.a.service.AuthServiceImpl - Failed to get admin access token: Content type 'application/x-www-form-urlencoded' not supported for bodyType=java.util.ImmutableCollections$MapN<?, ?>
2025-07-16 17:18:08.101 [http-nio-8081-exec-2] ERROR M.a.controller.AuthController - Registration error: Failed to get admin access token: Content type 'application/x-www-form-urlencoded' not supported for bodyType=java.util.ImmutableCollections$MapN<?, ?>
2025-07-16 17:20:19.861 [main] INFO  M.a.AuthServiceApplication - Starting AuthServiceApplication using Java 17.0.15 with PID 19600 (E:\miosm\auth-service\build\classes\java\main started by admin in E:\miosm\auth-service)
2025-07-16 17:20:19.867 [main] INFO  M.a.AuthServiceApplication - No active profile set, falling back to 1 default profile: "default"
2025-07-16 17:20:21.748 [main] INFO  o.s.cloud.context.scope.GenericScope - BeanFactory id=b78c5eb6-8b88-3850-beab-29defd507459
2025-07-16 17:20:22.235 [main] INFO  o.s.b.w.e.tomcat.TomcatWebServer - Tomcat initialized with port 8081 (http)
2025-07-16 17:20:22.251 [main] INFO  o.a.coyote.http11.Http11NioProtocol - Initializing ProtocolHandler ["http-nio-8081"]
2025-07-16 17:20:22.254 [main] INFO  o.a.catalina.core.StandardService - Starting service [Tomcat]
2025-07-16 17:20:22.254 [main] INFO  o.a.catalina.core.StandardEngine - Starting Servlet engine: [Apache Tomcat/10.1.42]
2025-07-16 17:20:22.362 [main] INFO  o.a.c.c.C.[Tomcat].[localhost].[/] - Initializing Spring embedded WebApplicationContext
2025-07-16 17:20:22.365 [main] INFO  o.s.b.w.s.c.ServletWebServerApplicationContext - Root WebApplicationContext: initialization completed in 2397 ms
2025-07-16 17:20:23.296 [main] INFO  o.s.c.o.FeignClientFactoryBean - For 'user-service' URL not provided. Will try picking an instance via load-balancing.
2025-07-16 17:20:24.586 [main] INFO  o.s.c.n.e.c.DiscoveryClientOptionalArgsConfiguration - Eureka HTTP Client uses RestTemplate.
2025-07-16 17:20:24.834 [main] WARN  o.s.c.l.c.LoadBalancerCacheAutoConfiguration$LoadBalancerCaffeineWarnLogger - Spring Cloud LoadBalancer is currently working with the default cache. While this cache implementation is useful for development and tests, it's recommended to use Caffeine cache in production.You can switch to using Caffeine cache, by adding it and org.springframework.cache.caffeine.CaffeineCacheManager to the classpath.
2025-07-16 17:20:24.901 [main] INFO  o.s.c.n.eureka.InstanceInfoFactory - Setting initial instance status as: STARTING
2025-07-16 17:20:24.971 [main] INFO  c.netflix.discovery.DiscoveryClient - Initializing Eureka in region us-east-1
2025-07-16 17:20:24.983 [main] INFO  c.n.d.s.r.aws.ConfigClusterResolver - Resolving eureka endpoints via configuration
2025-07-16 17:20:25.011 [main] INFO  c.netflix.discovery.DiscoveryClient - Disable delta property : false
2025-07-16 17:20:25.012 [main] INFO  c.netflix.discovery.DiscoveryClient - Single vip registry refresh property : null
2025-07-16 17:20:25.012 [main] INFO  c.netflix.discovery.DiscoveryClient - Force full registry fetch : false
2025-07-16 17:20:25.012 [main] INFO  c.netflix.discovery.DiscoveryClient - Application is null : false
2025-07-16 17:20:25.012 [main] INFO  c.netflix.discovery.DiscoveryClient - Registered Applications size is zero : true
2025-07-16 17:20:25.012 [main] INFO  c.netflix.discovery.DiscoveryClient - Application version is -1: true
2025-07-16 17:20:25.012 [main] INFO  c.netflix.discovery.DiscoveryClient - Getting all instance registry info from the eureka server
2025-07-16 17:20:25.757 [main] INFO  c.netflix.discovery.DiscoveryClient - The response status is 200
2025-07-16 17:20:25.762 [main] INFO  c.netflix.discovery.DiscoveryClient - Starting heartbeat executor: renew interval is: 30
2025-07-16 17:20:25.765 [main] INFO  c.n.discovery.InstanceInfoReplicator - InstanceInfoReplicator onDemand update allowed rate per min is 4
2025-07-16 17:20:25.769 [main] INFO  c.netflix.discovery.DiscoveryClient - Discovery Client initialized at timestamp 1752679225767 with initial instances count: 3
2025-07-16 17:20:25.775 [main] INFO  o.s.c.n.e.s.EurekaServiceRegistry - Registering application AUTH-SERVICE with eureka with status UP
2025-07-16 17:20:25.776 [main] INFO  c.netflix.discovery.DiscoveryClient - Saw local status change event StatusChangeEvent [timestamp=1752679225776, current=UP, previous=STARTING]
2025-07-16 17:20:25.780 [DiscoveryClient-InstanceInfoReplicator-%d] INFO  c.netflix.discovery.DiscoveryClient - DiscoveryClient_AUTH-SERVICE/192.168.137.1:auth-service:8081: registering service...
2025-07-16 17:20:25.780 [main] INFO  o.a.coyote.http11.Http11NioProtocol - Starting ProtocolHandler ["http-nio-8081"]
2025-07-16 17:20:25.821 [main] INFO  o.s.b.w.e.tomcat.TomcatWebServer - Tomcat started on port 8081 (http) with context path '/'
2025-07-16 17:20:25.823 [main] INFO  o.s.c.n.e.s.EurekaAutoServiceRegistration - Updating port to 8081
2025-07-16 17:20:25.864 [DiscoveryClient-InstanceInfoReplicator-%d] INFO  c.netflix.discovery.DiscoveryClient - DiscoveryClient_AUTH-SERVICE/192.168.137.1:auth-service:8081 - registration status: 204
2025-07-16 17:20:26.004 [main] INFO  M.a.AuthServiceApplication - Started AuthServiceApplication in 7.413 seconds (process running for 8.258)
2025-07-16 17:20:37.722 [http-nio-8081-exec-2] INFO  o.a.c.c.C.[Tomcat].[localhost].[/] - Initializing Spring DispatcherServlet 'dispatcherServlet'
2025-07-16 17:20:37.722 [http-nio-8081-exec-2] INFO  o.s.web.servlet.DispatcherServlet - Initializing Servlet 'dispatcherServlet'
2025-07-16 17:20:37.724 [http-nio-8081-exec-2] INFO  o.s.web.servlet.DispatcherServlet - Completed initialization in 1 ms
2025-07-16 17:20:38.447 [http-nio-8081-exec-2] ERROR M.a.service.AuthServiceImpl - Failed to get admin access token: 401 Unauthorized from POST http://localhost:8082/realms/myrealm/protocol/openid-connect/token
2025-07-16 17:20:38.448 [http-nio-8081-exec-2] ERROR M.a.controller.AuthController - Registration error: Failed to get admin access token: 401 Unauthorized from POST http://localhost:8082/realms/myrealm/protocol/openid-connect/token
2025-07-16 17:20:48.257 [http-nio-8081-exec-4] ERROR M.a.service.AuthServiceImpl - Failed to get admin access token: 401 Unauthorized from POST http://localhost:8082/realms/myrealm/protocol/openid-connect/token
2025-07-16 17:20:48.257 [http-nio-8081-exec-4] ERROR M.a.controller.AuthController - Registration error: Failed to get admin access token: 401 Unauthorized from POST http://localhost:8082/realms/myrealm/protocol/openid-connect/token
2025-07-16 17:23:10.421 [http-nio-8081-exec-8] ERROR M.a.service.AuthServiceImpl - Failed to get admin access token: 401 Unauthorized from POST http://localhost:8082/realms/myrealm/protocol/openid-connect/token
2025-07-16 17:23:10.421 [http-nio-8081-exec-8] ERROR M.a.controller.AuthController - Registration error: Failed to get admin access token: 401 Unauthorized from POST http://localhost:8082/realms/myrealm/protocol/openid-connect/token
2025-07-16 17:23:20.355 [main] INFO  M.a.AuthServiceApplication - Starting AuthServiceApplication using Java 17.0.15 with PID 13908 (E:\miosm\auth-service\build\classes\java\main started by admin in E:\miosm\auth-service)
2025-07-16 17:23:20.361 [main] INFO  M.a.AuthServiceApplication - No active profile set, falling back to 1 default profile: "default"
2025-07-16 17:23:22.149 [main] INFO  o.s.cloud.context.scope.GenericScope - BeanFactory id=b78c5eb6-8b88-3850-beab-29defd507459
2025-07-16 17:23:22.723 [main] INFO  o.s.b.w.e.tomcat.TomcatWebServer - Tomcat initialized with port 8081 (http)
2025-07-16 17:23:22.741 [main] INFO  o.a.coyote.http11.Http11NioProtocol - Initializing ProtocolHandler ["http-nio-8081"]
2025-07-16 17:23:22.746 [main] INFO  o.a.catalina.core.StandardService - Starting service [Tomcat]
2025-07-16 17:23:22.747 [main] INFO  o.a.catalina.core.StandardEngine - Starting Servlet engine: [Apache Tomcat/10.1.42]
2025-07-16 17:23:23.029 [main] INFO  o.a.c.c.C.[Tomcat].[localhost].[/] - Initializing Spring embedded WebApplicationContext
2025-07-16 17:23:23.031 [main] INFO  o.s.b.w.s.c.ServletWebServerApplicationContext - Root WebApplicationContext: initialization completed in 2579 ms
2025-07-16 17:23:23.952 [main] INFO  o.s.c.o.FeignClientFactoryBean - For 'user-service' URL not provided. Will try picking an instance via load-balancing.
2025-07-16 17:23:25.226 [main] INFO  o.s.c.n.e.c.DiscoveryClientOptionalArgsConfiguration - Eureka HTTP Client uses RestTemplate.
2025-07-16 17:23:25.399 [main] WARN  o.s.c.l.c.LoadBalancerCacheAutoConfiguration$LoadBalancerCaffeineWarnLogger - Spring Cloud LoadBalancer is currently working with the default cache. While this cache implementation is useful for development and tests, it's recommended to use Caffeine cache in production.You can switch to using Caffeine cache, by adding it and org.springframework.cache.caffeine.CaffeineCacheManager to the classpath.
2025-07-16 17:23:25.457 [main] INFO  o.s.c.n.eureka.InstanceInfoFactory - Setting initial instance status as: STARTING
2025-07-16 17:23:25.507 [main] INFO  c.netflix.discovery.DiscoveryClient - Initializing Eureka in region us-east-1
2025-07-16 17:23:25.516 [main] INFO  c.n.d.s.r.aws.ConfigClusterResolver - Resolving eureka endpoints via configuration
2025-07-16 17:23:25.535 [main] INFO  c.netflix.discovery.DiscoveryClient - Disable delta property : false
2025-07-16 17:23:25.536 [main] INFO  c.netflix.discovery.DiscoveryClient - Single vip registry refresh property : null
2025-07-16 17:23:25.536 [main] INFO  c.netflix.discovery.DiscoveryClient - Force full registry fetch : false
2025-07-16 17:23:25.536 [main] INFO  c.netflix.discovery.DiscoveryClient - Application is null : false
2025-07-16 17:23:25.536 [main] INFO  c.netflix.discovery.DiscoveryClient - Registered Applications size is zero : true
2025-07-16 17:23:25.536 [main] INFO  c.netflix.discovery.DiscoveryClient - Application version is -1: true
2025-07-16 17:23:25.537 [main] INFO  c.netflix.discovery.DiscoveryClient - Getting all instance registry info from the eureka server
2025-07-16 17:23:26.289 [main] INFO  c.netflix.discovery.DiscoveryClient - The response status is 200
2025-07-16 17:23:26.295 [main] INFO  c.netflix.discovery.DiscoveryClient - Starting heartbeat executor: renew interval is: 30
2025-07-16 17:23:26.299 [main] INFO  c.n.discovery.InstanceInfoReplicator - InstanceInfoReplicator onDemand update allowed rate per min is 4
2025-07-16 17:23:26.302 [main] INFO  c.netflix.discovery.DiscoveryClient - Discovery Client initialized at timestamp 1752679406301 with initial instances count: 3
2025-07-16 17:23:26.310 [main] INFO  o.s.c.n.e.s.EurekaServiceRegistry - Registering application AUTH-SERVICE with eureka with status UP
2025-07-16 17:23:26.311 [main] INFO  c.netflix.discovery.DiscoveryClient - Saw local status change event StatusChangeEvent [timestamp=1752679406311, current=UP, previous=STARTING]
2025-07-16 17:23:26.315 [main] INFO  o.a.coyote.http11.Http11NioProtocol - Starting ProtocolHandler ["http-nio-8081"]
2025-07-16 17:23:26.315 [DiscoveryClient-InstanceInfoReplicator-%d] INFO  c.netflix.discovery.DiscoveryClient - DiscoveryClient_AUTH-SERVICE/192.168.137.1:auth-service:8081: registering service...
2025-07-16 17:23:26.352 [main] INFO  o.s.b.w.e.tomcat.TomcatWebServer - Tomcat started on port 8081 (http) with context path '/'
2025-07-16 17:23:26.354 [main] INFO  o.s.c.n.e.s.EurekaAutoServiceRegistration - Updating port to 8081
2025-07-16 17:23:26.398 [DiscoveryClient-InstanceInfoReplicator-%d] INFO  c.netflix.discovery.DiscoveryClient - DiscoveryClient_AUTH-SERVICE/192.168.137.1:auth-service:8081 - registration status: 204
2025-07-16 17:23:26.532 [main] INFO  M.a.AuthServiceApplication - Started AuthServiceApplication in 7.368 seconds (process running for 8.437)
2025-07-16 17:23:33.156 [http-nio-8081-exec-2] INFO  o.a.c.c.C.[Tomcat].[localhost].[/] - Initializing Spring DispatcherServlet 'dispatcherServlet'
2025-07-16 17:23:33.157 [http-nio-8081-exec-2] INFO  o.s.web.servlet.DispatcherServlet - Initializing Servlet 'dispatcherServlet'
2025-07-16 17:23:33.158 [http-nio-8081-exec-2] INFO  o.s.web.servlet.DispatcherServlet - Completed initialization in 1 ms
2025-07-16 17:23:33.777 [http-nio-8081-exec-2] ERROR M.a.service.AuthServiceImpl - Failed to get admin access token: 401 Unauthorized from POST http://localhost:8082/realms/myrealm/protocol/openid-connect/token
2025-07-16 17:23:33.778 [http-nio-8081-exec-2] ERROR M.a.controller.AuthController - Registration error: Failed to get admin access token: 401 Unauthorized from POST http://localhost:8082/realms/myrealm/protocol/openid-connect/token
2025-07-16 17:24:00.983 [main] INFO  M.a.AuthServiceApplication - Starting AuthServiceApplication using Java 17.0.15 with PID 12164 (E:\miosm\auth-service\build\classes\java\main started by admin in E:\miosm\auth-service)
2025-07-16 17:24:00.991 [main] INFO  M.a.AuthServiceApplication - No active profile set, falling back to 1 default profile: "default"
2025-07-16 17:24:02.893 [main] INFO  o.s.cloud.context.scope.GenericScope - BeanFactory id=b78c5eb6-8b88-3850-beab-29defd507459
2025-07-16 17:24:03.573 [main] INFO  o.s.b.w.e.tomcat.TomcatWebServer - Tomcat initialized with port 8081 (http)
2025-07-16 17:24:03.587 [main] INFO  o.a.coyote.http11.Http11NioProtocol - Initializing ProtocolHandler ["http-nio-8081"]
2025-07-16 17:24:03.590 [main] INFO  o.a.catalina.core.StandardService - Starting service [Tomcat]
2025-07-16 17:24:03.590 [main] INFO  o.a.catalina.core.StandardEngine - Starting Servlet engine: [Apache Tomcat/10.1.42]
2025-07-16 17:24:03.697 [main] INFO  o.a.c.c.C.[Tomcat].[localhost].[/] - Initializing Spring embedded WebApplicationContext
2025-07-16 17:24:03.699 [main] INFO  o.s.b.w.s.c.ServletWebServerApplicationContext - Root WebApplicationContext: initialization completed in 2614 ms
2025-07-16 17:24:04.458 [main] INFO  o.s.c.o.FeignClientFactoryBean - For 'user-service' URL not provided. Will try picking an instance via load-balancing.
2025-07-16 17:24:05.502 [main] INFO  o.s.c.n.e.c.DiscoveryClientOptionalArgsConfiguration - Eureka HTTP Client uses RestTemplate.
2025-07-16 17:24:05.642 [main] WARN  o.s.c.l.c.LoadBalancerCacheAutoConfiguration$LoadBalancerCaffeineWarnLogger - Spring Cloud LoadBalancer is currently working with the default cache. While this cache implementation is useful for development and tests, it's recommended to use Caffeine cache in production.You can switch to using Caffeine cache, by adding it and org.springframework.cache.caffeine.CaffeineCacheManager to the classpath.
2025-07-16 17:24:05.697 [main] INFO  o.s.c.n.eureka.InstanceInfoFactory - Setting initial instance status as: STARTING
2025-07-16 17:24:05.736 [main] INFO  c.netflix.discovery.DiscoveryClient - Initializing Eureka in region us-east-1
2025-07-16 17:24:05.745 [main] INFO  c.n.d.s.r.aws.ConfigClusterResolver - Resolving eureka endpoints via configuration
2025-07-16 17:24:05.768 [main] INFO  c.netflix.discovery.DiscoveryClient - Disable delta property : false
2025-07-16 17:24:05.769 [main] INFO  c.netflix.discovery.DiscoveryClient - Single vip registry refresh property : null
2025-07-16 17:24:05.769 [main] INFO  c.netflix.discovery.DiscoveryClient - Force full registry fetch : false
2025-07-16 17:24:05.769 [main] INFO  c.netflix.discovery.DiscoveryClient - Application is null : false
2025-07-16 17:24:05.769 [main] INFO  c.netflix.discovery.DiscoveryClient - Registered Applications size is zero : true
2025-07-16 17:24:05.769 [main] INFO  c.netflix.discovery.DiscoveryClient - Application version is -1: true
2025-07-16 17:24:05.769 [main] INFO  c.netflix.discovery.DiscoveryClient - Getting all instance registry info from the eureka server
2025-07-16 17:24:06.387 [main] INFO  c.netflix.discovery.DiscoveryClient - The response status is 200
2025-07-16 17:24:06.391 [main] INFO  c.netflix.discovery.DiscoveryClient - Starting heartbeat executor: renew interval is: 30
2025-07-16 17:24:06.393 [main] INFO  c.n.discovery.InstanceInfoReplicator - InstanceInfoReplicator onDemand update allowed rate per min is 4
2025-07-16 17:24:06.397 [main] INFO  c.netflix.discovery.DiscoveryClient - Discovery Client initialized at timestamp 1752679446395 with initial instances count: 3
2025-07-16 17:24:06.403 [main] INFO  o.s.c.n.e.s.EurekaServiceRegistry - Registering application AUTH-SERVICE with eureka with status UP
2025-07-16 17:24:06.404 [main] INFO  c.netflix.discovery.DiscoveryClient - Saw local status change event StatusChangeEvent [timestamp=1752679446404, current=UP, previous=STARTING]
2025-07-16 17:24:06.407 [main] INFO  o.a.coyote.http11.Http11NioProtocol - Starting ProtocolHandler ["http-nio-8081"]
2025-07-16 17:24:06.407 [DiscoveryClient-InstanceInfoReplicator-%d] INFO  c.netflix.discovery.DiscoveryClient - DiscoveryClient_AUTH-SERVICE/192.168.137.1:auth-service:8081: registering service...
2025-07-16 17:24:06.440 [main] INFO  o.s.b.w.e.tomcat.TomcatWebServer - Tomcat started on port 8081 (http) with context path '/'
2025-07-16 17:24:06.442 [main] INFO  o.s.c.n.e.s.EurekaAutoServiceRegistration - Updating port to 8081
2025-07-16 17:24:06.477 [DiscoveryClient-InstanceInfoReplicator-%d] INFO  c.netflix.discovery.DiscoveryClient - DiscoveryClient_AUTH-SERVICE/192.168.137.1:auth-service:8081 - registration status: 204
2025-07-16 17:24:06.626 [main] INFO  M.a.AuthServiceApplication - Started AuthServiceApplication in 6.95 seconds (process running for 7.888)
2025-07-16 17:24:10.233 [http-nio-8081-exec-2] INFO  o.a.c.c.C.[Tomcat].[localhost].[/] - Initializing Spring DispatcherServlet 'dispatcherServlet'
2025-07-16 17:24:10.234 [http-nio-8081-exec-2] INFO  o.s.web.servlet.DispatcherServlet - Initializing Servlet 'dispatcherServlet'
2025-07-16 17:24:10.237 [http-nio-8081-exec-2] INFO  o.s.web.servlet.DispatcherServlet - Completed initialization in 3 ms
2025-07-16 17:24:11.538 [http-nio-8081-exec-2] ERROR M.a.service.AuthServiceImpl - Error registering user: 409 Conflict from POST http://localhost:8082/admin/realms/master/users
2025-07-16 17:24:11.539 [http-nio-8081-exec-2] ERROR M.a.controller.AuthController - Registration error: Registration failed: 409 Conflict from POST http://localhost:8082/admin/realms/master/users
2025-07-16 17:27:33.228 [main] INFO  M.a.AuthServiceApplication - Starting AuthServiceApplication using Java 17.0.15 with PID 18140 (E:\miosm\auth-service\build\classes\java\main started by admin in E:\miosm\auth-service)
2025-07-16 17:27:33.235 [main] INFO  M.a.AuthServiceApplication - No active profile set, falling back to 1 default profile: "default"
2025-07-16 17:27:35.141 [main] INFO  o.s.cloud.context.scope.GenericScope - BeanFactory id=b78c5eb6-8b88-3850-beab-29defd507459
2025-07-16 17:27:35.670 [main] INFO  o.s.b.w.e.tomcat.TomcatWebServer - Tomcat initialized with port 8081 (http)
2025-07-16 17:27:35.683 [main] INFO  o.a.coyote.http11.Http11NioProtocol - Initializing ProtocolHandler ["http-nio-8081"]
2025-07-16 17:27:35.686 [main] INFO  o.a.catalina.core.StandardService - Starting service [Tomcat]
2025-07-16 17:27:35.686 [main] INFO  o.a.catalina.core.StandardEngine - Starting Servlet engine: [Apache Tomcat/10.1.42]
2025-07-16 17:27:35.794 [main] INFO  o.a.c.c.C.[Tomcat].[localhost].[/] - Initializing Spring embedded WebApplicationContext
2025-07-16 17:27:35.796 [main] INFO  o.s.b.w.s.c.ServletWebServerApplicationContext - Root WebApplicationContext: initialization completed in 2480 ms
2025-07-16 17:27:36.604 [main] INFO  o.s.c.o.FeignClientFactoryBean - For 'user-service' URL not provided. Will try picking an instance via load-balancing.
2025-07-16 17:27:37.861 [main] INFO  o.s.c.n.e.c.DiscoveryClientOptionalArgsConfiguration - Eureka HTTP Client uses RestTemplate.
2025-07-16 17:27:38.020 [main] WARN  o.s.c.l.c.LoadBalancerCacheAutoConfiguration$LoadBalancerCaffeineWarnLogger - Spring Cloud LoadBalancer is currently working with the default cache. While this cache implementation is useful for development and tests, it's recommended to use Caffeine cache in production.You can switch to using Caffeine cache, by adding it and org.springframework.cache.caffeine.CaffeineCacheManager to the classpath.
2025-07-16 17:27:38.074 [main] INFO  o.s.c.n.eureka.InstanceInfoFactory - Setting initial instance status as: STARTING
2025-07-16 17:27:38.126 [main] INFO  c.netflix.discovery.DiscoveryClient - Initializing Eureka in region us-east-1
2025-07-16 17:27:38.134 [main] INFO  c.n.d.s.r.aws.ConfigClusterResolver - Resolving eureka endpoints via configuration
2025-07-16 17:27:38.150 [main] INFO  c.netflix.discovery.DiscoveryClient - Disable delta property : false
2025-07-16 17:27:38.151 [main] INFO  c.netflix.discovery.DiscoveryClient - Single vip registry refresh property : null
2025-07-16 17:27:38.151 [main] INFO  c.netflix.discovery.DiscoveryClient - Force full registry fetch : false
2025-07-16 17:27:38.151 [main] INFO  c.netflix.discovery.DiscoveryClient - Application is null : false
2025-07-16 17:27:38.151 [main] INFO  c.netflix.discovery.DiscoveryClient - Registered Applications size is zero : true
2025-07-16 17:27:38.152 [main] INFO  c.netflix.discovery.DiscoveryClient - Application version is -1: true
2025-07-16 17:27:38.152 [main] INFO  c.netflix.discovery.DiscoveryClient - Getting all instance registry info from the eureka server
2025-07-16 17:27:38.847 [main] INFO  c.netflix.discovery.DiscoveryClient - The response status is 200
2025-07-16 17:27:38.850 [main] INFO  c.netflix.discovery.DiscoveryClient - Starting heartbeat executor: renew interval is: 30
2025-07-16 17:27:38.853 [main] INFO  c.n.discovery.InstanceInfoReplicator - InstanceInfoReplicator onDemand update allowed rate per min is 4
2025-07-16 17:27:38.856 [main] INFO  c.netflix.discovery.DiscoveryClient - Discovery Client initialized at timestamp 1752679658855 with initial instances count: 2
2025-07-16 17:27:38.863 [main] INFO  o.s.c.n.e.s.EurekaServiceRegistry - Registering application AUTH-SERVICE with eureka with status UP
2025-07-16 17:27:38.864 [main] INFO  c.netflix.discovery.DiscoveryClient - Saw local status change event StatusChangeEvent [timestamp=1752679658864, current=UP, previous=STARTING]
2025-07-16 17:27:38.868 [main] INFO  o.a.coyote.http11.Http11NioProtocol - Starting ProtocolHandler ["http-nio-8081"]
2025-07-16 17:27:38.867 [DiscoveryClient-InstanceInfoReplicator-%d] INFO  c.netflix.discovery.DiscoveryClient - DiscoveryClient_AUTH-SERVICE/192.168.137.1:auth-service:8081: registering service...
2025-07-16 17:27:38.901 [main] INFO  o.s.b.w.e.tomcat.TomcatWebServer - Tomcat started on port 8081 (http) with context path '/'
2025-07-16 17:27:38.903 [main] INFO  o.s.c.n.e.s.EurekaAutoServiceRegistration - Updating port to 8081
2025-07-16 17:27:38.936 [DiscoveryClient-InstanceInfoReplicator-%d] INFO  c.netflix.discovery.DiscoveryClient - DiscoveryClient_AUTH-SERVICE/192.168.137.1:auth-service:8081 - registration status: 204
2025-07-16 17:27:39.071 [main] INFO  M.a.AuthServiceApplication - Started AuthServiceApplication in 7.021 seconds (process running for 7.902)
2025-07-16 17:27:54.326 [http-nio-8081-exec-2] INFO  o.a.c.c.C.[Tomcat].[localhost].[/] - Initializing Spring DispatcherServlet 'dispatcherServlet'
2025-07-16 17:27:54.327 [http-nio-8081-exec-2] INFO  o.s.web.servlet.DispatcherServlet - Initializing Servlet 'dispatcherServlet'
2025-07-16 17:27:54.329 [http-nio-8081-exec-2] INFO  o.s.web.servlet.DispatcherServlet - Completed initialization in 1 ms
2025-07-16 17:27:55.068 [http-nio-8081-exec-2] ERROR M.a.service.AuthServiceImpl - Failed to get admin access token: 401 Unauthorized from POST http://localhost:8082/realms/myrealm/protocol/openid-connect/token
2025-07-16 17:27:55.069 [http-nio-8081-exec-2] ERROR M.a.controller.AuthController - Registration error: Failed to get admin access token: 401 Unauthorized from POST http://localhost:8082/realms/myrealm/protocol/openid-connect/token
2025-07-16 17:34:15.367 [main] INFO  M.a.AuthServiceApplication - Starting AuthServiceApplication using Java 17.0.15 with PID 1416 (E:\miosm\auth-service\build\classes\java\main started by admin in E:\miosm\auth-service)
2025-07-16 17:34:15.379 [main] INFO  M.a.AuthServiceApplication - No active profile set, falling back to 1 default profile: "default"
2025-07-16 17:34:17.412 [main] INFO  o.s.cloud.context.scope.GenericScope - BeanFactory id=b78c5eb6-8b88-3850-beab-29defd507459
2025-07-16 17:34:18.137 [main] INFO  o.s.b.w.e.tomcat.TomcatWebServer - Tomcat initialized with port 8081 (http)
2025-07-16 17:34:18.150 [main] INFO  o.a.coyote.http11.Http11NioProtocol - Initializing ProtocolHandler ["http-nio-8081"]
2025-07-16 17:34:18.153 [main] INFO  o.a.catalina.core.StandardService - Starting service [Tomcat]
2025-07-16 17:34:18.153 [main] INFO  o.a.catalina.core.StandardEngine - Starting Servlet engine: [Apache Tomcat/10.1.42]
2025-07-16 17:34:18.273 [main] INFO  o.a.c.c.C.[Tomcat].[localhost].[/] - Initializing Spring embedded WebApplicationContext
2025-07-16 17:34:18.275 [main] INFO  o.s.b.w.s.c.ServletWebServerApplicationContext - Root WebApplicationContext: initialization completed in 2773 ms
2025-07-16 17:34:19.210 [main] INFO  o.s.c.o.FeignClientFactoryBean - For 'user-service' URL not provided. Will try picking an instance via load-balancing.
2025-07-16 17:34:20.474 [main] INFO  o.s.c.n.e.c.DiscoveryClientOptionalArgsConfiguration - Eureka HTTP Client uses RestTemplate.
2025-07-16 17:34:20.667 [main] WARN  o.s.c.l.c.LoadBalancerCacheAutoConfiguration$LoadBalancerCaffeineWarnLogger - Spring Cloud LoadBalancer is currently working with the default cache. While this cache implementation is useful for development and tests, it's recommended to use Caffeine cache in production.You can switch to using Caffeine cache, by adding it and org.springframework.cache.caffeine.CaffeineCacheManager to the classpath.
2025-07-16 17:34:20.738 [main] INFO  o.s.c.n.eureka.InstanceInfoFactory - Setting initial instance status as: STARTING
2025-07-16 17:34:20.784 [main] INFO  c.netflix.discovery.DiscoveryClient - Initializing Eureka in region us-east-1
2025-07-16 17:34:20.793 [main] INFO  c.n.d.s.r.aws.ConfigClusterResolver - Resolving eureka endpoints via configuration
2025-07-16 17:34:20.810 [main] INFO  c.netflix.discovery.DiscoveryClient - Disable delta property : false
2025-07-16 17:34:20.811 [main] INFO  c.netflix.discovery.DiscoveryClient - Single vip registry refresh property : null
2025-07-16 17:34:20.811 [main] INFO  c.netflix.discovery.DiscoveryClient - Force full registry fetch : false
2025-07-16 17:34:20.811 [main] INFO  c.netflix.discovery.DiscoveryClient - Application is null : false
2025-07-16 17:34:20.811 [main] INFO  c.netflix.discovery.DiscoveryClient - Registered Applications size is zero : true
2025-07-16 17:34:20.811 [main] INFO  c.netflix.discovery.DiscoveryClient - Application version is -1: true
2025-07-16 17:34:20.811 [main] INFO  c.netflix.discovery.DiscoveryClient - Getting all instance registry info from the eureka server
2025-07-16 17:34:21.540 [main] INFO  c.netflix.discovery.DiscoveryClient - The response status is 200
2025-07-16 17:34:21.544 [main] INFO  c.netflix.discovery.DiscoveryClient - Starting heartbeat executor: renew interval is: 30
2025-07-16 17:34:21.546 [main] INFO  c.n.discovery.InstanceInfoReplicator - InstanceInfoReplicator onDemand update allowed rate per min is 4
2025-07-16 17:34:21.552 [main] INFO  c.netflix.discovery.DiscoveryClient - Discovery Client initialized at timestamp 1752680061549 with initial instances count: 3
2025-07-16 17:34:21.558 [main] INFO  o.s.c.n.e.s.EurekaServiceRegistry - Registering application AUTH-SERVICE with eureka with status UP
2025-07-16 17:34:21.559 [main] INFO  c.netflix.discovery.DiscoveryClient - Saw local status change event StatusChangeEvent [timestamp=1752680061559, current=UP, previous=STARTING]
2025-07-16 17:34:21.562 [main] INFO  o.a.coyote.http11.Http11NioProtocol - Starting ProtocolHandler ["http-nio-8081"]
2025-07-16 17:34:21.562 [DiscoveryClient-InstanceInfoReplicator-%d] INFO  c.netflix.discovery.DiscoveryClient - DiscoveryClient_AUTH-SERVICE/192.168.137.1:auth-service:8081: registering service...
2025-07-16 17:34:21.597 [main] INFO  o.s.b.w.e.tomcat.TomcatWebServer - Tomcat started on port 8081 (http) with context path '/'
2025-07-16 17:34:21.599 [main] INFO  o.s.c.n.e.s.EurekaAutoServiceRegistration - Updating port to 8081
2025-07-16 17:34:21.637 [DiscoveryClient-InstanceInfoReplicator-%d] INFO  c.netflix.discovery.DiscoveryClient - DiscoveryClient_AUTH-SERVICE/192.168.137.1:auth-service:8081 - registration status: 204
2025-07-16 17:34:21.794 [main] INFO  M.a.AuthServiceApplication - Started AuthServiceApplication in 7.716 seconds (process running for 8.646)
2025-07-16 17:35:01.726 [http-nio-8081-exec-2] INFO  o.a.c.c.C.[Tomcat].[localhost].[/] - Initializing Spring DispatcherServlet 'dispatcherServlet'
2025-07-16 17:35:01.726 [http-nio-8081-exec-2] INFO  o.s.web.servlet.DispatcherServlet - Initializing Servlet 'dispatcherServlet'
2025-07-16 17:35:01.727 [http-nio-8081-exec-2] INFO  o.s.web.servlet.DispatcherServlet - Completed initialization in 1 ms
2025-07-16 17:35:02.383 [http-nio-8081-exec-2] ERROR M.a.service.AuthServiceImpl - Failed to get admin access token: 401 Unauthorized from POST http://localhost:8082/realms/myrealm/protocol/openid-connect/token
2025-07-16 17:39:20.829 [AsyncResolver-bootstrap-executor-%d] INFO  c.n.d.s.r.aws.ConfigClusterResolver - Resolving eureka endpoints via configuration
2025-07-16 17:41:55.863 [http-nio-8081-exec-4] ERROR M.a.service.AuthServiceImpl - Failed to get admin access token: 401 Unauthorized from POST http://localhost:8082/realms/myrealm/protocol/openid-connect/token
2025-07-16 17:44:20.834 [AsyncResolver-bootstrap-executor-%d] INFO  c.n.d.s.r.aws.ConfigClusterResolver - Resolving eureka endpoints via configuration
2025-07-16 17:45:36.600 [http-nio-8081-exec-6] ERROR M.a.service.AuthServiceImpl - Failed to get admin access token: 401 Unauthorized from POST http://localhost:8082/realms/myrealm/protocol/openid-connect/token
2025-07-16 17:45:38.689 [http-nio-8081-exec-8] ERROR M.a.service.AuthServiceImpl - Failed to get admin access token: 401 Unauthorized from POST http://localhost:8082/realms/myrealm/protocol/openid-connect/token
2025-07-16 17:45:40.999 [http-nio-8081-exec-9] ERROR M.a.service.AuthServiceImpl - Failed to get admin access token: 401 Unauthorized from POST http://localhost:8082/realms/myrealm/protocol/openid-connect/token
2025-07-16 17:47:17.329 [http-nio-8081-exec-2] ERROR M.a.service.AuthServiceImpl - Failed to get admin access token: 400 Bad Request from POST http://localhost:8082/realms/myrealm/protocol/openid-connect/token
2025-07-16 17:49:20.840 [AsyncResolver-bootstrap-executor-%d] INFO  c.n.d.s.r.aws.ConfigClusterResolver - Resolving eureka endpoints via configuration
2025-07-16 17:54:20.851 [AsyncResolver-bootstrap-executor-%d] INFO  c.n.d.s.r.aws.ConfigClusterResolver - Resolving eureka endpoints via configuration
2025-07-16 17:59:20.855 [AsyncResolver-bootstrap-executor-%d] INFO  c.n.d.s.r.aws.ConfigClusterResolver - Resolving eureka endpoints via configuration
2025-07-16 18:04:20.858 [AsyncResolver-bootstrap-executor-%d] INFO  c.n.d.s.r.aws.ConfigClusterResolver - Resolving eureka endpoints via configuration
2025-07-16 18:09:20.875 [AsyncResolver-bootstrap-executor-%d] INFO  c.n.d.s.r.aws.ConfigClusterResolver - Resolving eureka endpoints via configuration
2025-07-16 18:09:23.454 [http-nio-8081-exec-8] ERROR M.a.service.AuthServiceImpl - Failed to get admin access token: 400 Bad Request from POST http://localhost:8082/realms/myrealm/protocol/openid-connect/token
2025-07-16 18:14:20.888 [AsyncResolver-bootstrap-executor-%d] INFO  c.n.d.s.r.aws.ConfigClusterResolver - Resolving eureka endpoints via configuration
2025-07-16 18:19:20.899 [AsyncResolver-bootstrap-executor-%d] INFO  c.n.d.s.r.aws.ConfigClusterResolver - Resolving eureka endpoints via configuration
2025-07-16 18:21:28.069 [http-nio-8081-exec-3] ERROR M.a.service.AuthServiceImpl - Failed to get admin access token: 401 Unauthorized from POST http://localhost:8082/realms/myrealm/protocol/openid-connect/token
2025-07-16 18:22:01.939 [http-nio-8081-exec-5] ERROR M.a.exception.GlobalExceptionHandler - Unhandled exception: Content-Type 'application/x-www-form-urlencoded;charset=UTF-8' is not supported
2025-07-16 18:22:22.306 [http-nio-8081-exec-6] ERROR M.a.exception.GlobalExceptionHandler - Unhandled exception: Required request body is missing: public org.springframework.http.ResponseEntity<?> MIOSM.auth_service.controller.AuthController.register(MIOSM.auth_service.dto.RegisterRequest)
2025-07-16 18:22:33.409 [http-nio-8081-exec-7] ERROR M.a.exception.GlobalExceptionHandler - Unhandled exception: Required request body is missing: public org.springframework.http.ResponseEntity<?> MIOSM.auth_service.controller.AuthController.register(MIOSM.auth_service.dto.RegisterRequest)
2025-07-16 18:22:37.550 [http-nio-8081-exec-9] ERROR M.a.exception.GlobalExceptionHandler - Unhandled exception: Content-Type 'application/x-www-form-urlencoded;charset=UTF-8' is not supported
2025-07-16 18:22:43.128 [http-nio-8081-exec-1] ERROR M.a.exception.GlobalExceptionHandler - Unhandled exception: Required request body is missing: public org.springframework.http.ResponseEntity<?> MIOSM.auth_service.controller.AuthController.register(MIOSM.auth_service.dto.RegisterRequest)
2025-07-16 18:22:45.331 [http-nio-8081-exec-3] ERROR M.a.exception.GlobalExceptionHandler - Unhandled exception: Required request body is missing: public org.springframework.http.ResponseEntity<?> MIOSM.auth_service.controller.AuthController.register(MIOSM.auth_service.dto.RegisterRequest)
2025-07-16 18:24:20.914 [AsyncResolver-bootstrap-executor-%d] INFO  c.n.d.s.r.aws.ConfigClusterResolver - Resolving eureka endpoints via configuration
2025-07-16 18:25:16.072 [main] INFO  M.a.AuthServiceApplication - Starting AuthServiceApplication using Java 17.0.15 with PID 7436 (E:\miosm\auth-service\build\classes\java\main started by admin in E:\miosm\auth-service)
2025-07-16 18:25:16.085 [main] INFO  M.a.AuthServiceApplication - No active profile set, falling back to 1 default profile: "default"
2025-07-16 18:25:19.021 [main] INFO  o.s.cloud.context.scope.GenericScope - BeanFactory id=b78c5eb6-8b88-3850-beab-29defd507459
2025-07-16 18:25:19.686 [main] INFO  o.s.b.w.e.tomcat.TomcatWebServer - Tomcat initialized with port 8081 (http)
2025-07-16 18:25:19.706 [main] INFO  o.a.coyote.http11.Http11NioProtocol - Initializing ProtocolHandler ["http-nio-8081"]
2025-07-16 18:25:19.710 [main] INFO  o.a.catalina.core.StandardService - Starting service [Tomcat]
2025-07-16 18:25:19.710 [main] INFO  o.a.catalina.core.StandardEngine - Starting Servlet engine: [Apache Tomcat/10.1.42]
2025-07-16 18:25:19.879 [main] INFO  o.a.c.c.C.[Tomcat].[localhost].[/] - Initializing Spring embedded WebApplicationContext
2025-07-16 18:25:19.882 [main] INFO  o.s.b.w.s.c.ServletWebServerApplicationContext - Root WebApplicationContext: initialization completed in 3607 ms
2025-07-16 18:25:21.270 [main] INFO  o.s.c.o.FeignClientFactoryBean - For 'user-service' URL not provided. Will try picking an instance via load-balancing.
2025-07-16 18:25:23.018 [main] INFO  o.s.c.n.e.c.DiscoveryClientOptionalArgsConfiguration - Eureka HTTP Client uses RestTemplate.
2025-07-16 18:25:23.216 [main] WARN  o.s.c.l.c.LoadBalancerCacheAutoConfiguration$LoadBalancerCaffeineWarnLogger - Spring Cloud LoadBalancer is currently working with the default cache. While this cache implementation is useful for development and tests, it's recommended to use Caffeine cache in production.You can switch to using Caffeine cache, by adding it and org.springframework.cache.caffeine.CaffeineCacheManager to the classpath.
2025-07-16 18:25:23.284 [main] INFO  o.s.c.n.eureka.InstanceInfoFactory - Setting initial instance status as: STARTING
2025-07-16 18:25:23.342 [main] INFO  c.netflix.discovery.DiscoveryClient - Initializing Eureka in region us-east-1
2025-07-16 18:25:23.354 [main] INFO  c.n.d.s.r.aws.ConfigClusterResolver - Resolving eureka endpoints via configuration
2025-07-16 18:25:23.379 [main] INFO  c.netflix.discovery.DiscoveryClient - Disable delta property : false
2025-07-16 18:25:23.380 [main] INFO  c.netflix.discovery.DiscoveryClient - Single vip registry refresh property : null
2025-07-16 18:25:23.380 [main] INFO  c.netflix.discovery.DiscoveryClient - Force full registry fetch : false
2025-07-16 18:25:23.380 [main] INFO  c.netflix.discovery.DiscoveryClient - Application is null : false
2025-07-16 18:25:23.380 [main] INFO  c.netflix.discovery.DiscoveryClient - Registered Applications size is zero : true
2025-07-16 18:25:23.380 [main] INFO  c.netflix.discovery.DiscoveryClient - Application version is -1: true
2025-07-16 18:25:23.381 [main] INFO  c.netflix.discovery.DiscoveryClient - Getting all instance registry info from the eureka server
2025-07-16 18:25:24.265 [main] INFO  c.netflix.discovery.DiscoveryClient - The response status is 200
2025-07-16 18:25:24.269 [main] INFO  c.netflix.discovery.DiscoveryClient - Starting heartbeat executor: renew interval is: 30
2025-07-16 18:25:24.275 [main] INFO  c.n.discovery.InstanceInfoReplicator - InstanceInfoReplicator onDemand update allowed rate per min is 4
2025-07-16 18:25:24.279 [main] INFO  c.netflix.discovery.DiscoveryClient - Discovery Client initialized at timestamp 1752683124277 with initial instances count: 3
2025-07-16 18:25:24.286 [main] INFO  o.s.c.n.e.s.EurekaServiceRegistry - Registering application AUTH-SERVICE with eureka with status UP
2025-07-16 18:25:24.287 [main] INFO  c.netflix.discovery.DiscoveryClient - Saw local status change event StatusChangeEvent [timestamp=1752683124287, current=UP, previous=STARTING]
2025-07-16 18:25:24.290 [main] INFO  o.a.coyote.http11.Http11NioProtocol - Starting ProtocolHandler ["http-nio-8081"]
2025-07-16 18:25:24.290 [DiscoveryClient-InstanceInfoReplicator-%d] INFO  c.netflix.discovery.DiscoveryClient - DiscoveryClient_AUTH-SERVICE/192.168.137.1:auth-service:8081: registering service...
2025-07-16 18:25:24.344 [main] INFO  o.s.b.w.e.tomcat.TomcatWebServer - Tomcat started on port 8081 (http) with context path '/'
2025-07-16 18:25:24.348 [main] INFO  o.s.c.n.e.s.EurekaAutoServiceRegistration - Updating port to 8081
2025-07-16 18:25:24.407 [DiscoveryClient-InstanceInfoReplicator-%d] INFO  c.netflix.discovery.DiscoveryClient - DiscoveryClient_AUTH-SERVICE/192.168.137.1:auth-service:8081 - registration status: 204
2025-07-16 18:25:24.576 [main] INFO  M.a.AuthServiceApplication - Started AuthServiceApplication in 10.133 seconds (process running for 11.382)
2025-07-16 18:26:03.528 [http-nio-8081-exec-2] INFO  o.a.c.c.C.[Tomcat].[localhost].[/] - Initializing Spring DispatcherServlet 'dispatcherServlet'
2025-07-16 18:26:03.529 [http-nio-8081-exec-2] INFO  o.s.web.servlet.DispatcherServlet - Initializing Servlet 'dispatcherServlet'
2025-07-16 18:26:03.530 [http-nio-8081-exec-2] INFO  o.s.web.servlet.DispatcherServlet - Completed initialization in 1 ms
2025-07-16 18:26:12.494 [http-nio-8081-exec-3] ERROR M.a.service.AuthServiceImpl - Error registering user: 403 Forbidden from POST http://localhost:8082/admin/realms/myrealm/users
2025-07-16 18:26:55.414 [main] INFO  M.a.AuthServiceApplication - Starting AuthServiceApplication using Java 17.0.15 with PID 5732 (E:\miosm\auth-service\build\classes\java\main started by admin in E:\miosm\auth-service)
2025-07-16 18:26:55.420 [main] INFO  M.a.AuthServiceApplication - No active profile set, falling back to 1 default profile: "default"
2025-07-16 18:26:57.748 [main] INFO  o.s.cloud.context.scope.GenericScope - BeanFactory id=b78c5eb6-8b88-3850-beab-29defd507459
2025-07-16 18:26:58.281 [main] INFO  o.s.b.w.e.tomcat.TomcatWebServer - Tomcat initialized with port 8081 (http)
2025-07-16 18:26:58.298 [main] INFO  o.a.coyote.http11.Http11NioProtocol - Initializing ProtocolHandler ["http-nio-8081"]
2025-07-16 18:26:58.301 [main] INFO  o.a.catalina.core.StandardService - Starting service [Tomcat]
2025-07-16 18:26:58.301 [main] INFO  o.a.catalina.core.StandardEngine - Starting Servlet engine: [Apache Tomcat/10.1.42]
2025-07-16 18:26:58.440 [main] INFO  o.a.c.c.C.[Tomcat].[localhost].[/] - Initializing Spring embedded WebApplicationContext
2025-07-16 18:26:58.443 [main] INFO  o.s.b.w.s.c.ServletWebServerApplicationContext - Root WebApplicationContext: initialization completed in 2936 ms
2025-07-16 18:26:59.426 [main] INFO  o.s.c.o.FeignClientFactoryBean - For 'user-service' URL not provided. Will try picking an instance via load-balancing.
2025-07-16 18:27:00.889 [main] INFO  o.s.c.n.e.c.DiscoveryClientOptionalArgsConfiguration - Eureka HTTP Client uses RestTemplate.
2025-07-16 18:27:01.052 [main] WARN  o.s.c.l.c.LoadBalancerCacheAutoConfiguration$LoadBalancerCaffeineWarnLogger - Spring Cloud LoadBalancer is currently working with the default cache. While this cache implementation is useful for development and tests, it's recommended to use Caffeine cache in production.You can switch to using Caffeine cache, by adding it and org.springframework.cache.caffeine.CaffeineCacheManager to the classpath.
2025-07-16 18:27:01.108 [main] INFO  o.s.c.n.eureka.InstanceInfoFactory - Setting initial instance status as: STARTING
2025-07-16 18:27:01.157 [main] INFO  c.netflix.discovery.DiscoveryClient - Initializing Eureka in region us-east-1
2025-07-16 18:27:01.170 [main] INFO  c.n.d.s.r.aws.ConfigClusterResolver - Resolving eureka endpoints via configuration
2025-07-16 18:27:01.191 [main] INFO  c.netflix.discovery.DiscoveryClient - Disable delta property : false
2025-07-16 18:27:01.192 [main] INFO  c.netflix.discovery.DiscoveryClient - Single vip registry refresh property : null
2025-07-16 18:27:01.192 [main] INFO  c.netflix.discovery.DiscoveryClient - Force full registry fetch : false
2025-07-16 18:27:01.192 [main] INFO  c.netflix.discovery.DiscoveryClient - Application is null : false
2025-07-16 18:27:01.192 [main] INFO  c.netflix.discovery.DiscoveryClient - Registered Applications size is zero : true
2025-07-16 18:27:01.192 [main] INFO  c.netflix.discovery.DiscoveryClient - Application version is -1: true
2025-07-16 18:27:01.193 [main] INFO  c.netflix.discovery.DiscoveryClient - Getting all instance registry info from the eureka server
2025-07-16 18:27:02.073 [main] INFO  c.netflix.discovery.DiscoveryClient - The response status is 200
2025-07-16 18:27:02.078 [main] INFO  c.netflix.discovery.DiscoveryClient - Starting heartbeat executor: renew interval is: 30
2025-07-16 18:27:02.082 [main] INFO  c.n.discovery.InstanceInfoReplicator - InstanceInfoReplicator onDemand update allowed rate per min is 4
2025-07-16 18:27:02.085 [main] INFO  c.netflix.discovery.DiscoveryClient - Discovery Client initialized at timestamp 1752683222083 with initial instances count: 3
2025-07-16 18:27:02.091 [main] INFO  o.s.c.n.e.s.EurekaServiceRegistry - Registering application AUTH-SERVICE with eureka with status UP
2025-07-16 18:27:02.093 [main] INFO  c.netflix.discovery.DiscoveryClient - Saw local status change event StatusChangeEvent [timestamp=1752683222092, current=UP, previous=STARTING]
2025-07-16 18:27:02.097 [main] INFO  o.a.coyote.http11.Http11NioProtocol - Starting ProtocolHandler ["http-nio-8081"]
2025-07-16 18:27:02.097 [DiscoveryClient-InstanceInfoReplicator-%d] INFO  c.netflix.discovery.DiscoveryClient - DiscoveryClient_AUTH-SERVICE/192.168.137.1:auth-service:8081: registering service...
2025-07-16 18:27:02.150 [main] INFO  o.s.b.w.e.tomcat.TomcatWebServer - Tomcat started on port 8081 (http) with context path '/'
2025-07-16 18:27:02.151 [main] INFO  o.s.c.n.e.s.EurekaAutoServiceRegistration - Updating port to 8081
2025-07-16 18:27:02.189 [DiscoveryClient-InstanceInfoReplicator-%d] INFO  c.netflix.discovery.DiscoveryClient - DiscoveryClient_AUTH-SERVICE/192.168.137.1:auth-service:8081 - registration status: 204
2025-07-16 18:27:02.347 [main] INFO  M.a.AuthServiceApplication - Started AuthServiceApplication in 8.207 seconds (process running for 9.148)
2025-07-16 18:27:30.182 [http-nio-8081-exec-2] INFO  o.a.c.c.C.[Tomcat].[localhost].[/] - Initializing Spring DispatcherServlet 'dispatcherServlet'
2025-07-16 18:27:30.183 [http-nio-8081-exec-2] INFO  o.s.web.servlet.DispatcherServlet - Initializing Servlet 'dispatcherServlet'
2025-07-16 18:27:30.185 [http-nio-8081-exec-2] INFO  o.s.web.servlet.DispatcherServlet - Completed initialization in 2 ms
2025-07-16 18:27:31.446 [http-nio-8081-exec-2] ERROR M.a.service.AuthServiceImpl - Error registering user: 403 Forbidden from POST http://localhost:8082/admin/realms/myrealm/users
2025-07-16 18:27:33.577 [http-nio-8081-exec-3] ERROR M.a.service.AuthServiceImpl - Error registering user: 403 Forbidden from POST http://localhost:8082/admin/realms/myrealm/users
2025-07-16 19:14:50.349 [main] INFO  M.a.AuthServiceApplication - Starting AuthServiceApplication using Java 17.0.15 with PID 2352 (E:\miosm\auth-service\build\classes\java\main started by admin in E:\miosm\auth-service)
2025-07-16 19:14:50.356 [main] INFO  M.a.AuthServiceApplication - No active profile set, falling back to 1 default profile: "default"
2025-07-16 19:14:52.211 [main] INFO  o.s.cloud.context.scope.GenericScope - BeanFactory id=f7d63703-cfcd-37a6-97fb-cc73ddd5d5f2
2025-07-16 19:14:53.126 [main] INFO  o.s.b.w.e.tomcat.TomcatWebServer - Tomcat initialized with port 8081 (http)
2025-07-16 19:14:53.146 [main] INFO  o.a.coyote.http11.Http11NioProtocol - Initializing ProtocolHandler ["http-nio-8081"]
2025-07-16 19:14:53.151 [main] INFO  o.a.catalina.core.StandardService - Starting service [Tomcat]
2025-07-16 19:14:53.151 [main] INFO  o.a.catalina.core.StandardEngine - Starting Servlet engine: [Apache Tomcat/10.1.42]
2025-07-16 19:14:53.312 [main] INFO  o.a.c.c.C.[Tomcat].[localhost].[/] - Initializing Spring embedded WebApplicationContext
2025-07-16 19:14:53.314 [main] INFO  o.s.b.w.s.c.ServletWebServerApplicationContext - Root WebApplicationContext: initialization completed in 2870 ms
2025-07-16 19:14:54.284 [main] INFO  o.s.c.o.FeignClientFactoryBean - For 'user-service' URL not provided. Will try picking an instance via load-balancing.
2025-07-16 19:14:54.357 [main] WARN  o.s.b.w.s.c.AnnotationConfigServletWebServerApplicationContext - Exception encountered during context initialization - cancelling refresh attempt: org.springframework.beans.factory.UnsatisfiedDependencyException: Error creating bean with name 'authController' defined in file [E:\miosm\auth-service\build\classes\java\main\MIOSM\auth_service\controller\AuthController.class]: Unsatisfied dependency expressed through constructor parameter 0: Error creating bean with name 'authServiceImpl': Injection of autowired dependencies failed
2025-07-16 19:14:54.360 [main] INFO  o.a.catalina.core.StandardService - Stopping service [Tomcat]
2025-07-16 19:14:54.400 [main] INFO  o.s.b.a.l.ConditionEvaluationReportLogger - 

Error starting ApplicationContext. To display the condition evaluation report re-run your application with 'debug' enabled.
2025-07-16 19:14:54.443 [main] ERROR o.s.boot.SpringApplication - Application run failed
org.springframework.beans.factory.UnsatisfiedDependencyException: Error creating bean with name 'authController' defined in file [E:\miosm\auth-service\build\classes\java\main\MIOSM\auth_service\controller\AuthController.class]: Unsatisfied dependency expressed through constructor parameter 0: Error creating bean with name 'authServiceImpl': Injection of autowired dependencies failed
	at org.springframework.beans.factory.support.ConstructorResolver.createArgumentArray(ConstructorResolver.java:804)
	at org.springframework.beans.factory.support.ConstructorResolver.autowireConstructor(ConstructorResolver.java:240)
	at org.springframework.beans.factory.support.AbstractAutowireCapableBeanFactory.autowireConstructor(AbstractAutowireCapableBeanFactory.java:1395)
	at org.springframework.beans.factory.support.AbstractAutowireCapableBeanFactory.createBeanInstance(AbstractAutowireCapableBeanFactory.java:1232)
	at org.springframework.beans.factory.support.AbstractAutowireCapableBeanFactory.doCreateBean(AbstractAutowireCapableBeanFactory.java:569)
	at org.springframework.beans.factory.support.AbstractAutowireCapableBeanFactory.createBean(AbstractAutowireCapableBeanFactory.java:529)
	at org.springframework.beans.factory.support.AbstractBeanFactory.lambda$doGetBean$0(AbstractBeanFactory.java:339)
	at org.springframework.beans.factory.support.DefaultSingletonBeanRegistry.getSingleton(DefaultSingletonBeanRegistry.java:373)
	at org.springframework.beans.factory.support.AbstractBeanFactory.doGetBean(AbstractBeanFactory.java:337)
	at org.springframework.beans.factory.support.AbstractBeanFactory.getBean(AbstractBeanFactory.java:202)
	at org.springframework.beans.factory.support.DefaultListableBeanFactory.instantiateSingleton(DefaultListableBeanFactory.java:1222)
	at org.springframework.beans.factory.support.DefaultListableBeanFactory.preInstantiateSingleton(DefaultListableBeanFactory.java:1188)
	at org.springframework.beans.factory.support.DefaultListableBeanFactory.preInstantiateSingletons(DefaultListableBeanFactory.java:1123)
	at org.springframework.context.support.AbstractApplicationContext.finishBeanFactoryInitialization(AbstractApplicationContext.java:987)
	at org.springframework.context.support.AbstractApplicationContext.refresh(AbstractApplicationContext.java:627)
	at org.springframework.boot.web.servlet.context.ServletWebServerApplicationContext.refresh(ServletWebServerApplicationContext.java:146)
	at org.springframework.boot.SpringApplication.refresh(SpringApplication.java:752)
	at org.springframework.boot.SpringApplication.refreshContext(SpringApplication.java:439)
	at org.springframework.boot.SpringApplication.run(SpringApplication.java:318)
	at org.springframework.boot.SpringApplication.run(SpringApplication.java:1361)
	at org.springframework.boot.SpringApplication.run(SpringApplication.java:1350)
	at MIOSM.auth_service.AuthServiceApplication.main(AuthServiceApplication.java:12)
Caused by: org.springframework.beans.factory.BeanCreationException: Error creating bean with name 'authServiceImpl': Injection of autowired dependencies failed
	at org.springframework.beans.factory.annotation.AutowiredAnnotationBeanPostProcessor.postProcessProperties(AutowiredAnnotationBeanPostProcessor.java:515)
	at org.springframework.beans.factory.support.AbstractAutowireCapableBeanFactory.populateBean(AbstractAutowireCapableBeanFactory.java:1459)
	at org.springframework.beans.factory.support.AbstractAutowireCapableBeanFactory.doCreateBean(AbstractAutowireCapableBeanFactory.java:606)
	at org.springframework.beans.factory.support.AbstractAutowireCapableBeanFactory.createBean(AbstractAutowireCapableBeanFactory.java:529)
	at org.springframework.beans.factory.support.AbstractBeanFactory.lambda$doGetBean$0(AbstractBeanFactory.java:339)
	at org.springframework.beans.factory.support.DefaultSingletonBeanRegistry.getSingleton(DefaultSingletonBeanRegistry.java:373)
	at org.springframework.beans.factory.support.AbstractBeanFactory.doGetBean(AbstractBeanFactory.java:337)
	at org.springframework.beans.factory.support.AbstractBeanFactory.getBean(AbstractBeanFactory.java:202)
	at org.springframework.beans.factory.config.DependencyDescriptor.resolveCandidate(DependencyDescriptor.java:254)
	at org.springframework.beans.factory.support.DefaultListableBeanFactory.doResolveDependency(DefaultListableBeanFactory.java:1745)
	at org.springframework.beans.factory.support.DefaultListableBeanFactory.resolveDependency(DefaultListableBeanFactory.java:1628)
	at org.springframework.beans.factory.support.ConstructorResolver.resolveAutowiredArgument(ConstructorResolver.java:913)
	at org.springframework.beans.factory.support.ConstructorResolver.createArgumentArray(ConstructorResolver.java:791)
	... 21 common frames omitted
Caused by: org.springframework.util.PlaceholderResolutionException: Could not resolve placeholder 'keycloak.auth-server-url' in value "${keycloak.auth-server-url}"
	at org.springframework.util.PlaceholderResolutionException.withValue(PlaceholderResolutionException.java:81)
	at org.springframework.util.PlaceholderParser$ParsedValue.resolve(PlaceholderParser.java:423)
	at org.springframework.util.PlaceholderParser.replacePlaceholders(PlaceholderParser.java:128)
	at org.springframework.util.PropertyPlaceholderHelper.parseStringValue(PropertyPlaceholderHelper.java:118)
	at org.springframework.util.PropertyPlaceholderHelper.replacePlaceholders(PropertyPlaceholderHelper.java:114)
	at org.springframework.core.env.AbstractPropertyResolver.doResolvePlaceholders(AbstractPropertyResolver.java:293)
	at org.springframework.core.env.AbstractPropertyResolver.resolveRequiredPlaceholders(AbstractPropertyResolver.java:264)
	at org.springframework.context.support.PropertySourcesPlaceholderConfigurer.lambda$processProperties$0(PropertySourcesPlaceholderConfigurer.java:186)
	at org.springframework.beans.factory.support.AbstractBeanFactory.resolveEmbeddedValue(AbstractBeanFactory.java:971)
	at org.springframework.beans.factory.support.DefaultListableBeanFactory.doResolveDependency(DefaultListableBeanFactory.java:1650)
	at org.springframework.beans.factory.support.DefaultListableBeanFactory.resolveDependency(DefaultListableBeanFactory.java:1628)
	at org.springframework.beans.factory.annotation.AutowiredAnnotationBeanPostProcessor$AutowiredFieldElement.resolveFieldValue(AutowiredAnnotationBeanPostProcessor.java:785)
	at org.springframework.beans.factory.annotation.AutowiredAnnotationBeanPostProcessor$AutowiredFieldElement.inject(AutowiredAnnotationBeanPostProcessor.java:768)
	at org.springframework.beans.factory.annotation.InjectionMetadata.inject(InjectionMetadata.java:146)
	at org.springframework.beans.factory.annotation.AutowiredAnnotationBeanPostProcessor.postProcessProperties(AutowiredAnnotationBeanPostProcessor.java:509)
	... 33 common frames omitted
2025-07-16 19:19:12.489 [main] INFO  M.a.AuthServiceApplication - Starting AuthServiceApplication using Java 17.0.15 with PID 11492 (E:\miosm\auth-service\build\classes\java\main started by admin in E:\miosm\auth-service)
2025-07-16 19:19:12.495 [main] INFO  M.a.AuthServiceApplication - No active profile set, falling back to 1 default profile: "default"
2025-07-16 19:19:14.417 [main] INFO  o.s.cloud.context.scope.GenericScope - BeanFactory id=f7d63703-cfcd-37a6-97fb-cc73ddd5d5f2
2025-07-16 19:19:15.075 [main] INFO  o.s.b.w.e.tomcat.TomcatWebServer - Tomcat initialized with port 8081 (http)
2025-07-16 19:19:15.095 [main] INFO  o.a.coyote.http11.Http11NioProtocol - Initializing ProtocolHandler ["http-nio-8081"]
2025-07-16 19:19:15.099 [main] INFO  o.a.catalina.core.StandardService - Starting service [Tomcat]
2025-07-16 19:19:15.099 [main] INFO  o.a.catalina.core.StandardEngine - Starting Servlet engine: [Apache Tomcat/10.1.42]
2025-07-16 19:19:15.234 [main] INFO  o.a.c.c.C.[Tomcat].[localhost].[/] - Initializing Spring embedded WebApplicationContext
2025-07-16 19:19:15.237 [main] INFO  o.s.b.w.s.c.ServletWebServerApplicationContext - Root WebApplicationContext: initialization completed in 2659 ms
2025-07-16 19:19:16.227 [main] INFO  o.s.c.o.FeignClientFactoryBean - For 'user-service' URL not provided. Will try picking an instance via load-balancing.
2025-07-16 19:19:17.595 [main] INFO  o.s.c.n.e.c.DiscoveryClientOptionalArgsConfiguration - Eureka HTTP Client uses RestTemplate.
2025-07-16 19:19:17.757 [main] WARN  o.s.c.l.c.LoadBalancerCacheAutoConfiguration$LoadBalancerCaffeineWarnLogger - Spring Cloud LoadBalancer is currently working with the default cache. While this cache implementation is useful for development and tests, it's recommended to use Caffeine cache in production.You can switch to using Caffeine cache, by adding it and org.springframework.cache.caffeine.CaffeineCacheManager to the classpath.
2025-07-16 19:19:17.815 [main] INFO  o.s.c.n.eureka.InstanceInfoFactory - Setting initial instance status as: STARTING
2025-07-16 19:19:17.850 [main] INFO  c.netflix.discovery.DiscoveryClient - Initializing Eureka in region us-east-1
2025-07-16 19:19:17.857 [main] INFO  c.n.d.s.r.aws.ConfigClusterResolver - Resolving eureka endpoints via configuration
2025-07-16 19:19:17.870 [main] INFO  c.netflix.discovery.DiscoveryClient - Disable delta property : false
2025-07-16 19:19:17.871 [main] INFO  c.netflix.discovery.DiscoveryClient - Single vip registry refresh property : null
2025-07-16 19:19:17.871 [main] INFO  c.netflix.discovery.DiscoveryClient - Force full registry fetch : false
2025-07-16 19:19:17.871 [main] INFO  c.netflix.discovery.DiscoveryClient - Application is null : false
2025-07-16 19:19:17.871 [main] INFO  c.netflix.discovery.DiscoveryClient - Registered Applications size is zero : true
2025-07-16 19:19:17.871 [main] INFO  c.netflix.discovery.DiscoveryClient - Application version is -1: true
2025-07-16 19:19:17.872 [main] INFO  c.netflix.discovery.DiscoveryClient - Getting all instance registry info from the eureka server
2025-07-16 19:19:18.460 [main] INFO  c.netflix.discovery.DiscoveryClient - The response status is 200
2025-07-16 19:19:18.464 [main] INFO  c.netflix.discovery.DiscoveryClient - Starting heartbeat executor: renew interval is: 30
2025-07-16 19:19:18.466 [main] INFO  c.n.discovery.InstanceInfoReplicator - InstanceInfoReplicator onDemand update allowed rate per min is 4
2025-07-16 19:19:18.470 [main] INFO  c.netflix.discovery.DiscoveryClient - Discovery Client initialized at timestamp 1752686358468 with initial instances count: 2
2025-07-16 19:19:18.479 [main] INFO  o.s.c.n.e.s.EurekaServiceRegistry - Registering application AUTH-SERVICE with eureka with status UP
2025-07-16 19:19:18.481 [main] INFO  c.netflix.discovery.DiscoveryClient - Saw local status change event StatusChangeEvent [timestamp=1752686358481, current=UP, previous=STARTING]
2025-07-16 19:19:18.484 [main] INFO  o.a.coyote.http11.Http11NioProtocol - Starting ProtocolHandler ["http-nio-8081"]
2025-07-16 19:19:18.484 [DiscoveryClient-InstanceInfoReplicator-%d] INFO  c.netflix.discovery.DiscoveryClient - DiscoveryClient_AUTH-SERVICE/192.168.137.1:auth-service:8081: registering service...
2025-07-16 19:19:18.525 [main] INFO  o.s.b.w.e.tomcat.TomcatWebServer - Tomcat started on port 8081 (http) with context path '/'
2025-07-16 19:19:18.528 [main] INFO  o.s.c.n.e.s.EurekaAutoServiceRegistration - Updating port to 8081
2025-07-16 19:19:18.594 [DiscoveryClient-InstanceInfoReplicator-%d] INFO  c.netflix.discovery.DiscoveryClient - DiscoveryClient_AUTH-SERVICE/192.168.137.1:auth-service:8081 - registration status: 204
2025-07-16 19:19:18.703 [main] INFO  M.a.AuthServiceApplication - Started AuthServiceApplication in 7.313 seconds (process running for 8.183)
2025-07-16 19:19:26.228 [http-nio-8081-exec-1] INFO  o.a.c.c.C.[Tomcat].[localhost].[/] - Initializing Spring DispatcherServlet 'dispatcherServlet'
2025-07-16 19:19:26.229 [http-nio-8081-exec-1] INFO  o.s.web.servlet.DispatcherServlet - Initializing Servlet 'dispatcherServlet'
2025-07-16 19:19:26.230 [http-nio-8081-exec-1] INFO  o.s.web.servlet.DispatcherServlet - Completed initialization in 1 ms
2025-07-16 19:19:26.989 [http-nio-8081-exec-1] ERROR M.a.service.AuthServiceImpl - Failed to get admin access token: 401 Unauthorized from POST http://localhost:8081/realms/myrealm/protocol/openid-connect/token
2025-07-16 19:22:07.378 [main] INFO  M.a.AuthServiceApplication - Starting AuthServiceApplication using Java 17.0.15 with PID 16260 (E:\miosm\auth-service\build\classes\java\main started by admin in E:\miosm\auth-service)
2025-07-16 19:22:07.383 [main] INFO  M.a.AuthServiceApplication - No active profile set, falling back to 1 default profile: "default"
2025-07-16 19:22:09.212 [main] INFO  o.s.cloud.context.scope.GenericScope - BeanFactory id=1629168b-afac-3923-a6a8-f1d16c84e207
2025-07-16 19:22:09.760 [main] INFO  o.s.b.w.e.tomcat.TomcatWebServer - Tomcat initialized with port 8081 (http)
2025-07-16 19:22:09.775 [main] INFO  o.a.coyote.http11.Http11NioProtocol - Initializing ProtocolHandler ["http-nio-8081"]
2025-07-16 19:22:09.778 [main] INFO  o.a.catalina.core.StandardService - Starting service [Tomcat]
2025-07-16 19:22:09.778 [main] INFO  o.a.catalina.core.StandardEngine - Starting Servlet engine: [Apache Tomcat/10.1.42]
2025-07-16 19:22:09.897 [main] INFO  o.a.c.c.C.[Tomcat].[localhost].[/] - Initializing Spring embedded WebApplicationContext
2025-07-16 19:22:09.899 [main] INFO  o.s.b.w.s.c.ServletWebServerApplicationContext - Root WebApplicationContext: initialization completed in 2420 ms
2025-07-16 19:22:10.788 [main] INFO  o.s.c.o.FeignClientFactoryBean - For 'user-service' URL not provided. Will try picking an instance via load-balancing.
2025-07-16 19:22:12.070 [main] INFO  o.s.c.n.e.c.DiscoveryClientOptionalArgsConfiguration - Eureka HTTP Client uses RestTemplate.
2025-07-16 19:22:12.213 [main] WARN  o.s.c.l.c.LoadBalancerCacheAutoConfiguration$LoadBalancerCaffeineWarnLogger - Spring Cloud LoadBalancer is currently working with the default cache. While this cache implementation is useful for development and tests, it's recommended to use Caffeine cache in production.You can switch to using Caffeine cache, by adding it and org.springframework.cache.caffeine.CaffeineCacheManager to the classpath.
2025-07-16 19:22:12.272 [main] INFO  o.s.c.n.eureka.InstanceInfoFactory - Setting initial instance status as: STARTING
2025-07-16 19:22:12.316 [main] INFO  c.netflix.discovery.DiscoveryClient - Initializing Eureka in region us-east-1
2025-07-16 19:22:12.325 [main] INFO  c.n.d.s.r.aws.ConfigClusterResolver - Resolving eureka endpoints via configuration
2025-07-16 19:22:12.342 [main] INFO  c.netflix.discovery.DiscoveryClient - Disable delta property : false
2025-07-16 19:22:12.342 [main] INFO  c.netflix.discovery.DiscoveryClient - Single vip registry refresh property : null
2025-07-16 19:22:12.342 [main] INFO  c.netflix.discovery.DiscoveryClient - Force full registry fetch : false
2025-07-16 19:22:12.343 [main] INFO  c.netflix.discovery.DiscoveryClient - Application is null : false
2025-07-16 19:22:12.343 [main] INFO  c.netflix.discovery.DiscoveryClient - Registered Applications size is zero : true
2025-07-16 19:22:12.343 [main] INFO  c.netflix.discovery.DiscoveryClient - Application version is -1: true
2025-07-16 19:22:12.343 [main] INFO  c.netflix.discovery.DiscoveryClient - Getting all instance registry info from the eureka server
2025-07-16 19:22:13.192 [main] INFO  c.netflix.discovery.DiscoveryClient - The response status is 200
2025-07-16 19:22:13.196 [main] INFO  c.netflix.discovery.DiscoveryClient - Starting heartbeat executor: renew interval is: 30
2025-07-16 19:22:13.199 [main] INFO  c.n.discovery.InstanceInfoReplicator - InstanceInfoReplicator onDemand update allowed rate per min is 4
2025-07-16 19:22:13.203 [main] INFO  c.netflix.discovery.DiscoveryClient - Discovery Client initialized at timestamp 1752686533201 with initial instances count: 3
2025-07-16 19:22:13.209 [main] INFO  o.s.c.n.e.s.EurekaServiceRegistry - Registering application AUTH-SERVICE with eureka with status UP
2025-07-16 19:22:13.210 [main] INFO  c.netflix.discovery.DiscoveryClient - Saw local status change event StatusChangeEvent [timestamp=1752686533210, current=UP, previous=STARTING]
2025-07-16 19:22:13.212 [DiscoveryClient-InstanceInfoReplicator-%d] INFO  c.netflix.discovery.DiscoveryClient - DiscoveryClient_AUTH-SERVICE/192.168.137.1:auth-service:8081: registering service...
2025-07-16 19:22:13.213 [main] INFO  o.a.coyote.http11.Http11NioProtocol - Starting ProtocolHandler ["http-nio-8081"]
2025-07-16 19:22:13.238 [main] INFO  o.s.b.w.e.tomcat.TomcatWebServer - Tomcat started on port 8081 (http) with context path '/'
2025-07-16 19:22:13.240 [main] INFO  o.s.c.n.e.s.EurekaAutoServiceRegistration - Updating port to 8081
2025-07-16 19:22:13.265 [DiscoveryClient-InstanceInfoReplicator-%d] INFO  c.netflix.discovery.DiscoveryClient - DiscoveryClient_AUTH-SERVICE/192.168.137.1:auth-service:8081 - registration status: 204
2025-07-16 19:22:13.399 [main] INFO  M.a.AuthServiceApplication - Started AuthServiceApplication in 7.107 seconds (process running for 8.039)
2025-07-16 19:22:56.381 [http-nio-8081-exec-2] INFO  o.a.c.c.C.[Tomcat].[localhost].[/] - Initializing Spring DispatcherServlet 'dispatcherServlet'
2025-07-16 19:22:56.382 [http-nio-8081-exec-2] INFO  o.s.web.servlet.DispatcherServlet - Initializing Servlet 'dispatcherServlet'
2025-07-16 19:22:56.383 [http-nio-8081-exec-2] INFO  o.s.web.servlet.DispatcherServlet - Completed initialization in 1 ms
2025-07-16 19:22:57.126 [http-nio-8081-exec-2] ERROR M.a.service.AuthServiceImpl - Failed to get admin access token: 403 Forbidden from POST http://localhost:8081/realms/myrealm/protocol/openid-connect/token
2025-07-16 19:23:35.594 [http-nio-8081-exec-4] ERROR M.a.exception.GlobalExceptionHandler - Unhandled exception: Content-Type 'application/x-www-form-urlencoded;charset=UTF-8' is not supported
2025-07-16 19:23:41.335 [http-nio-8081-exec-6] ERROR M.a.exception.GlobalExceptionHandler - Unhandled exception: Required request body is missing: public org.springframework.http.ResponseEntity<?> MIOSM.auth_service.controller.AuthController.register(MIOSM.auth_service.dto.RegisterRequest)
2025-07-16 19:23:44.378 [http-nio-8081-exec-9] ERROR M.a.exception.GlobalExceptionHandler - Unhandled exception: Required request body is missing: public org.springframework.http.ResponseEntity<?> MIOSM.auth_service.controller.AuthController.register(MIOSM.auth_service.dto.RegisterRequest)
2025-07-16 19:23:49.344 [http-nio-8081-exec-1] ERROR M.a.service.AuthServiceImpl - Failed to get admin access token: 403 Forbidden from POST http://localhost:8081/realms/myrealm/protocol/openid-connect/token
2025-07-16 19:24:28.565 [http-nio-8081-exec-4] ERROR M.a.service.AuthServiceImpl - Failed to get admin access token: 403 Forbidden from POST http://localhost:8081/realms/myrealm/protocol/openid-connect/token
2025-07-16 19:24:37.022 [http-nio-8081-exec-8] ERROR M.a.service.AuthServiceImpl - Failed to get admin access token: 403 Forbidden from POST http://localhost:8081/realms/myrealm/protocol/openid-connect/token
2025-07-16 19:25:29.026 [main] INFO  M.a.AuthServiceApplication - Starting AuthServiceApplication using Java 17.0.15 with PID 15084 (E:\miosm\auth-service\build\classes\java\main started by admin in E:\miosm\auth-service)
2025-07-16 19:25:29.032 [main] INFO  M.a.AuthServiceApplication - No active profile set, falling back to 1 default profile: "default"
2025-07-16 19:25:31.011 [main] INFO  o.s.cloud.context.scope.GenericScope - BeanFactory id=b78c5eb6-8b88-3850-beab-29defd507459
2025-07-16 19:25:31.479 [main] INFO  o.s.b.w.e.tomcat.TomcatWebServer - Tomcat initialized with port 8081 (http)
2025-07-16 19:25:31.493 [main] INFO  o.a.coyote.http11.Http11NioProtocol - Initializing ProtocolHandler ["http-nio-8081"]
2025-07-16 19:25:31.496 [main] INFO  o.a.catalina.core.StandardService - Starting service [Tomcat]
2025-07-16 19:25:31.496 [main] INFO  o.a.catalina.core.StandardEngine - Starting Servlet engine: [Apache Tomcat/10.1.42]
2025-07-16 19:25:31.606 [main] INFO  o.a.c.c.C.[Tomcat].[localhost].[/] - Initializing Spring embedded WebApplicationContext
2025-07-16 19:25:31.608 [main] INFO  o.s.b.w.s.c.ServletWebServerApplicationContext - Root WebApplicationContext: initialization completed in 2493 ms
2025-07-16 19:25:32.480 [main] INFO  o.s.c.o.FeignClientFactoryBean - For 'user-service' URL not provided. Will try picking an instance via load-balancing.
2025-07-16 19:25:32.562 [main] WARN  o.s.b.w.s.c.AnnotationConfigServletWebServerApplicationContext - Exception encountered during context initialization - cancelling refresh attempt: org.springframework.beans.factory.UnsatisfiedDependencyException: Error creating bean with name 'authController' defined in file [E:\miosm\auth-service\build\classes\java\main\MIOSM\auth_service\controller\AuthController.class]: Unsatisfied dependency expressed through constructor parameter 0: Error creating bean with name 'authServiceImpl': Injection of autowired dependencies failed
2025-07-16 19:25:32.567 [main] INFO  o.a.catalina.core.StandardService - Stopping service [Tomcat]
2025-07-16 19:25:32.605 [main] INFO  o.s.b.a.l.ConditionEvaluationReportLogger - 

Error starting ApplicationContext. To display the condition evaluation report re-run your application with 'debug' enabled.
2025-07-16 19:25:32.643 [main] ERROR o.s.boot.SpringApplication - Application run failed
org.springframework.beans.factory.UnsatisfiedDependencyException: Error creating bean with name 'authController' defined in file [E:\miosm\auth-service\build\classes\java\main\MIOSM\auth_service\controller\AuthController.class]: Unsatisfied dependency expressed through constructor parameter 0: Error creating bean with name 'authServiceImpl': Injection of autowired dependencies failed
	at org.springframework.beans.factory.support.ConstructorResolver.createArgumentArray(ConstructorResolver.java:804)
	at org.springframework.beans.factory.support.ConstructorResolver.autowireConstructor(ConstructorResolver.java:240)
	at org.springframework.beans.factory.support.AbstractAutowireCapableBeanFactory.autowireConstructor(AbstractAutowireCapableBeanFactory.java:1395)
	at org.springframework.beans.factory.support.AbstractAutowireCapableBeanFactory.createBeanInstance(AbstractAutowireCapableBeanFactory.java:1232)
	at org.springframework.beans.factory.support.AbstractAutowireCapableBeanFactory.doCreateBean(AbstractAutowireCapableBeanFactory.java:569)
	at org.springframework.beans.factory.support.AbstractAutowireCapableBeanFactory.createBean(AbstractAutowireCapableBeanFactory.java:529)
	at org.springframework.beans.factory.support.AbstractBeanFactory.lambda$doGetBean$0(AbstractBeanFactory.java:339)
	at org.springframework.beans.factory.support.DefaultSingletonBeanRegistry.getSingleton(DefaultSingletonBeanRegistry.java:373)
	at org.springframework.beans.factory.support.AbstractBeanFactory.doGetBean(AbstractBeanFactory.java:337)
	at org.springframework.beans.factory.support.AbstractBeanFactory.getBean(AbstractBeanFactory.java:202)
	at org.springframework.beans.factory.support.DefaultListableBeanFactory.instantiateSingleton(DefaultListableBeanFactory.java:1222)
	at org.springframework.beans.factory.support.DefaultListableBeanFactory.preInstantiateSingleton(DefaultListableBeanFactory.java:1188)
	at org.springframework.beans.factory.support.DefaultListableBeanFactory.preInstantiateSingletons(DefaultListableBeanFactory.java:1123)
	at org.springframework.context.support.AbstractApplicationContext.finishBeanFactoryInitialization(AbstractApplicationContext.java:987)
	at org.springframework.context.support.AbstractApplicationContext.refresh(AbstractApplicationContext.java:627)
	at org.springframework.boot.web.servlet.context.ServletWebServerApplicationContext.refresh(ServletWebServerApplicationContext.java:146)
	at org.springframework.boot.SpringApplication.refresh(SpringApplication.java:752)
	at org.springframework.boot.SpringApplication.refreshContext(SpringApplication.java:439)
	at org.springframework.boot.SpringApplication.run(SpringApplication.java:318)
	at org.springframework.boot.SpringApplication.run(SpringApplication.java:1361)
	at org.springframework.boot.SpringApplication.run(SpringApplication.java:1350)
	at MIOSM.auth_service.AuthServiceApplication.main(AuthServiceApplication.java:12)
Caused by: org.springframework.beans.factory.BeanCreationException: Error creating bean with name 'authServiceImpl': Injection of autowired dependencies failed
	at org.springframework.beans.factory.annotation.AutowiredAnnotationBeanPostProcessor.postProcessProperties(AutowiredAnnotationBeanPostProcessor.java:515)
	at org.springframework.beans.factory.support.AbstractAutowireCapableBeanFactory.populateBean(AbstractAutowireCapableBeanFactory.java:1459)
	at org.springframework.beans.factory.support.AbstractAutowireCapableBeanFactory.doCreateBean(AbstractAutowireCapableBeanFactory.java:606)
	at org.springframework.beans.factory.support.AbstractAutowireCapableBeanFactory.createBean(AbstractAutowireCapableBeanFactory.java:529)
	at org.springframework.beans.factory.support.AbstractBeanFactory.lambda$doGetBean$0(AbstractBeanFactory.java:339)
	at org.springframework.beans.factory.support.DefaultSingletonBeanRegistry.getSingleton(DefaultSingletonBeanRegistry.java:373)
	at org.springframework.beans.factory.support.AbstractBeanFactory.doGetBean(AbstractBeanFactory.java:337)
	at org.springframework.beans.factory.support.AbstractBeanFactory.getBean(AbstractBeanFactory.java:202)
	at org.springframework.beans.factory.config.DependencyDescriptor.resolveCandidate(DependencyDescriptor.java:254)
	at org.springframework.beans.factory.support.DefaultListableBeanFactory.doResolveDependency(DefaultListableBeanFactory.java:1745)
	at org.springframework.beans.factory.support.DefaultListableBeanFactory.resolveDependency(DefaultListableBeanFactory.java:1628)
	at org.springframework.beans.factory.support.ConstructorResolver.resolveAutowiredArgument(ConstructorResolver.java:913)
	at org.springframework.beans.factory.support.ConstructorResolver.createArgumentArray(ConstructorResolver.java:791)
	... 21 common frames omitted
Caused by: org.springframework.util.PlaceholderResolutionException: Could not resolve placeholder 'keycloak.client.id' in value "${keycloak.client.id}"
	at org.springframework.util.PlaceholderResolutionException.withValue(PlaceholderResolutionException.java:81)
	at org.springframework.util.PlaceholderParser$ParsedValue.resolve(PlaceholderParser.java:423)
	at org.springframework.util.PlaceholderParser.replacePlaceholders(PlaceholderParser.java:128)
	at org.springframework.util.PropertyPlaceholderHelper.parseStringValue(PropertyPlaceholderHelper.java:118)
	at org.springframework.util.PropertyPlaceholderHelper.replacePlaceholders(PropertyPlaceholderHelper.java:114)
	at org.springframework.core.env.AbstractPropertyResolver.doResolvePlaceholders(AbstractPropertyResolver.java:293)
	at org.springframework.core.env.AbstractPropertyResolver.resolveRequiredPlaceholders(AbstractPropertyResolver.java:264)
	at org.springframework.context.support.PropertySourcesPlaceholderConfigurer.lambda$processProperties$0(PropertySourcesPlaceholderConfigurer.java:186)
	at org.springframework.beans.factory.support.AbstractBeanFactory.resolveEmbeddedValue(AbstractBeanFactory.java:971)
	at org.springframework.beans.factory.support.DefaultListableBeanFactory.doResolveDependency(DefaultListableBeanFactory.java:1650)
	at org.springframework.beans.factory.support.DefaultListableBeanFactory.resolveDependency(DefaultListableBeanFactory.java:1628)
	at org.springframework.beans.factory.annotation.AutowiredAnnotationBeanPostProcessor$AutowiredFieldElement.resolveFieldValue(AutowiredAnnotationBeanPostProcessor.java:785)
	at org.springframework.beans.factory.annotation.AutowiredAnnotationBeanPostProcessor$AutowiredFieldElement.inject(AutowiredAnnotationBeanPostProcessor.java:768)
	at org.springframework.beans.factory.annotation.InjectionMetadata.inject(InjectionMetadata.java:146)
	at org.springframework.beans.factory.annotation.AutowiredAnnotationBeanPostProcessor.postProcessProperties(AutowiredAnnotationBeanPostProcessor.java:509)
	... 33 common frames omitted
2025-07-16 19:27:43.846 [main] INFO  M.a.AuthServiceApplication - Starting AuthServiceApplication using Java 17.0.15 with PID 18340 (E:\miosm\auth-service\build\classes\java\main started by admin in E:\miosm\auth-service)
2025-07-16 19:27:43.850 [main] INFO  M.a.AuthServiceApplication - No active profile set, falling back to 1 default profile: "default"
2025-07-16 19:27:45.651 [main] INFO  o.s.cloud.context.scope.GenericScope - BeanFactory id=b78c5eb6-8b88-3850-beab-29defd507459
2025-07-16 19:27:46.257 [main] INFO  o.s.b.w.e.tomcat.TomcatWebServer - Tomcat initialized with port 8081 (http)
2025-07-16 19:27:46.275 [main] INFO  o.a.coyote.http11.Http11NioProtocol - Initializing ProtocolHandler ["http-nio-8081"]
2025-07-16 19:27:46.279 [main] INFO  o.a.catalina.core.StandardService - Starting service [Tomcat]
2025-07-16 19:27:46.279 [main] INFO  o.a.catalina.core.StandardEngine - Starting Servlet engine: [Apache Tomcat/10.1.42]
2025-07-16 19:27:46.411 [main] INFO  o.a.c.c.C.[Tomcat].[localhost].[/] - Initializing Spring embedded WebApplicationContext
2025-07-16 19:27:46.413 [main] INFO  o.s.b.w.s.c.ServletWebServerApplicationContext - Root WebApplicationContext: initialization completed in 2477 ms
2025-07-16 19:27:47.293 [main] INFO  o.s.c.o.FeignClientFactoryBean - For 'user-service' URL not provided. Will try picking an instance via load-balancing.
2025-07-16 19:27:48.451 [main] INFO  o.s.c.n.e.c.DiscoveryClientOptionalArgsConfiguration - Eureka HTTP Client uses RestTemplate.
2025-07-16 19:27:48.589 [main] WARN  o.s.c.l.c.LoadBalancerCacheAutoConfiguration$LoadBalancerCaffeineWarnLogger - Spring Cloud LoadBalancer is currently working with the default cache. While this cache implementation is useful for development and tests, it's recommended to use Caffeine cache in production.You can switch to using Caffeine cache, by adding it and org.springframework.cache.caffeine.CaffeineCacheManager to the classpath.
2025-07-16 19:27:48.639 [main] INFO  o.s.c.n.eureka.InstanceInfoFactory - Setting initial instance status as: STARTING
2025-07-16 19:27:48.686 [main] INFO  c.netflix.discovery.DiscoveryClient - Initializing Eureka in region us-east-1
2025-07-16 19:27:48.692 [main] INFO  c.n.d.s.r.aws.ConfigClusterResolver - Resolving eureka endpoints via configuration
2025-07-16 19:27:48.706 [main] INFO  c.netflix.discovery.DiscoveryClient - Disable delta property : false
2025-07-16 19:27:48.706 [main] INFO  c.netflix.discovery.DiscoveryClient - Single vip registry refresh property : null
2025-07-16 19:27:48.706 [main] INFO  c.netflix.discovery.DiscoveryClient - Force full registry fetch : false
2025-07-16 19:27:48.706 [main] INFO  c.netflix.discovery.DiscoveryClient - Application is null : false
2025-07-16 19:27:48.706 [main] INFO  c.netflix.discovery.DiscoveryClient - Registered Applications size is zero : true
2025-07-16 19:27:48.707 [main] INFO  c.netflix.discovery.DiscoveryClient - Application version is -1: true
2025-07-16 19:27:48.707 [main] INFO  c.netflix.discovery.DiscoveryClient - Getting all instance registry info from the eureka server
2025-07-16 19:27:49.359 [main] INFO  c.netflix.discovery.DiscoveryClient - The response status is 200
2025-07-16 19:27:49.363 [main] INFO  c.netflix.discovery.DiscoveryClient - Starting heartbeat executor: renew interval is: 30
2025-07-16 19:27:49.367 [main] INFO  c.n.discovery.InstanceInfoReplicator - InstanceInfoReplicator onDemand update allowed rate per min is 4
2025-07-16 19:27:49.371 [main] INFO  c.netflix.discovery.DiscoveryClient - Discovery Client initialized at timestamp 1752686869369 with initial instances count: 3
2025-07-16 19:27:49.377 [main] INFO  o.s.c.n.e.s.EurekaServiceRegistry - Registering application AUTH-SERVICE with eureka with status UP
2025-07-16 19:27:49.377 [main] INFO  c.netflix.discovery.DiscoveryClient - Saw local status change event StatusChangeEvent [timestamp=1752686869377, current=UP, previous=STARTING]
2025-07-16 19:27:49.380 [main] INFO  o.a.coyote.http11.Http11NioProtocol - Starting ProtocolHandler ["http-nio-8081"]
2025-07-16 19:27:49.381 [DiscoveryClient-InstanceInfoReplicator-%d] INFO  c.netflix.discovery.DiscoveryClient - DiscoveryClient_AUTH-SERVICE/192.168.137.1:auth-service:8081: registering service...
2025-07-16 19:27:49.417 [main] INFO  o.s.b.w.e.tomcat.TomcatWebServer - Tomcat started on port 8081 (http) with context path '/'
2025-07-16 19:27:49.419 [main] INFO  o.s.c.n.e.s.EurekaAutoServiceRegistration - Updating port to 8081
2025-07-16 19:27:49.453 [DiscoveryClient-InstanceInfoReplicator-%d] INFO  c.netflix.discovery.DiscoveryClient - DiscoveryClient_AUTH-SERVICE/192.168.137.1:auth-service:8081 - registration status: 204
2025-07-16 19:27:49.592 [main] INFO  M.a.AuthServiceApplication - Started AuthServiceApplication in 6.967 seconds (process running for 7.801)
2025-07-16 19:27:54.018 [http-nio-8081-exec-1] INFO  o.a.c.c.C.[Tomcat].[localhost].[/] - Initializing Spring DispatcherServlet 'dispatcherServlet'
2025-07-16 19:27:54.018 [http-nio-8081-exec-1] INFO  o.s.web.servlet.DispatcherServlet - Initializing Servlet 'dispatcherServlet'
2025-07-16 19:27:54.019 [http-nio-8081-exec-1] INFO  o.s.web.servlet.DispatcherServlet - Completed initialization in 1 ms
2025-07-16 19:27:55.173 [http-nio-8081-exec-1] ERROR M.a.service.AuthServiceImpl - Error registering user: 403 Forbidden from POST http://localhost:8082/admin/realms/myrealm/users
2025-07-16 19:30:51.561 [http-nio-8081-exec-4] ERROR M.a.service.AuthServiceImpl - Error registering user: 403 Forbidden from POST http://localhost:8082/admin/realms/myrealm/users
2025-07-16 19:32:13.366 [http-nio-8081-exec-6] ERROR M.a.service.AuthServiceImpl - Failed to get admin access token: 401 Unauthorized from POST http://localhost:8082/realms/myrealm/protocol/openid-connect/token
2025-07-16 19:32:19.945 [http-nio-8081-exec-8] ERROR M.a.service.AuthServiceImpl - Failed to get admin access token: 401 Unauthorized from POST http://localhost:8082/realms/myrealm/protocol/openid-connect/token
2025-07-16 19:32:48.726 [AsyncResolver-bootstrap-executor-%d] INFO  c.n.d.s.r.aws.ConfigClusterResolver - Resolving eureka endpoints via configuration
2025-07-16 19:33:56.727 [http-nio-8081-exec-9] ERROR M.a.service.AuthServiceImpl - Failed to get admin access token: 401 Unauthorized from POST http://localhost:8082/realms/myrealm/protocol/openid-connect/token
2025-07-16 19:36:51.917 [http-nio-8081-exec-2] ERROR M.a.service.AuthServiceImpl - Failed to get admin access token: 401 Unauthorized from POST http://localhost:8082/realms/myrealm/protocol/openid-connect/token
2025-07-16 19:36:53.874 [http-nio-8081-exec-4] ERROR M.a.service.AuthServiceImpl - Failed to get admin access token: 401 Unauthorized from POST http://localhost:8082/realms/myrealm/protocol/openid-connect/token
2025-07-16 19:37:06.536 [main] INFO  M.a.AuthServiceApplication - Starting AuthServiceApplication using Java 17.0.15 with PID 8412 (E:\miosm\auth-service\build\classes\java\main started by admin in E:\miosm\auth-service)
2025-07-16 19:37:06.542 [main] INFO  M.a.AuthServiceApplication - No active profile set, falling back to 1 default profile: "default"
2025-07-16 19:37:08.293 [main] INFO  o.s.cloud.context.scope.GenericScope - BeanFactory id=b78c5eb6-8b88-3850-beab-29defd507459
2025-07-16 19:37:08.763 [main] INFO  o.s.b.w.e.tomcat.TomcatWebServer - Tomcat initialized with port 8081 (http)
2025-07-16 19:37:08.776 [main] INFO  o.a.coyote.http11.Http11NioProtocol - Initializing ProtocolHandler ["http-nio-8081"]
2025-07-16 19:37:08.779 [main] INFO  o.a.catalina.core.StandardService - Starting service [Tomcat]
2025-07-16 19:37:08.780 [main] INFO  o.a.catalina.core.StandardEngine - Starting Servlet engine: [Apache Tomcat/10.1.42]
2025-07-16 19:37:08.888 [main] INFO  o.a.c.c.C.[Tomcat].[localhost].[/] - Initializing Spring embedded WebApplicationContext
2025-07-16 19:37:08.890 [main] INFO  o.s.b.w.s.c.ServletWebServerApplicationContext - Root WebApplicationContext: initialization completed in 2262 ms
2025-07-16 19:37:09.736 [main] INFO  o.s.c.o.FeignClientFactoryBean - For 'user-service' URL not provided. Will try picking an instance via load-balancing.
2025-07-16 19:37:10.915 [main] INFO  o.s.c.n.e.c.DiscoveryClientOptionalArgsConfiguration - Eureka HTTP Client uses RestTemplate.
2025-07-16 19:37:11.060 [main] WARN  o.s.c.l.c.LoadBalancerCacheAutoConfiguration$LoadBalancerCaffeineWarnLogger - Spring Cloud LoadBalancer is currently working with the default cache. While this cache implementation is useful for development and tests, it's recommended to use Caffeine cache in production.You can switch to using Caffeine cache, by adding it and org.springframework.cache.caffeine.CaffeineCacheManager to the classpath.
2025-07-16 19:37:11.121 [main] INFO  o.s.c.n.eureka.InstanceInfoFactory - Setting initial instance status as: STARTING
2025-07-16 19:37:11.171 [main] INFO  c.netflix.discovery.DiscoveryClient - Initializing Eureka in region us-east-1
2025-07-16 19:37:11.179 [main] INFO  c.n.d.s.r.aws.ConfigClusterResolver - Resolving eureka endpoints via configuration
2025-07-16 19:37:11.194 [main] INFO  c.netflix.discovery.DiscoveryClient - Disable delta property : false
2025-07-16 19:37:11.195 [main] INFO  c.netflix.discovery.DiscoveryClient - Single vip registry refresh property : null
2025-07-16 19:37:11.195 [main] INFO  c.netflix.discovery.DiscoveryClient - Force full registry fetch : false
2025-07-16 19:37:11.195 [main] INFO  c.netflix.discovery.DiscoveryClient - Application is null : false
2025-07-16 19:37:11.195 [main] INFO  c.netflix.discovery.DiscoveryClient - Registered Applications size is zero : true
2025-07-16 19:37:11.196 [main] INFO  c.netflix.discovery.DiscoveryClient - Application version is -1: true
2025-07-16 19:37:11.196 [main] INFO  c.netflix.discovery.DiscoveryClient - Getting all instance registry info from the eureka server
2025-07-16 19:37:11.863 [main] INFO  c.netflix.discovery.DiscoveryClient - The response status is 200
2025-07-16 19:37:11.867 [main] INFO  c.netflix.discovery.DiscoveryClient - Starting heartbeat executor: renew interval is: 30
2025-07-16 19:37:11.871 [main] INFO  c.n.discovery.InstanceInfoReplicator - InstanceInfoReplicator onDemand update allowed rate per min is 4
2025-07-16 19:37:11.874 [main] INFO  c.netflix.discovery.DiscoveryClient - Discovery Client initialized at timestamp 1752687431872 with initial instances count: 3
2025-07-16 19:37:11.880 [main] INFO  o.s.c.n.e.s.EurekaServiceRegistry - Registering application AUTH-SERVICE with eureka with status UP
2025-07-16 19:37:11.880 [main] INFO  c.netflix.discovery.DiscoveryClient - Saw local status change event StatusChangeEvent [timestamp=1752687431880, current=UP, previous=STARTING]
2025-07-16 19:37:11.884 [DiscoveryClient-InstanceInfoReplicator-%d] INFO  c.netflix.discovery.DiscoveryClient - DiscoveryClient_AUTH-SERVICE/192.168.137.1:auth-service:8081: registering service...
2025-07-16 19:37:11.884 [main] INFO  o.a.coyote.http11.Http11NioProtocol - Starting ProtocolHandler ["http-nio-8081"]
2025-07-16 19:37:11.920 [main] INFO  o.s.b.w.e.tomcat.TomcatWebServer - Tomcat started on port 8081 (http) with context path '/'
2025-07-16 19:37:11.923 [main] INFO  o.s.c.n.e.s.EurekaAutoServiceRegistration - Updating port to 8081
2025-07-16 19:37:11.954 [DiscoveryClient-InstanceInfoReplicator-%d] INFO  c.netflix.discovery.DiscoveryClient - DiscoveryClient_AUTH-SERVICE/192.168.137.1:auth-service:8081 - registration status: 204
2025-07-16 19:37:12.110 [main] INFO  M.a.AuthServiceApplication - Started AuthServiceApplication in 6.776 seconds (process running for 7.635)
2025-07-16 19:37:18.655 [http-nio-8081-exec-1] INFO  o.a.c.c.C.[Tomcat].[localhost].[/] - Initializing Spring DispatcherServlet 'dispatcherServlet'
2025-07-16 19:37:18.656 [http-nio-8081-exec-1] INFO  o.s.web.servlet.DispatcherServlet - Initializing Servlet 'dispatcherServlet'
2025-07-16 19:37:18.657 [http-nio-8081-exec-1] INFO  o.s.web.servlet.DispatcherServlet - Completed initialization in 1 ms
2025-07-16 19:37:19.314 [http-nio-8081-exec-1] ERROR M.a.service.AuthServiceImpl - Failed to get admin access token: 401 Unauthorized from POST http://localhost:8082/realms/myrealm/protocol/openid-connect/token
2025-07-16 19:38:25.091 [http-nio-8081-exec-3] ERROR M.a.service.AuthServiceImpl - Failed to get admin access token: 401 Unauthorized from POST http://localhost:8082/realms/myrealm/protocol/openid-connect/token
2025-07-16 19:38:31.557 [http-nio-8081-exec-6] ERROR M.a.service.AuthServiceImpl - Failed to get admin access token: 401 Unauthorized from POST http://localhost:8082/realms/myrealm/protocol/openid-connect/token
2025-07-16 19:38:36.366 [http-nio-8081-exec-7] ERROR M.a.service.AuthServiceImpl - Failed to get admin access token: 401 Unauthorized from POST http://localhost:8082/realms/myrealm/protocol/openid-connect/token
2025-07-16 19:38:39.152 [http-nio-8081-exec-8] ERROR M.a.service.AuthServiceImpl - Failed to get admin access token: 401 Unauthorized from POST http://localhost:8082/realms/myrealm/protocol/openid-connect/token
2025-07-16 19:39:02.957 [http-nio-8081-exec-10] INFO  M.a.service.AuthServiceImpl - User test@example.com registered with id 19d32a02-8c1c-4958-870a-d87f35370a55
2025-07-16 19:40:58.995 [main] INFO  M.a.AuthServiceApplication - Starting AuthServiceApplication using Java 17.0.15 with PID 16404 (E:\miosm\auth-service\build\classes\java\main started by admin in E:\miosm\auth-service)
2025-07-16 19:40:58.999 [main] INFO  M.a.AuthServiceApplication - No active profile set, falling back to 1 default profile: "default"
2025-07-16 19:41:00.836 [main] INFO  o.s.cloud.context.scope.GenericScope - BeanFactory id=b78c5eb6-8b88-3850-beab-29defd507459
2025-07-16 19:41:01.363 [main] INFO  o.s.b.w.e.tomcat.TomcatWebServer - Tomcat initialized with port 8081 (http)
2025-07-16 19:41:01.381 [main] INFO  o.a.coyote.http11.Http11NioProtocol - Initializing ProtocolHandler ["http-nio-8081"]
2025-07-16 19:41:01.384 [main] INFO  o.a.catalina.core.StandardService - Starting service [Tomcat]
2025-07-16 19:41:01.384 [main] INFO  o.a.catalina.core.StandardEngine - Starting Servlet engine: [Apache Tomcat/10.1.42]
2025-07-16 19:41:01.501 [main] INFO  o.a.c.c.C.[Tomcat].[localhost].[/] - Initializing Spring embedded WebApplicationContext
2025-07-16 19:41:01.503 [main] INFO  o.s.b.w.s.c.ServletWebServerApplicationContext - Root WebApplicationContext: initialization completed in 2418 ms
2025-07-16 19:41:02.546 [main] INFO  o.s.c.o.FeignClientFactoryBean - For 'user-service' URL not provided. Will try picking an instance via load-balancing.
2025-07-16 19:41:03.830 [main] INFO  o.s.c.n.e.c.DiscoveryClientOptionalArgsConfiguration - Eureka HTTP Client uses RestTemplate.
2025-07-16 19:41:04.077 [main] WARN  o.s.c.l.c.LoadBalancerCacheAutoConfiguration$LoadBalancerCaffeineWarnLogger - Spring Cloud LoadBalancer is currently working with the default cache. While this cache implementation is useful for development and tests, it's recommended to use Caffeine cache in production.You can switch to using Caffeine cache, by adding it and org.springframework.cache.caffeine.CaffeineCacheManager to the classpath.
2025-07-16 19:41:04.141 [main] INFO  o.s.c.n.eureka.InstanceInfoFactory - Setting initial instance status as: STARTING
2025-07-16 19:41:04.185 [main] INFO  c.netflix.discovery.DiscoveryClient - Initializing Eureka in region us-east-1
2025-07-16 19:41:04.192 [main] INFO  c.n.d.s.r.aws.ConfigClusterResolver - Resolving eureka endpoints via configuration
2025-07-16 19:41:04.207 [main] INFO  c.netflix.discovery.DiscoveryClient - Disable delta property : false
2025-07-16 19:41:04.207 [main] INFO  c.netflix.discovery.DiscoveryClient - Single vip registry refresh property : null
2025-07-16 19:41:04.208 [main] INFO  c.netflix.discovery.DiscoveryClient - Force full registry fetch : false
2025-07-16 19:41:04.209 [main] INFO  c.netflix.discovery.DiscoveryClient - Application is null : false
2025-07-16 19:41:04.209 [main] INFO  c.netflix.discovery.DiscoveryClient - Registered Applications size is zero : true
2025-07-16 19:41:04.209 [main] INFO  c.netflix.discovery.DiscoveryClient - Application version is -1: true
2025-07-16 19:41:04.209 [main] INFO  c.netflix.discovery.DiscoveryClient - Getting all instance registry info from the eureka server
2025-07-16 19:41:04.887 [main] INFO  c.netflix.discovery.DiscoveryClient - The response status is 200
2025-07-16 19:41:04.890 [main] INFO  c.netflix.discovery.DiscoveryClient - Starting heartbeat executor: renew interval is: 30
2025-07-16 19:41:04.894 [main] INFO  c.n.discovery.InstanceInfoReplicator - InstanceInfoReplicator onDemand update allowed rate per min is 4
2025-07-16 19:41:04.897 [main] INFO  c.netflix.discovery.DiscoveryClient - Discovery Client initialized at timestamp 1752687664896 with initial instances count: 3
2025-07-16 19:41:04.903 [main] INFO  o.s.c.n.e.s.EurekaServiceRegistry - Registering application AUTH-SERVICE with eureka with status UP
2025-07-16 19:41:04.904 [main] INFO  c.netflix.discovery.DiscoveryClient - Saw local status change event StatusChangeEvent [timestamp=1752687664904, current=UP, previous=STARTING]
2025-07-16 19:41:04.907 [main] INFO  o.a.coyote.http11.Http11NioProtocol - Starting ProtocolHandler ["http-nio-8081"]
2025-07-16 19:41:04.907 [DiscoveryClient-InstanceInfoReplicator-%d] INFO  c.netflix.discovery.DiscoveryClient - DiscoveryClient_AUTH-SERVICE/192.168.137.1:auth-service:8081: registering service...
2025-07-16 19:41:04.948 [main] INFO  o.s.b.w.e.tomcat.TomcatWebServer - Tomcat started on port 8081 (http) with context path '/'
2025-07-16 19:41:04.951 [main] INFO  o.s.c.n.e.s.EurekaAutoServiceRegistration - Updating port to 8081
2025-07-16 19:41:04.988 [DiscoveryClient-InstanceInfoReplicator-%d] INFO  c.netflix.discovery.DiscoveryClient - DiscoveryClient_AUTH-SERVICE/192.168.137.1:auth-service:8081 - registration status: 204
2025-07-16 19:41:05.134 [main] INFO  M.a.AuthServiceApplication - Started AuthServiceApplication in 7.325 seconds (process running for 8.205)
2025-07-16 19:41:08.430 [http-nio-8081-exec-1] INFO  o.a.c.c.C.[Tomcat].[localhost].[/] - Initializing Spring DispatcherServlet 'dispatcherServlet'
2025-07-16 19:41:08.431 [http-nio-8081-exec-1] INFO  o.s.web.servlet.DispatcherServlet - Initializing Servlet 'dispatcherServlet'
2025-07-16 19:41:08.432 [http-nio-8081-exec-1] INFO  o.s.web.servlet.DispatcherServlet - Completed initialization in 1 ms
2025-07-16 19:41:08.994 [http-nio-8081-exec-1] ERROR M.a.service.AuthServiceImpl - Login failed: 401 Unauthorized from POST http://localhost:8082/realms/myrealm/protocol/openid-connect/token
2025-07-16 19:41:08.995 [http-nio-8081-exec-1] ERROR M.a.controller.AuthController - Login error: Login failed: 401 Unauthorized from POST http://localhost:8082/realms/myrealm/protocol/openid-connect/token
2025-07-16 19:41:38.134 [http-nio-8081-exec-6] ERROR M.a.service.AuthServiceImpl - Login failed: 401 Unauthorized from POST http://localhost:8082/realms/myrealm/protocol/openid-connect/token
2025-07-16 19:41:38.135 [http-nio-8081-exec-6] ERROR M.a.controller.AuthController - Login error: Login failed: 401 Unauthorized from POST http://localhost:8082/realms/myrealm/protocol/openid-connect/token
2025-07-16 19:41:41.487 [http-nio-8081-exec-8] ERROR M.a.service.AuthServiceImpl - Login failed: 401 Unauthorized from POST http://localhost:8082/realms/myrealm/protocol/openid-connect/token
2025-07-16 19:41:41.487 [http-nio-8081-exec-8] ERROR M.a.controller.AuthController - Login error: Login failed: 401 Unauthorized from POST http://localhost:8082/realms/myrealm/protocol/openid-connect/token
2025-07-16 19:44:54.729 [main] INFO  M.a.AuthServiceApplication - Starting AuthServiceApplication using Java 17.0.15 with PID 7112 (E:\miosm\auth-service\build\classes\java\main started by admin in E:\miosm\auth-service)
2025-07-16 19:44:54.734 [main] INFO  M.a.AuthServiceApplication - No active profile set, falling back to 1 default profile: "default"
2025-07-16 19:44:56.599 [main] INFO  o.s.cloud.context.scope.GenericScope - BeanFactory id=b78c5eb6-8b88-3850-beab-29defd507459
2025-07-16 19:44:57.113 [main] INFO  o.s.b.w.e.tomcat.TomcatWebServer - Tomcat initialized with port 8081 (http)
2025-07-16 19:44:57.126 [main] INFO  o.a.coyote.http11.Http11NioProtocol - Initializing ProtocolHandler ["http-nio-8081"]
2025-07-16 19:44:57.128 [main] INFO  o.a.catalina.core.StandardService - Starting service [Tomcat]
2025-07-16 19:44:57.129 [main] INFO  o.a.catalina.core.StandardEngine - Starting Servlet engine: [Apache Tomcat/10.1.42]
2025-07-16 19:44:57.236 [main] INFO  o.a.c.c.C.[Tomcat].[localhost].[/] - Initializing Spring embedded WebApplicationContext
2025-07-16 19:44:57.238 [main] INFO  o.s.b.w.s.c.ServletWebServerApplicationContext - Root WebApplicationContext: initialization completed in 2419 ms
2025-07-16 19:44:58.061 [main] INFO  o.s.c.o.FeignClientFactoryBean - For 'user-service' URL not provided. Will try picking an instance via load-balancing.
2025-07-16 19:44:59.282 [main] INFO  o.s.c.n.e.c.DiscoveryClientOptionalArgsConfiguration - Eureka HTTP Client uses RestTemplate.
2025-07-16 19:44:59.471 [main] WARN  o.s.c.l.c.LoadBalancerCacheAutoConfiguration$LoadBalancerCaffeineWarnLogger - Spring Cloud LoadBalancer is currently working with the default cache. While this cache implementation is useful for development and tests, it's recommended to use Caffeine cache in production.You can switch to using Caffeine cache, by adding it and org.springframework.cache.caffeine.CaffeineCacheManager to the classpath.
2025-07-16 19:44:59.560 [main] INFO  o.s.c.n.eureka.InstanceInfoFactory - Setting initial instance status as: STARTING
2025-07-16 19:44:59.617 [main] INFO  c.netflix.discovery.DiscoveryClient - Initializing Eureka in region us-east-1
2025-07-16 19:44:59.627 [main] INFO  c.n.d.s.r.aws.ConfigClusterResolver - Resolving eureka endpoints via configuration
2025-07-16 19:44:59.646 [main] INFO  c.netflix.discovery.DiscoveryClient - Disable delta property : false
2025-07-16 19:44:59.647 [main] INFO  c.netflix.discovery.DiscoveryClient - Single vip registry refresh property : null
2025-07-16 19:44:59.647 [main] INFO  c.netflix.discovery.DiscoveryClient - Force full registry fetch : false
2025-07-16 19:44:59.647 [main] INFO  c.netflix.discovery.DiscoveryClient - Application is null : false
2025-07-16 19:44:59.647 [main] INFO  c.netflix.discovery.DiscoveryClient - Registered Applications size is zero : true
2025-07-16 19:44:59.648 [main] INFO  c.netflix.discovery.DiscoveryClient - Application version is -1: true
2025-07-16 19:44:59.648 [main] INFO  c.netflix.discovery.DiscoveryClient - Getting all instance registry info from the eureka server
2025-07-16 19:45:00.388 [main] INFO  c.netflix.discovery.DiscoveryClient - The response status is 200
2025-07-16 19:45:00.393 [main] INFO  c.netflix.discovery.DiscoveryClient - Starting heartbeat executor: renew interval is: 30
2025-07-16 19:45:00.396 [main] INFO  c.n.discovery.InstanceInfoReplicator - InstanceInfoReplicator onDemand update allowed rate per min is 4
2025-07-16 19:45:00.399 [main] INFO  c.netflix.discovery.DiscoveryClient - Discovery Client initialized at timestamp 1752687900398 with initial instances count: 3
2025-07-16 19:45:00.406 [main] INFO  o.s.c.n.e.s.EurekaServiceRegistry - Registering application AUTH-SERVICE with eureka with status UP
2025-07-16 19:45:00.407 [main] INFO  c.netflix.discovery.DiscoveryClient - Saw local status change event StatusChangeEvent [timestamp=1752687900406, current=UP, previous=STARTING]
2025-07-16 19:45:00.410 [main] INFO  o.a.coyote.http11.Http11NioProtocol - Starting ProtocolHandler ["http-nio-8081"]
2025-07-16 19:45:00.411 [DiscoveryClient-InstanceInfoReplicator-%d] INFO  c.netflix.discovery.DiscoveryClient - DiscoveryClient_AUTH-SERVICE/192.168.137.1:auth-service:8081: registering service...
2025-07-16 19:45:00.445 [main] INFO  o.s.b.w.e.tomcat.TomcatWebServer - Tomcat started on port 8081 (http) with context path '/'
2025-07-16 19:45:00.447 [main] INFO  o.s.c.n.e.s.EurekaAutoServiceRegistration - Updating port to 8081
2025-07-16 19:45:00.485 [DiscoveryClient-InstanceInfoReplicator-%d] INFO  c.netflix.discovery.DiscoveryClient - DiscoveryClient_AUTH-SERVICE/192.168.137.1:auth-service:8081 - registration status: 204
2025-07-16 19:45:00.704 [main] INFO  M.a.AuthServiceApplication - Started AuthServiceApplication in 7.219 seconds (process running for 8.35)
2025-07-16 19:45:04.474 [http-nio-8081-exec-2] INFO  o.a.c.c.C.[Tomcat].[localhost].[/] - Initializing Spring DispatcherServlet 'dispatcherServlet'
2025-07-16 19:45:04.474 [http-nio-8081-exec-2] INFO  o.s.web.servlet.DispatcherServlet - Initializing Servlet 'dispatcherServlet'
2025-07-16 19:45:04.476 [http-nio-8081-exec-2] INFO  o.s.web.servlet.DispatcherServlet - Completed initialization in 2 ms
2025-07-16 19:45:05.087 [http-nio-8081-exec-2] ERROR M.a.service.AuthServiceImpl - Login failed: 401 Unauthorized from POST http://localhost:8082/realms/myrealm/protocol/openid-connect/token
2025-07-16 19:45:05.087 [http-nio-8081-exec-2] ERROR M.a.controller.AuthController - Login error: Login failed: 401 Unauthorized from POST http://localhost:8082/realms/myrealm/protocol/openid-connect/token
2025-07-16 19:45:14.282 [http-nio-8081-exec-3] INFO  M.a.service.AuthServiceImpl - User test2@example.com registered with id 6b45db62-5ae6-42e3-ae9a-862117f494ea
2025-07-16 19:45:17.922 [http-nio-8081-exec-4] ERROR M.a.service.AuthServiceImpl - Login failed: 401 Unauthorized from POST http://localhost:8082/realms/myrealm/protocol/openid-connect/token
2025-07-16 19:45:17.923 [http-nio-8081-exec-4] ERROR M.a.controller.AuthController - Login error: Login failed: 401 Unauthorized from POST http://localhost:8082/realms/myrealm/protocol/openid-connect/token
2025-07-16 20:02:00.119 [main] INFO  M.a.AuthServiceApplication - Starting AuthServiceApplication using Java 17.0.15 with PID 15916 (E:\miosm\auth-service\build\classes\java\main started by admin in E:\miosm\auth-service)
2025-07-16 20:02:00.143 [main] INFO  M.a.AuthServiceApplication - No active profile set, falling back to 1 default profile: "default"
2025-07-16 20:02:01.964 [main] INFO  o.s.cloud.context.scope.GenericScope - BeanFactory id=b78c5eb6-8b88-3850-beab-29defd507459
2025-07-16 20:02:02.565 [main] INFO  o.s.b.w.e.tomcat.TomcatWebServer - Tomcat initialized with port 8081 (http)
2025-07-16 20:02:02.586 [main] INFO  o.a.coyote.http11.Http11NioProtocol - Initializing ProtocolHandler ["http-nio-8081"]
2025-07-16 20:02:02.589 [main] INFO  o.a.catalina.core.StandardService - Starting service [Tomcat]
2025-07-16 20:02:02.590 [main] INFO  o.a.catalina.core.StandardEngine - Starting Servlet engine: [Apache Tomcat/10.1.42]
2025-07-16 20:02:02.719 [main] INFO  o.a.c.c.C.[Tomcat].[localhost].[/] - Initializing Spring embedded WebApplicationContext
2025-07-16 20:02:02.721 [main] INFO  o.s.b.w.s.c.ServletWebServerApplicationContext - Root WebApplicationContext: initialization completed in 2484 ms
2025-07-16 20:02:03.580 [main] INFO  o.s.c.o.FeignClientFactoryBean - For 'user-service' URL not provided. Will try picking an instance via load-balancing.
2025-07-16 20:02:03.645 [main] WARN  o.s.b.w.s.c.AnnotationConfigServletWebServerApplicationContext - Exception encountered during context initialization - cancelling refresh attempt: org.springframework.beans.factory.UnsatisfiedDependencyException: Error creating bean with name 'authController' defined in file [E:\miosm\auth-service\build\classes\java\main\MIOSM\auth_service\controller\AuthController.class]: Unsatisfied dependency expressed through constructor parameter 0: Error creating bean with name 'authServiceImpl': Injection of autowired dependencies failed
2025-07-16 20:02:03.650 [main] INFO  o.a.catalina.core.StandardService - Stopping service [Tomcat]
2025-07-16 20:02:03.693 [main] INFO  o.s.b.a.l.ConditionEvaluationReportLogger - 

Error starting ApplicationContext. To display the condition evaluation report re-run your application with 'debug' enabled.
2025-07-16 20:02:03.729 [main] ERROR o.s.boot.SpringApplication - Application run failed
org.springframework.beans.factory.UnsatisfiedDependencyException: Error creating bean with name 'authController' defined in file [E:\miosm\auth-service\build\classes\java\main\MIOSM\auth_service\controller\AuthController.class]: Unsatisfied dependency expressed through constructor parameter 0: Error creating bean with name 'authServiceImpl': Injection of autowired dependencies failed
	at org.springframework.beans.factory.support.ConstructorResolver.createArgumentArray(ConstructorResolver.java:804)
	at org.springframework.beans.factory.support.ConstructorResolver.autowireConstructor(ConstructorResolver.java:240)
	at org.springframework.beans.factory.support.AbstractAutowireCapableBeanFactory.autowireConstructor(AbstractAutowireCapableBeanFactory.java:1395)
	at org.springframework.beans.factory.support.AbstractAutowireCapableBeanFactory.createBeanInstance(AbstractAutowireCapableBeanFactory.java:1232)
	at org.springframework.beans.factory.support.AbstractAutowireCapableBeanFactory.doCreateBean(AbstractAutowireCapableBeanFactory.java:569)
	at org.springframework.beans.factory.support.AbstractAutowireCapableBeanFactory.createBean(AbstractAutowireCapableBeanFactory.java:529)
	at org.springframework.beans.factory.support.AbstractBeanFactory.lambda$doGetBean$0(AbstractBeanFactory.java:339)
	at org.springframework.beans.factory.support.DefaultSingletonBeanRegistry.getSingleton(DefaultSingletonBeanRegistry.java:373)
	at org.springframework.beans.factory.support.AbstractBeanFactory.doGetBean(AbstractBeanFactory.java:337)
	at org.springframework.beans.factory.support.AbstractBeanFactory.getBean(AbstractBeanFactory.java:202)
	at org.springframework.beans.factory.support.DefaultListableBeanFactory.instantiateSingleton(DefaultListableBeanFactory.java:1222)
	at org.springframework.beans.factory.support.DefaultListableBeanFactory.preInstantiateSingleton(DefaultListableBeanFactory.java:1188)
	at org.springframework.beans.factory.support.DefaultListableBeanFactory.preInstantiateSingletons(DefaultListableBeanFactory.java:1123)
	at org.springframework.context.support.AbstractApplicationContext.finishBeanFactoryInitialization(AbstractApplicationContext.java:987)
	at org.springframework.context.support.AbstractApplicationContext.refresh(AbstractApplicationContext.java:627)
	at org.springframework.boot.web.servlet.context.ServletWebServerApplicationContext.refresh(ServletWebServerApplicationContext.java:146)
	at org.springframework.boot.SpringApplication.refresh(SpringApplication.java:752)
	at org.springframework.boot.SpringApplication.refreshContext(SpringApplication.java:439)
	at org.springframework.boot.SpringApplication.run(SpringApplication.java:318)
	at org.springframework.boot.SpringApplication.run(SpringApplication.java:1361)
	at org.springframework.boot.SpringApplication.run(SpringApplication.java:1350)
	at MIOSM.auth_service.AuthServiceApplication.main(AuthServiceApplication.java:12)
Caused by: org.springframework.beans.factory.BeanCreationException: Error creating bean with name 'authServiceImpl': Injection of autowired dependencies failed
	at org.springframework.beans.factory.annotation.AutowiredAnnotationBeanPostProcessor.postProcessProperties(AutowiredAnnotationBeanPostProcessor.java:515)
	at org.springframework.beans.factory.support.AbstractAutowireCapableBeanFactory.populateBean(AbstractAutowireCapableBeanFactory.java:1459)
	at org.springframework.beans.factory.support.AbstractAutowireCapableBeanFactory.doCreateBean(AbstractAutowireCapableBeanFactory.java:606)
	at org.springframework.beans.factory.support.AbstractAutowireCapableBeanFactory.createBean(AbstractAutowireCapableBeanFactory.java:529)
	at org.springframework.beans.factory.support.AbstractBeanFactory.lambda$doGetBean$0(AbstractBeanFactory.java:339)
	at org.springframework.beans.factory.support.DefaultSingletonBeanRegistry.getSingleton(DefaultSingletonBeanRegistry.java:373)
	at org.springframework.beans.factory.support.AbstractBeanFactory.doGetBean(AbstractBeanFactory.java:337)
	at org.springframework.beans.factory.support.AbstractBeanFactory.getBean(AbstractBeanFactory.java:202)
	at org.springframework.beans.factory.config.DependencyDescriptor.resolveCandidate(DependencyDescriptor.java:254)
	at org.springframework.beans.factory.support.DefaultListableBeanFactory.doResolveDependency(DefaultListableBeanFactory.java:1745)
	at org.springframework.beans.factory.support.DefaultListableBeanFactory.resolveDependency(DefaultListableBeanFactory.java:1628)
	at org.springframework.beans.factory.support.ConstructorResolver.resolveAutowiredArgument(ConstructorResolver.java:913)
	at org.springframework.beans.factory.support.ConstructorResolver.createArgumentArray(ConstructorResolver.java:791)
	... 21 common frames omitted
Caused by: org.springframework.util.PlaceholderResolutionException: Could not resolve placeholder 'keycloak.client.id' in value "${keycloak.client.id}"
	at org.springframework.util.PlaceholderResolutionException.withValue(PlaceholderResolutionException.java:81)
	at org.springframework.util.PlaceholderParser$ParsedValue.resolve(PlaceholderParser.java:423)
	at org.springframework.util.PlaceholderParser.replacePlaceholders(PlaceholderParser.java:128)
	at org.springframework.util.PropertyPlaceholderHelper.parseStringValue(PropertyPlaceholderHelper.java:118)
	at org.springframework.util.PropertyPlaceholderHelper.replacePlaceholders(PropertyPlaceholderHelper.java:114)
	at org.springframework.core.env.AbstractPropertyResolver.doResolvePlaceholders(AbstractPropertyResolver.java:293)
	at org.springframework.core.env.AbstractPropertyResolver.resolveRequiredPlaceholders(AbstractPropertyResolver.java:264)
	at org.springframework.context.support.PropertySourcesPlaceholderConfigurer.lambda$processProperties$0(PropertySourcesPlaceholderConfigurer.java:186)
	at org.springframework.beans.factory.support.AbstractBeanFactory.resolveEmbeddedValue(AbstractBeanFactory.java:971)
	at org.springframework.beans.factory.support.DefaultListableBeanFactory.doResolveDependency(DefaultListableBeanFactory.java:1650)
	at org.springframework.beans.factory.support.DefaultListableBeanFactory.resolveDependency(DefaultListableBeanFactory.java:1628)
	at org.springframework.beans.factory.annotation.AutowiredAnnotationBeanPostProcessor$AutowiredFieldElement.resolveFieldValue(AutowiredAnnotationBeanPostProcessor.java:785)
	at org.springframework.beans.factory.annotation.AutowiredAnnotationBeanPostProcessor$AutowiredFieldElement.inject(AutowiredAnnotationBeanPostProcessor.java:768)
	at org.springframework.beans.factory.annotation.InjectionMetadata.inject(InjectionMetadata.java:146)
	at org.springframework.beans.factory.annotation.AutowiredAnnotationBeanPostProcessor.postProcessProperties(AutowiredAnnotationBeanPostProcessor.java:509)
	... 33 common frames omitted
2025-07-16 20:03:37.214 [main] INFO  M.a.AuthServiceApplication - Starting AuthServiceApplication using Java 17.0.15 with PID 6248 (E:\miosm\auth-service\build\classes\java\main started by admin in E:\miosm\auth-service)
2025-07-16 20:03:37.219 [main] INFO  M.a.AuthServiceApplication - No active profile set, falling back to 1 default profile: "default"
2025-07-16 20:03:39.137 [main] INFO  o.s.cloud.context.scope.GenericScope - BeanFactory id=b78c5eb6-8b88-3850-beab-29defd507459
2025-07-16 20:03:39.648 [main] INFO  o.s.b.w.e.tomcat.TomcatWebServer - Tomcat initialized with port 8081 (http)
2025-07-16 20:03:39.662 [main] INFO  o.a.coyote.http11.Http11NioProtocol - Initializing ProtocolHandler ["http-nio-8081"]
2025-07-16 20:03:39.665 [main] INFO  o.a.catalina.core.StandardService - Starting service [Tomcat]
2025-07-16 20:03:39.666 [main] INFO  o.a.catalina.core.StandardEngine - Starting Servlet engine: [Apache Tomcat/10.1.42]
2025-07-16 20:03:39.775 [main] INFO  o.a.c.c.C.[Tomcat].[localhost].[/] - Initializing Spring embedded WebApplicationContext
2025-07-16 20:03:39.779 [main] INFO  o.s.b.w.s.c.ServletWebServerApplicationContext - Root WebApplicationContext: initialization completed in 2458 ms
2025-07-16 20:03:40.624 [main] INFO  o.s.c.o.FeignClientFactoryBean - For 'user-service' URL not provided. Will try picking an instance via load-balancing.
2025-07-16 20:03:41.843 [main] INFO  o.s.c.n.e.c.DiscoveryClientOptionalArgsConfiguration - Eureka HTTP Client uses RestTemplate.
2025-07-16 20:03:41.987 [main] WARN  o.s.c.l.c.LoadBalancerCacheAutoConfiguration$LoadBalancerCaffeineWarnLogger - Spring Cloud LoadBalancer is currently working with the default cache. While this cache implementation is useful for development and tests, it's recommended to use Caffeine cache in production.You can switch to using Caffeine cache, by adding it and org.springframework.cache.caffeine.CaffeineCacheManager to the classpath.
2025-07-16 20:03:42.045 [main] INFO  o.s.c.n.eureka.InstanceInfoFactory - Setting initial instance status as: STARTING
2025-07-16 20:03:42.086 [main] INFO  c.netflix.discovery.DiscoveryClient - Initializing Eureka in region us-east-1
2025-07-16 20:03:42.093 [main] INFO  c.n.d.s.r.aws.ConfigClusterResolver - Resolving eureka endpoints via configuration
2025-07-16 20:03:42.108 [main] INFO  c.netflix.discovery.DiscoveryClient - Disable delta property : false
2025-07-16 20:03:42.108 [main] INFO  c.netflix.discovery.DiscoveryClient - Single vip registry refresh property : null
2025-07-16 20:03:42.108 [main] INFO  c.netflix.discovery.DiscoveryClient - Force full registry fetch : false
2025-07-16 20:03:42.109 [main] INFO  c.netflix.discovery.DiscoveryClient - Application is null : false
2025-07-16 20:03:42.109 [main] INFO  c.netflix.discovery.DiscoveryClient - Registered Applications size is zero : true
2025-07-16 20:03:42.109 [main] INFO  c.netflix.discovery.DiscoveryClient - Application version is -1: true
2025-07-16 20:03:42.109 [main] INFO  c.netflix.discovery.DiscoveryClient - Getting all instance registry info from the eureka server
2025-07-16 20:03:42.814 [main] INFO  c.netflix.discovery.DiscoveryClient - The response status is 200
2025-07-16 20:03:42.817 [main] INFO  c.netflix.discovery.DiscoveryClient - Starting heartbeat executor: renew interval is: 30
2025-07-16 20:03:42.821 [main] INFO  c.n.discovery.InstanceInfoReplicator - InstanceInfoReplicator onDemand update allowed rate per min is 4
2025-07-16 20:03:42.826 [main] INFO  c.netflix.discovery.DiscoveryClient - Discovery Client initialized at timestamp 1752689022823 with initial instances count: 2
2025-07-16 20:03:42.833 [main] INFO  o.s.c.n.e.s.EurekaServiceRegistry - Registering application AUTH-SERVICE with eureka with status UP
2025-07-16 20:03:42.835 [main] INFO  c.netflix.discovery.DiscoveryClient - Saw local status change event StatusChangeEvent [timestamp=1752689022835, current=UP, previous=STARTING]
2025-07-16 20:03:42.839 [main] INFO  o.a.coyote.http11.Http11NioProtocol - Starting ProtocolHandler ["http-nio-8081"]
2025-07-16 20:03:42.839 [DiscoveryClient-InstanceInfoReplicator-%d] INFO  c.netflix.discovery.DiscoveryClient - DiscoveryClient_AUTH-SERVICE/192.168.137.1:auth-service:8081: registering service...
2025-07-16 20:03:42.881 [main] INFO  o.s.b.w.e.tomcat.TomcatWebServer - Tomcat started on port 8081 (http) with context path '/'
2025-07-16 20:03:42.883 [main] INFO  o.s.c.n.e.s.EurekaAutoServiceRegistration - Updating port to 8081
2025-07-16 20:03:42.915 [DiscoveryClient-InstanceInfoReplicator-%d] INFO  c.netflix.discovery.DiscoveryClient - DiscoveryClient_AUTH-SERVICE/192.168.137.1:auth-service:8081 - registration status: 204
2025-07-16 20:03:43.072 [main] INFO  M.a.AuthServiceApplication - Started AuthServiceApplication in 6.955 seconds (process running for 7.787)
2025-07-16 20:03:49.035 [http-nio-8081-exec-1] INFO  o.a.c.c.C.[Tomcat].[localhost].[/] - Initializing Spring DispatcherServlet 'dispatcherServlet'
2025-07-16 20:03:49.036 [http-nio-8081-exec-1] INFO  o.s.web.servlet.DispatcherServlet - Initializing Servlet 'dispatcherServlet'
2025-07-16 20:03:49.037 [http-nio-8081-exec-1] INFO  o.s.web.servlet.DispatcherServlet - Completed initialization in 1 ms
2025-07-16 20:03:49.997 [http-nio-8081-exec-1] ERROR M.a.service.AuthServiceImpl - Login failed: 401 Unauthorized from POST http://localhost:8082/realms/myrealm/protocol/openid-connect/token
2025-07-16 20:03:49.998 [http-nio-8081-exec-1] ERROR M.a.controller.AuthController - Login error: Login failed: 401 Unauthorized from POST http://localhost:8082/realms/myrealm/protocol/openid-connect/token
2025-07-16 20:04:57.766 [main] INFO  M.a.AuthServiceApplication - Starting AuthServiceApplication using Java 17.0.15 with PID 7100 (E:\miosm\auth-service\build\classes\java\main started by admin in E:\miosm\auth-service)
2025-07-16 20:04:57.774 [main] INFO  M.a.AuthServiceApplication - No active profile set, falling back to 1 default profile: "default"
2025-07-16 20:04:59.605 [main] INFO  o.s.cloud.context.scope.GenericScope - BeanFactory id=b78c5eb6-8b88-3850-beab-29defd507459
2025-07-16 20:05:00.112 [main] INFO  o.s.b.w.e.tomcat.TomcatWebServer - Tomcat initialized with port 8081 (http)
2025-07-16 20:05:00.126 [main] INFO  o.a.coyote.http11.Http11NioProtocol - Initializing ProtocolHandler ["http-nio-8081"]
2025-07-16 20:05:00.129 [main] INFO  o.a.catalina.core.StandardService - Starting service [Tomcat]
2025-07-16 20:05:00.129 [main] INFO  o.a.catalina.core.StandardEngine - Starting Servlet engine: [Apache Tomcat/10.1.42]
2025-07-16 20:05:00.235 [main] INFO  o.a.c.c.C.[Tomcat].[localhost].[/] - Initializing Spring embedded WebApplicationContext
2025-07-16 20:05:00.237 [main] INFO  o.s.b.w.s.c.ServletWebServerApplicationContext - Root WebApplicationContext: initialization completed in 2369 ms
2025-07-16 20:05:01.099 [main] INFO  o.s.c.o.FeignClientFactoryBean - For 'user-service' URL not provided. Will try picking an instance via load-balancing.
2025-07-16 20:05:02.290 [main] INFO  o.s.c.n.e.c.DiscoveryClientOptionalArgsConfiguration - Eureka HTTP Client uses RestTemplate.
2025-07-16 20:05:02.441 [main] WARN  o.s.c.l.c.LoadBalancerCacheAutoConfiguration$LoadBalancerCaffeineWarnLogger - Spring Cloud LoadBalancer is currently working with the default cache. While this cache implementation is useful for development and tests, it's recommended to use Caffeine cache in production.You can switch to using Caffeine cache, by adding it and org.springframework.cache.caffeine.CaffeineCacheManager to the classpath.
2025-07-16 20:05:02.493 [main] INFO  o.s.c.n.eureka.InstanceInfoFactory - Setting initial instance status as: STARTING
2025-07-16 20:05:02.547 [main] INFO  c.netflix.discovery.DiscoveryClient - Initializing Eureka in region us-east-1
2025-07-16 20:05:02.555 [main] INFO  c.n.d.s.r.aws.ConfigClusterResolver - Resolving eureka endpoints via configuration
2025-07-16 20:05:02.572 [main] INFO  c.netflix.discovery.DiscoveryClient - Disable delta property : false
2025-07-16 20:05:02.572 [main] INFO  c.netflix.discovery.DiscoveryClient - Single vip registry refresh property : null
2025-07-16 20:05:02.572 [main] INFO  c.netflix.discovery.DiscoveryClient - Force full registry fetch : false
2025-07-16 20:05:02.572 [main] INFO  c.netflix.discovery.DiscoveryClient - Application is null : false
2025-07-16 20:05:02.572 [main] INFO  c.netflix.discovery.DiscoveryClient - Registered Applications size is zero : true
2025-07-16 20:05:02.573 [main] INFO  c.netflix.discovery.DiscoveryClient - Application version is -1: true
2025-07-16 20:05:02.573 [main] INFO  c.netflix.discovery.DiscoveryClient - Getting all instance registry info from the eureka server
2025-07-16 20:05:03.284 [main] INFO  c.netflix.discovery.DiscoveryClient - The response status is 200
2025-07-16 20:05:03.288 [main] INFO  c.netflix.discovery.DiscoveryClient - Starting heartbeat executor: renew interval is: 30
2025-07-16 20:05:03.293 [main] INFO  c.n.discovery.InstanceInfoReplicator - InstanceInfoReplicator onDemand update allowed rate per min is 4
2025-07-16 20:05:03.300 [main] INFO  c.netflix.discovery.DiscoveryClient - Discovery Client initialized at timestamp 1752689103298 with initial instances count: 3
2025-07-16 20:05:03.306 [main] INFO  o.s.c.n.e.s.EurekaServiceRegistry - Registering application AUTH-SERVICE with eureka with status UP
2025-07-16 20:05:03.307 [main] INFO  c.netflix.discovery.DiscoveryClient - Saw local status change event StatusChangeEvent [timestamp=1752689103307, current=UP, previous=STARTING]
2025-07-16 20:05:03.310 [main] INFO  o.a.coyote.http11.Http11NioProtocol - Starting ProtocolHandler ["http-nio-8081"]
2025-07-16 20:05:03.311 [DiscoveryClient-InstanceInfoReplicator-%d] INFO  c.netflix.discovery.DiscoveryClient - DiscoveryClient_AUTH-SERVICE/192.168.137.1:auth-service:8081: registering service...
2025-07-16 20:05:03.353 [main] INFO  o.s.b.w.e.tomcat.TomcatWebServer - Tomcat started on port 8081 (http) with context path '/'
2025-07-16 20:05:03.356 [main] INFO  o.s.c.n.e.s.EurekaAutoServiceRegistration - Updating port to 8081
2025-07-16 20:05:03.395 [DiscoveryClient-InstanceInfoReplicator-%d] INFO  c.netflix.discovery.DiscoveryClient - DiscoveryClient_AUTH-SERVICE/192.168.137.1:auth-service:8081 - registration status: 204
2025-07-16 20:05:03.578 [main] INFO  M.a.AuthServiceApplication - Started AuthServiceApplication in 6.976 seconds (process running for 7.943)
2025-07-16 20:05:07.097 [http-nio-8081-exec-1] INFO  o.a.c.c.C.[Tomcat].[localhost].[/] - Initializing Spring DispatcherServlet 'dispatcherServlet'
2025-07-16 20:05:07.097 [http-nio-8081-exec-1] INFO  o.s.web.servlet.DispatcherServlet - Initializing Servlet 'dispatcherServlet'
2025-07-16 20:05:07.099 [http-nio-8081-exec-1] INFO  o.s.web.servlet.DispatcherServlet - Completed initialization in 1 ms
2025-07-16 20:05:07.817 [http-nio-8081-exec-1] ERROR M.a.service.AuthServiceImpl - Login failed: 401 Unauthorized from POST http://localhost:8082/realms/myrealm/protocol/openid-connect/token
2025-07-16 20:05:07.818 [http-nio-8081-exec-1] ERROR M.a.controller.AuthController - Login error: Login failed: 401 Unauthorized from POST http://localhost:8082/realms/myrealm/protocol/openid-connect/token
2025-07-16 20:10:02.593 [AsyncResolver-bootstrap-executor-%d] INFO  c.n.d.s.r.aws.ConfigClusterResolver - Resolving eureka endpoints via configuration
2025-07-16 20:18:00.257 [main] INFO  M.a.AuthServiceApplication - Starting AuthServiceApplication using Java 17.0.15 with PID 16764 (E:\miosm\auth-service\build\classes\java\main started by admin in E:\miosm\auth-service)
2025-07-16 20:18:00.264 [main] INFO  M.a.AuthServiceApplication - No active profile set, falling back to 1 default profile: "default"
2025-07-16 20:18:02.172 [main] INFO  o.s.cloud.context.scope.GenericScope - BeanFactory id=b78c5eb6-8b88-3850-beab-29defd507459
2025-07-16 20:18:02.661 [main] INFO  o.s.b.w.e.tomcat.TomcatWebServer - Tomcat initialized with port 8081 (http)
2025-07-16 20:18:02.676 [main] INFO  o.a.coyote.http11.Http11NioProtocol - Initializing ProtocolHandler ["http-nio-8081"]
2025-07-16 20:18:02.679 [main] INFO  o.a.catalina.core.StandardService - Starting service [Tomcat]
2025-07-16 20:18:02.680 [main] INFO  o.a.catalina.core.StandardEngine - Starting Servlet engine: [Apache Tomcat/10.1.42]
2025-07-16 20:18:02.793 [main] INFO  o.a.c.c.C.[Tomcat].[localhost].[/] - Initializing Spring embedded WebApplicationContext
2025-07-16 20:18:02.795 [main] INFO  o.s.b.w.s.c.ServletWebServerApplicationContext - Root WebApplicationContext: initialization completed in 2446 ms
2025-07-16 20:18:03.734 [main] INFO  o.s.c.o.FeignClientFactoryBean - For 'user-service' URL not provided. Will try picking an instance via load-balancing.
2025-07-16 20:18:04.974 [main] INFO  o.s.c.n.e.c.DiscoveryClientOptionalArgsConfiguration - Eureka HTTP Client uses RestTemplate.
2025-07-16 20:18:05.127 [main] WARN  o.s.c.l.c.LoadBalancerCacheAutoConfiguration$LoadBalancerCaffeineWarnLogger - Spring Cloud LoadBalancer is currently working with the default cache. While this cache implementation is useful for development and tests, it's recommended to use Caffeine cache in production.You can switch to using Caffeine cache, by adding it and org.springframework.cache.caffeine.CaffeineCacheManager to the classpath.
2025-07-16 20:18:05.205 [main] INFO  o.s.c.n.eureka.InstanceInfoFactory - Setting initial instance status as: STARTING
2025-07-16 20:18:05.256 [main] INFO  c.netflix.discovery.DiscoveryClient - Initializing Eureka in region us-east-1
2025-07-16 20:18:05.264 [main] INFO  c.n.d.s.r.aws.ConfigClusterResolver - Resolving eureka endpoints via configuration
2025-07-16 20:18:05.282 [main] INFO  c.netflix.discovery.DiscoveryClient - Disable delta property : false
2025-07-16 20:18:05.282 [main] INFO  c.netflix.discovery.DiscoveryClient - Single vip registry refresh property : null
2025-07-16 20:18:05.282 [main] INFO  c.netflix.discovery.DiscoveryClient - Force full registry fetch : false
2025-07-16 20:18:05.282 [main] INFO  c.netflix.discovery.DiscoveryClient - Application is null : false
2025-07-16 20:18:05.282 [main] INFO  c.netflix.discovery.DiscoveryClient - Registered Applications size is zero : true
2025-07-16 20:18:05.282 [main] INFO  c.netflix.discovery.DiscoveryClient - Application version is -1: true
2025-07-16 20:18:05.283 [main] INFO  c.netflix.discovery.DiscoveryClient - Getting all instance registry info from the eureka server
2025-07-16 20:18:06.387 [main] INFO  c.netflix.discovery.DiscoveryClient - The response status is 200
2025-07-16 20:18:06.387 [main] INFO  c.netflix.discovery.DiscoveryClient - Starting heartbeat executor: renew interval is: 30
2025-07-16 20:18:06.424 [main] INFO  c.n.discovery.InstanceInfoReplicator - InstanceInfoReplicator onDemand update allowed rate per min is 4
2025-07-16 20:18:06.431 [main] INFO  c.netflix.discovery.DiscoveryClient - Discovery Client initialized at timestamp 1752689886427 with initial instances count: 2
2025-07-16 20:18:06.440 [main] INFO  o.s.c.n.e.s.EurekaServiceRegistry - Registering application AUTH-SERVICE with eureka with status UP
2025-07-16 20:18:06.442 [main] INFO  c.netflix.discovery.DiscoveryClient - Saw local status change event StatusChangeEvent [timestamp=1752689886442, current=UP, previous=STARTING]
2025-07-16 20:18:06.447 [main] INFO  o.a.coyote.http11.Http11NioProtocol - Starting ProtocolHandler ["http-nio-8081"]
2025-07-16 20:18:06.460 [DiscoveryClient-InstanceInfoReplicator-%d] INFO  c.netflix.discovery.DiscoveryClient - DiscoveryClient_AUTH-SERVICE/192.168.137.1:auth-service:8081: registering service...
2025-07-16 20:18:06.501 [main] INFO  o.s.b.w.e.tomcat.TomcatWebServer - Tomcat started on port 8081 (http) with context path '/'
2025-07-16 20:18:06.504 [main] INFO  o.s.c.n.e.s.EurekaAutoServiceRegistration - Updating port to 8081
2025-07-16 20:18:06.558 [DiscoveryClient-InstanceInfoReplicator-%d] INFO  c.netflix.discovery.DiscoveryClient - DiscoveryClient_AUTH-SERVICE/192.168.137.1:auth-service:8081 - registration status: 204
2025-07-16 20:18:06.683 [main] INFO  M.a.AuthServiceApplication - Started AuthServiceApplication in 8.412 seconds (process running for 9.607)
2025-07-16 20:18:15.919 [http-nio-8081-exec-2] INFO  o.a.c.c.C.[Tomcat].[localhost].[/] - Initializing Spring DispatcherServlet 'dispatcherServlet'
2025-07-16 20:18:15.920 [http-nio-8081-exec-2] INFO  o.s.web.servlet.DispatcherServlet - Initializing Servlet 'dispatcherServlet'
2025-07-16 20:18:15.922 [http-nio-8081-exec-2] INFO  o.s.web.servlet.DispatcherServlet - Completed initialization in 2 ms
2025-07-16 20:18:17.348 [http-nio-8081-exec-2] INFO  M.a.service.AuthServiceImpl - User test@example.com registered successfully with id 3c1407a5-ac3a-4d86-b040-7993497007a3
2025-07-16 20:18:31.227 [http-nio-8081-exec-6] INFO  M.a.service.AuthServiceImpl - Login attempt: clientId=myclient, username=null, password=123qwe
2025-07-16 20:18:31.227 [http-nio-8081-exec-6] ERROR M.a.service.AuthServiceImpl - Login failed: 401 Unauthorized from POST http://localhost:8082/realms/myrealm/protocol/openid-connect/token
2025-07-16 20:18:31.228 [http-nio-8081-exec-6] ERROR M.a.controller.AuthController - Login error: Login failed: 401 Unauthorized from POST http://localhost:8082/realms/myrealm/protocol/openid-connect/token
2025-07-16 20:19:01.110 [http-nio-8081-exec-4] INFO  M.a.service.AuthServiceImpl - Login attempt: clientId=myclient, username=null, password=123qwe
2025-07-16 20:19:01.111 [http-nio-8081-exec-4] ERROR M.a.service.AuthServiceImpl - Login failed: 401 Unauthorized from POST http://localhost:8082/realms/myrealm/protocol/openid-connect/token
2025-07-16 20:19:01.111 [http-nio-8081-exec-4] ERROR M.a.controller.AuthController - Login error: Login failed: 401 Unauthorized from POST http://localhost:8082/realms/myrealm/protocol/openid-connect/token
2025-07-16 20:20:31.087 [main] INFO  M.a.AuthServiceApplication - Starting AuthServiceApplication using Java 17.0.15 with PID 9972 (E:\miosm\auth-service\build\classes\java\main started by admin in E:\miosm\auth-service)
2025-07-16 20:20:31.093 [main] INFO  M.a.AuthServiceApplication - No active profile set, falling back to 1 default profile: "default"
2025-07-16 20:20:32.911 [main] INFO  o.s.cloud.context.scope.GenericScope - BeanFactory id=b78c5eb6-8b88-3850-beab-29defd507459
2025-07-16 20:20:33.379 [main] INFO  o.s.b.w.e.tomcat.TomcatWebServer - Tomcat initialized with port 8081 (http)
2025-07-16 20:20:33.395 [main] INFO  o.a.coyote.http11.Http11NioProtocol - Initializing ProtocolHandler ["http-nio-8081"]
2025-07-16 20:20:33.398 [main] INFO  o.a.catalina.core.StandardService - Starting service [Tomcat]
2025-07-16 20:20:33.398 [main] INFO  o.a.catalina.core.StandardEngine - Starting Servlet engine: [Apache Tomcat/10.1.42]
2025-07-16 20:20:33.507 [main] INFO  o.a.c.c.C.[Tomcat].[localhost].[/] - Initializing Spring embedded WebApplicationContext
2025-07-16 20:20:33.509 [main] INFO  o.s.b.w.s.c.ServletWebServerApplicationContext - Root WebApplicationContext: initialization completed in 2322 ms
2025-07-16 20:20:34.417 [main] INFO  o.s.c.o.FeignClientFactoryBean - For 'user-service' URL not provided. Will try picking an instance via load-balancing.
2025-07-16 20:20:35.703 [main] INFO  o.s.c.n.e.c.DiscoveryClientOptionalArgsConfiguration - Eureka HTTP Client uses RestTemplate.
2025-07-16 20:20:35.974 [main] WARN  o.s.c.l.c.LoadBalancerCacheAutoConfiguration$LoadBalancerCaffeineWarnLogger - Spring Cloud LoadBalancer is currently working with the default cache. While this cache implementation is useful for development and tests, it's recommended to use Caffeine cache in production.You can switch to using Caffeine cache, by adding it and org.springframework.cache.caffeine.CaffeineCacheManager to the classpath.
2025-07-16 20:20:36.054 [main] INFO  o.s.c.n.eureka.InstanceInfoFactory - Setting initial instance status as: STARTING
2025-07-16 20:20:36.101 [main] INFO  c.netflix.discovery.DiscoveryClient - Initializing Eureka in region us-east-1
2025-07-16 20:20:36.111 [main] INFO  c.n.d.s.r.aws.ConfigClusterResolver - Resolving eureka endpoints via configuration
2025-07-16 20:20:36.128 [main] INFO  c.netflix.discovery.DiscoveryClient - Disable delta property : false
2025-07-16 20:20:36.129 [main] INFO  c.netflix.discovery.DiscoveryClient - Single vip registry refresh property : null
2025-07-16 20:20:36.129 [main] INFO  c.netflix.discovery.DiscoveryClient - Force full registry fetch : false
2025-07-16 20:20:36.129 [main] INFO  c.netflix.discovery.DiscoveryClient - Application is null : false
2025-07-16 20:20:36.129 [main] INFO  c.netflix.discovery.DiscoveryClient - Registered Applications size is zero : true
2025-07-16 20:20:36.130 [main] INFO  c.netflix.discovery.DiscoveryClient - Application version is -1: true
2025-07-16 20:20:36.130 [main] INFO  c.netflix.discovery.DiscoveryClient - Getting all instance registry info from the eureka server
2025-07-16 20:20:36.861 [main] INFO  c.netflix.discovery.DiscoveryClient - The response status is 200
2025-07-16 20:20:36.864 [main] INFO  c.netflix.discovery.DiscoveryClient - Starting heartbeat executor: renew interval is: 30
2025-07-16 20:20:36.867 [main] INFO  c.n.discovery.InstanceInfoReplicator - InstanceInfoReplicator onDemand update allowed rate per min is 4
2025-07-16 20:20:36.871 [main] INFO  c.netflix.discovery.DiscoveryClient - Discovery Client initialized at timestamp 1752690036869 with initial instances count: 3
2025-07-16 20:20:36.876 [main] INFO  o.s.c.n.e.s.EurekaServiceRegistry - Registering application AUTH-SERVICE with eureka with status UP
2025-07-16 20:20:36.876 [main] INFO  c.netflix.discovery.DiscoveryClient - Saw local status change event StatusChangeEvent [timestamp=1752690036876, current=UP, previous=STARTING]
2025-07-16 20:20:36.878 [DiscoveryClient-InstanceInfoReplicator-%d] INFO  c.netflix.discovery.DiscoveryClient - DiscoveryClient_AUTH-SERVICE/192.168.137.1:auth-service:8081: registering service...
2025-07-16 20:20:36.878 [main] INFO  o.a.coyote.http11.Http11NioProtocol - Starting ProtocolHandler ["http-nio-8081"]
2025-07-16 20:20:36.908 [main] INFO  o.s.b.w.e.tomcat.TomcatWebServer - Tomcat started on port 8081 (http) with context path '/'
2025-07-16 20:20:36.910 [main] INFO  o.s.c.n.e.s.EurekaAutoServiceRegistration - Updating port to 8081
2025-07-16 20:20:36.941 [DiscoveryClient-InstanceInfoReplicator-%d] INFO  c.netflix.discovery.DiscoveryClient - DiscoveryClient_AUTH-SERVICE/192.168.137.1:auth-service:8081 - registration status: 204
2025-07-16 20:20:37.077 [main] INFO  M.a.AuthServiceApplication - Started AuthServiceApplication in 7.319 seconds (process running for 8.69)
2025-07-16 20:20:42.723 [http-nio-8081-exec-2] INFO  o.a.c.c.C.[Tomcat].[localhost].[/] - Initializing Spring DispatcherServlet 'dispatcherServlet'
2025-07-16 20:20:42.724 [http-nio-8081-exec-2] INFO  o.s.web.servlet.DispatcherServlet - Initializing Servlet 'dispatcherServlet'
2025-07-16 20:20:42.725 [http-nio-8081-exec-2] INFO  o.s.web.servlet.DispatcherServlet - Completed initialization in 1 ms
2025-07-16 20:20:43.293 [http-nio-8081-exec-2] INFO  M.a.service.AuthServiceImpl - Login attempt: clientId=myclient, username=null, password=123qwe
2025-07-16 20:20:43.294 [http-nio-8081-exec-2] ERROR M.a.service.AuthServiceImpl - Login failed: 401 Unauthorized from POST http://localhost:8082/realms/myrealm/protocol/openid-connect/token
2025-07-16 20:20:43.294 [http-nio-8081-exec-2] ERROR M.a.controller.AuthController - Login error: Login failed: 401 Unauthorized from POST http://localhost:8082/realms/myrealm/protocol/openid-connect/token
2025-07-16 20:23:04.237 [http-nio-8081-exec-5] INFO  M.a.service.AuthServiceImpl - Login attempt: clientId=myclient, username=testuser, password=123qwe
2025-07-16 20:23:04.237 [http-nio-8081-exec-5] ERROR M.a.service.AuthServiceImpl - Login failed: 400 Bad Request from POST http://localhost:8082/realms/myrealm/protocol/openid-connect/token
2025-07-16 20:23:04.237 [http-nio-8081-exec-5] ERROR M.a.controller.AuthController - Login error: Login failed: 400 Bad Request from POST http://localhost:8082/realms/myrealm/protocol/openid-connect/token
2025-07-16 20:23:18.479 [http-nio-8081-exec-6] ERROR M.a.service.AuthServiceImpl - Error registering user: 409 Conflict from POST http://localhost:8082/admin/realms/myrealm/users
2025-07-16 20:23:42.152 [http-nio-8081-exec-8] INFO  M.a.service.AuthServiceImpl - Login attempt: clientId=myclient, username=testuser, password=123qwe
2025-07-16 20:23:42.152 [http-nio-8081-exec-8] ERROR M.a.service.AuthServiceImpl - Login failed: 400 Bad Request from POST http://localhost:8082/realms/myrealm/protocol/openid-connect/token
2025-07-16 20:23:42.153 [http-nio-8081-exec-8] ERROR M.a.controller.AuthController - Login error: Login failed: 400 Bad Request from POST http://localhost:8082/realms/myrealm/protocol/openid-connect/token
2025-07-16 20:25:36.144 [AsyncResolver-bootstrap-executor-%d] INFO  c.n.d.s.r.aws.ConfigClusterResolver - Resolving eureka endpoints via configuration
2025-07-16 20:28:15.872 [main] INFO  M.a.AuthServiceApplication - Starting AuthServiceApplication using Java 17.0.15 with PID 21024 (E:\miosm\auth-service\build\classes\java\main started by admin in E:\miosm\auth-service)
2025-07-16 20:28:15.876 [main] INFO  M.a.AuthServiceApplication - No active profile set, falling back to 1 default profile: "default"
2025-07-16 20:28:17.795 [main] INFO  o.s.cloud.context.scope.GenericScope - BeanFactory id=b78c5eb6-8b88-3850-beab-29defd507459
2025-07-16 20:28:18.283 [main] INFO  o.s.b.w.e.tomcat.TomcatWebServer - Tomcat initialized with port 8081 (http)
2025-07-16 20:28:18.297 [main] INFO  o.a.coyote.http11.Http11NioProtocol - Initializing ProtocolHandler ["http-nio-8081"]
2025-07-16 20:28:18.300 [main] INFO  o.a.catalina.core.StandardService - Starting service [Tomcat]
2025-07-16 20:28:18.300 [main] INFO  o.a.catalina.core.StandardEngine - Starting Servlet engine: [Apache Tomcat/10.1.42]
2025-07-16 20:28:18.408 [main] INFO  o.a.c.c.C.[Tomcat].[localhost].[/] - Initializing Spring embedded WebApplicationContext
2025-07-16 20:28:18.409 [main] INFO  o.s.b.w.s.c.ServletWebServerApplicationContext - Root WebApplicationContext: initialization completed in 2442 ms
2025-07-16 20:28:19.326 [main] INFO  o.s.c.o.FeignClientFactoryBean - For 'user-service' URL not provided. Will try picking an instance via load-balancing.
2025-07-16 20:28:20.553 [main] INFO  o.s.c.n.e.c.DiscoveryClientOptionalArgsConfiguration - Eureka HTTP Client uses RestTemplate.
2025-07-16 20:28:20.678 [main] WARN  o.s.c.l.c.LoadBalancerCacheAutoConfiguration$LoadBalancerCaffeineWarnLogger - Spring Cloud LoadBalancer is currently working with the default cache. While this cache implementation is useful for development and tests, it's recommended to use Caffeine cache in production.You can switch to using Caffeine cache, by adding it and org.springframework.cache.caffeine.CaffeineCacheManager to the classpath.
2025-07-16 20:28:20.734 [main] INFO  o.s.c.n.eureka.InstanceInfoFactory - Setting initial instance status as: STARTING
2025-07-16 20:28:20.779 [main] INFO  c.netflix.discovery.DiscoveryClient - Initializing Eureka in region us-east-1
2025-07-16 20:28:20.789 [main] INFO  c.n.d.s.r.aws.ConfigClusterResolver - Resolving eureka endpoints via configuration
2025-07-16 20:28:20.807 [main] INFO  c.netflix.discovery.DiscoveryClient - Disable delta property : false
2025-07-16 20:28:20.808 [main] INFO  c.netflix.discovery.DiscoveryClient - Single vip registry refresh property : null
2025-07-16 20:28:20.808 [main] INFO  c.netflix.discovery.DiscoveryClient - Force full registry fetch : false
2025-07-16 20:28:20.808 [main] INFO  c.netflix.discovery.DiscoveryClient - Application is null : false
2025-07-16 20:28:20.808 [main] INFO  c.netflix.discovery.DiscoveryClient - Registered Applications size is zero : true
2025-07-16 20:28:20.808 [main] INFO  c.netflix.discovery.DiscoveryClient - Application version is -1: true
2025-07-16 20:28:20.808 [main] INFO  c.netflix.discovery.DiscoveryClient - Getting all instance registry info from the eureka server
2025-07-16 20:28:21.493 [main] INFO  c.netflix.discovery.DiscoveryClient - The response status is 200
2025-07-16 20:28:21.497 [main] INFO  c.netflix.discovery.DiscoveryClient - Starting heartbeat executor: renew interval is: 30
2025-07-16 20:28:21.501 [main] INFO  c.n.discovery.InstanceInfoReplicator - InstanceInfoReplicator onDemand update allowed rate per min is 4
2025-07-16 20:28:21.504 [main] INFO  c.netflix.discovery.DiscoveryClient - Discovery Client initialized at timestamp 1752690501502 with initial instances count: 3
2025-07-16 20:28:21.510 [main] INFO  o.s.c.n.e.s.EurekaServiceRegistry - Registering application AUTH-SERVICE with eureka with status UP
2025-07-16 20:28:21.511 [main] INFO  c.netflix.discovery.DiscoveryClient - Saw local status change event StatusChangeEvent [timestamp=1752690501511, current=UP, previous=STARTING]
2025-07-16 20:28:21.514 [DiscoveryClient-InstanceInfoReplicator-%d] INFO  c.netflix.discovery.DiscoveryClient - DiscoveryClient_AUTH-SERVICE/192.168.137.1:auth-service:8081: registering service...
2025-07-16 20:28:21.514 [main] INFO  o.a.coyote.http11.Http11NioProtocol - Starting ProtocolHandler ["http-nio-8081"]
2025-07-16 20:28:21.553 [main] INFO  o.s.b.w.e.tomcat.TomcatWebServer - Tomcat started on port 8081 (http) with context path '/'
2025-07-16 20:28:21.556 [main] INFO  o.s.c.n.e.s.EurekaAutoServiceRegistration - Updating port to 8081
2025-07-16 20:28:21.586 [DiscoveryClient-InstanceInfoReplicator-%d] INFO  c.netflix.discovery.DiscoveryClient - DiscoveryClient_AUTH-SERVICE/192.168.137.1:auth-service:8081 - registration status: 204
2025-07-16 20:28:21.738 [main] INFO  M.a.AuthServiceApplication - Started AuthServiceApplication in 7.005 seconds (process running for 7.881)
2025-07-16 20:28:44.814 [http-nio-8081-exec-2] INFO  o.a.c.c.C.[Tomcat].[localhost].[/] - Initializing Spring DispatcherServlet 'dispatcherServlet'
2025-07-16 20:28:44.814 [http-nio-8081-exec-2] INFO  o.s.web.servlet.DispatcherServlet - Initializing Servlet 'dispatcherServlet'
2025-07-16 20:28:44.816 [http-nio-8081-exec-2] INFO  o.s.web.servlet.DispatcherServlet - Completed initialization in 1 ms
2025-07-16 20:28:46.234 [http-nio-8081-exec-2] INFO  M.a.service.AuthServiceImpl - User test@example.com registered successfully with id b449a5b2-3a80-4e13-ad1f-8c58811521c6
2025-07-16 20:30:27.889 [main] INFO  M.a.AuthServiceApplication - Starting AuthServiceApplication using Java 17.0.15 with PID 5940 (E:\miosm\auth-service\build\classes\java\main started by admin in E:\miosm\auth-service)
2025-07-16 20:30:27.896 [main] INFO  M.a.AuthServiceApplication - No active profile set, falling back to 1 default profile: "default"
2025-07-16 20:30:29.776 [main] INFO  o.s.cloud.context.scope.GenericScope - BeanFactory id=b78c5eb6-8b88-3850-beab-29defd507459
2025-07-16 20:30:30.320 [main] INFO  o.s.b.w.e.tomcat.TomcatWebServer - Tomcat initialized with port 8081 (http)
2025-07-16 20:30:30.333 [main] INFO  o.a.coyote.http11.Http11NioProtocol - Initializing ProtocolHandler ["http-nio-8081"]
2025-07-16 20:30:30.337 [main] INFO  o.a.catalina.core.StandardService - Starting service [Tomcat]
2025-07-16 20:30:30.337 [main] INFO  o.a.catalina.core.StandardEngine - Starting Servlet engine: [Apache Tomcat/10.1.42]
2025-07-16 20:30:30.446 [main] INFO  o.a.c.c.C.[Tomcat].[localhost].[/] - Initializing Spring embedded WebApplicationContext
2025-07-16 20:30:30.449 [main] INFO  o.s.b.w.s.c.ServletWebServerApplicationContext - Root WebApplicationContext: initialization completed in 2462 ms
2025-07-16 20:30:31.434 [main] INFO  o.s.c.o.FeignClientFactoryBean - For 'user-service' URL not provided. Will try picking an instance via load-balancing.
2025-07-16 20:30:32.611 [main] INFO  o.s.c.n.e.c.DiscoveryClientOptionalArgsConfiguration - Eureka HTTP Client uses RestTemplate.
2025-07-16 20:30:32.770 [main] WARN  o.s.c.l.c.LoadBalancerCacheAutoConfiguration$LoadBalancerCaffeineWarnLogger - Spring Cloud LoadBalancer is currently working with the default cache. While this cache implementation is useful for development and tests, it's recommended to use Caffeine cache in production.You can switch to using Caffeine cache, by adding it and org.springframework.cache.caffeine.CaffeineCacheManager to the classpath.
2025-07-16 20:30:32.830 [main] INFO  o.s.c.n.eureka.InstanceInfoFactory - Setting initial instance status as: STARTING
2025-07-16 20:30:32.869 [main] INFO  c.netflix.discovery.DiscoveryClient - Initializing Eureka in region us-east-1
2025-07-16 20:30:32.880 [main] INFO  c.n.d.s.r.aws.ConfigClusterResolver - Resolving eureka endpoints via configuration
2025-07-16 20:30:32.895 [main] INFO  c.netflix.discovery.DiscoveryClient - Disable delta property : false
2025-07-16 20:30:32.895 [main] INFO  c.netflix.discovery.DiscoveryClient - Single vip registry refresh property : null
2025-07-16 20:30:32.896 [main] INFO  c.netflix.discovery.DiscoveryClient - Force full registry fetch : false
2025-07-16 20:30:32.896 [main] INFO  c.netflix.discovery.DiscoveryClient - Application is null : false
2025-07-16 20:30:32.896 [main] INFO  c.netflix.discovery.DiscoveryClient - Registered Applications size is zero : true
2025-07-16 20:30:32.896 [main] INFO  c.netflix.discovery.DiscoveryClient - Application version is -1: true
2025-07-16 20:30:32.896 [main] INFO  c.netflix.discovery.DiscoveryClient - Getting all instance registry info from the eureka server
2025-07-16 20:30:33.582 [main] INFO  c.netflix.discovery.DiscoveryClient - The response status is 200
2025-07-16 20:30:33.586 [main] INFO  c.netflix.discovery.DiscoveryClient - Starting heartbeat executor: renew interval is: 30
2025-07-16 20:30:33.589 [main] INFO  c.n.discovery.InstanceInfoReplicator - InstanceInfoReplicator onDemand update allowed rate per min is 4
2025-07-16 20:30:33.592 [main] INFO  c.netflix.discovery.DiscoveryClient - Discovery Client initialized at timestamp 1752690633591 with initial instances count: 3
2025-07-16 20:30:33.599 [main] INFO  o.s.c.n.e.s.EurekaServiceRegistry - Registering application AUTH-SERVICE with eureka with status UP
2025-07-16 20:30:33.600 [main] INFO  c.netflix.discovery.DiscoveryClient - Saw local status change event StatusChangeEvent [timestamp=1752690633600, current=UP, previous=STARTING]
2025-07-16 20:30:33.602 [main] INFO  o.a.coyote.http11.Http11NioProtocol - Starting ProtocolHandler ["http-nio-8081"]
2025-07-16 20:30:33.603 [DiscoveryClient-InstanceInfoReplicator-%d] INFO  c.netflix.discovery.DiscoveryClient - DiscoveryClient_AUTH-SERVICE/192.168.137.1:auth-service:8081: registering service...
2025-07-16 20:30:33.636 [main] INFO  o.s.b.w.e.tomcat.TomcatWebServer - Tomcat started on port 8081 (http) with context path '/'
2025-07-16 20:30:33.639 [main] INFO  o.s.c.n.e.s.EurekaAutoServiceRegistration - Updating port to 8081
2025-07-16 20:30:33.687 [DiscoveryClient-InstanceInfoReplicator-%d] INFO  c.netflix.discovery.DiscoveryClient - DiscoveryClient_AUTH-SERVICE/192.168.137.1:auth-service:8081 - registration status: 204
2025-07-16 20:30:33.827 [main] INFO  M.a.AuthServiceApplication - Started AuthServiceApplication in 7.071 seconds (process running for 8.169)
2025-07-16 20:30:54.035 [http-nio-8081-exec-2] INFO  o.a.c.c.C.[Tomcat].[localhost].[/] - Initializing Spring DispatcherServlet 'dispatcherServlet'
2025-07-16 20:30:54.035 [http-nio-8081-exec-2] INFO  o.s.web.servlet.DispatcherServlet - Initializing Servlet 'dispatcherServlet'
2025-07-16 20:30:54.037 [http-nio-8081-exec-2] INFO  o.s.web.servlet.DispatcherServlet - Completed initialization in 0 ms
2025-07-16 20:30:54.102 [http-nio-8081-exec-2] INFO  M.a.service.AuthServiceImpl - Login attempt: clientId=myclient, username=test@example.com, password=123qwe
2025-07-16 20:35:32.913 [AsyncResolver-bootstrap-executor-%d] INFO  c.n.d.s.r.aws.ConfigClusterResolver - Resolving eureka endpoints via configuration
2025-07-16 20:37:29.573 [http-nio-8081-exec-3] INFO  M.a.service.AuthServiceImpl - Login attempt: clientId=myclient, username=test@example.com, password=123qwe
